# Blender 4.4.1
# www.blender.org
mtllib player.mtl
o 球
v -0.042183 0.339314 -0.215714
v -0.064488 0.225903 -0.322555
v -0.076560 0.077725 -0.380377
v -0.078113 -0.002468 -0.387818
v -0.076560 -0.082662 -0.380377
v -0.064488 -0.230840 -0.322555
v 0.005988 0.400691 -0.078576
v 0.009118 0.377300 -0.153584
v 0.012002 0.339314 -0.222712
v 0.014530 0.288193 -0.283303
v 0.016605 0.225903 -0.333028
v 0.018147 0.154837 -0.369978
v 0.019096 0.077725 -0.392731
v 0.019417 -0.002468 -0.400414
v 0.019096 -0.082662 -0.392731
v 0.018147 -0.159773 -0.369978
v 0.016605 -0.230840 -0.333028
v 0.014530 -0.293130 -0.283303
v 0.012002 -0.344251 -0.222712
v 0.009118 -0.382236 -0.153584
v 0.005988 -0.405628 -0.078576
v 0.024890 0.400691 -0.078036
v 0.046195 0.377300 -0.152524
v 0.065831 0.339314 -0.221173
v 0.083041 0.288193 -0.281344
v 0.097165 0.225903 -0.330725
v 0.107660 0.154837 -0.367419
v 0.114123 0.077725 -0.390015
v 0.116306 -0.002468 -0.397645
v 0.114123 -0.082662 -0.390015
v 0.107660 -0.159773 -0.367419
v 0.097165 -0.230840 -0.330725
v 0.083041 -0.293130 -0.281344
v 0.065831 -0.344251 -0.221173
v 0.046195 -0.382236 -0.152524
v 0.024890 -0.405628 -0.078036
v 0.042941 0.400691 -0.074519
v 0.081603 0.377300 -0.145625
v 0.117234 0.339314 -0.211157
v 0.148466 0.288193 -0.268596
v 0.174096 0.225903 -0.315735
v 0.193142 0.154837 -0.350763
v 0.204870 0.077725 -0.372333
v 0.208830 -0.002468 -0.379616
v 0.204870 -0.082662 -0.372333
v 0.193142 -0.159773 -0.350763
v 0.174096 -0.230840 -0.315735
v 0.148466 -0.293130 -0.268596
v 0.117234 -0.344251 -0.211157
v 0.081603 -0.382236 -0.145625
v 0.042941 -0.405628 -0.074519
v 0.059446 0.400691 -0.068160
v 0.113980 0.377300 -0.133151
v 0.164238 0.339314 -0.193048
v 0.208290 0.288193 -0.245548
v 0.244442 0.225903 -0.288633
v 0.271306 0.154837 -0.320649
v 0.287848 0.077725 -0.340364
v 0.293434 -0.002468 -0.347021
v 0.287848 -0.082662 -0.340364
v 0.271306 -0.159773 -0.320649
v 0.244442 -0.230840 -0.288633
v 0.208290 -0.293130 -0.245548
v 0.164238 -0.344251 -0.193048
v 0.113980 -0.382236 -0.133151
v 0.059446 -0.405628 -0.068160
v 0.073772 0.400691 -0.059203
v 0.142081 0.377300 -0.115583
v 0.205035 0.339314 -0.167542
v 0.260214 0.288193 -0.213085
v 0.305499 0.225903 -0.250461
v 0.339149 0.154837 -0.278234
v 0.359870 0.077725 -0.295337
v 0.366867 -0.002468 -0.301111
v 0.359870 -0.082662 -0.295337
v 0.339149 -0.159773 -0.278234
v 0.305499 -0.230840 -0.250461
v 0.260214 -0.293130 -0.213085
v 0.205035 -0.344251 -0.167542
v 0.142081 -0.382236 -0.115583
v 0.073772 -0.405628 -0.059203
v 0.002733 0.408589 -0.000571
v 0.085368 0.400691 -0.047994
v 0.164827 0.377300 -0.093594
v 0.238058 0.339314 -0.135620
v 0.302244 0.288193 -0.172456
v 0.354921 0.225903 -0.202686
v 0.394063 0.154837 -0.225149
v 0.418167 0.077725 -0.238982
v 0.426306 -0.002468 -0.243653
v 0.418167 -0.082662 -0.238982
v 0.394063 -0.159773 -0.225149
v 0.354921 -0.230840 -0.202686
v 0.302244 -0.293130 -0.172456
v 0.238058 -0.344251 -0.135620
v 0.164827 -0.382236 -0.093594
v 0.085368 -0.405628 -0.047994
v 0.093788 0.400691 -0.034962
v 0.181345 0.377300 -0.068031
v 0.262037 0.339314 -0.098508
v 0.332764 0.288193 -0.125221
v 0.390808 0.225903 -0.147144
v 0.433939 0.154837 -0.163434
v 0.460499 0.077725 -0.173465
v 0.469467 -0.002468 -0.176853
v 0.460499 -0.082662 -0.173465
v 0.433939 -0.159773 -0.163434
v 0.390808 -0.230840 -0.147144
v 0.332764 -0.293130 -0.125221
v 0.262037 -0.344251 -0.098508
v 0.181345 -0.382236 -0.068031
v 0.093788 -0.405628 -0.034962
v 0.098710 0.400691 -0.020608
v 0.190998 0.377300 -0.039875
v 0.276051 0.339314 -0.057632
v 0.350601 0.288193 -0.073196
v 0.411782 0.225903 -0.085969
v 0.457244 0.154837 -0.095460
v 0.485240 0.077725 -0.101304
v 0.494692 -0.002468 -0.103278
v 0.485240 -0.082662 -0.101304
v 0.457244 -0.159773 -0.095460
v 0.411782 -0.230840 -0.085969
v 0.350601 -0.293130 -0.073196
v 0.276051 -0.344251 -0.057632
v 0.190998 -0.382236 -0.039875
v 0.098710 -0.405628 -0.020608
v 0.099942 0.400691 -0.005484
v 0.193416 0.377300 -0.010209
v 0.279562 0.339314 -0.014563
v 0.355069 0.288193 -0.018380
v 0.417037 0.225903 -0.021512
v 0.463083 0.154837 -0.023839
v 0.491438 0.077725 -0.025272
v 0.501012 -0.002468 -0.025756
v 0.491438 -0.082662 -0.025272
v 0.463083 -0.159773 -0.023839
v 0.417037 -0.230840 -0.021512
v 0.355069 -0.293130 -0.018380
v 0.279562 -0.344251 -0.014563
v 0.193416 -0.382236 -0.010209
v 0.099942 -0.405628 -0.005484
v 0.097440 0.400691 0.009828
v 0.188507 0.377300 0.019828
v 0.272435 0.339314 0.029043
v 0.345998 0.288193 0.037121
v 0.406370 0.225903 0.043750
v 0.451230 0.154837 0.048676
v 0.478855 0.077725 0.051709
v 0.488183 -0.002468 0.052733
v 0.478855 -0.082662 0.051709
v 0.451230 -0.159773 0.048676
v 0.406370 -0.230840 0.043750
v 0.345998 -0.293130 0.037121
v 0.272435 -0.344251 0.029043
v 0.188507 -0.382236 0.019828
v 0.097440 -0.405628 0.009828
v 0.091297 0.400691 0.024741
v 0.176458 0.377300 0.049081
v 0.254943 0.339314 0.071512
v 0.323735 0.288193 0.091173
v 0.380191 0.225903 0.107308
v 0.422142 0.154837 0.119298
v 0.447975 0.077725 0.126681
v 0.456698 -0.002468 0.129174
v 0.447975 -0.082662 0.126681
v 0.422142 -0.159773 0.119298
v 0.380191 -0.230840 0.107308
v 0.323735 -0.293130 0.091173
v 0.254943 -0.344251 0.071512
v 0.176458 -0.382236 0.049081
v 0.091297 -0.405628 0.024741
v 0.081751 0.400691 0.038682
v 0.157733 0.377300 0.076425
v 0.227758 0.339314 0.111210
v 0.289136 0.288193 0.141699
v 0.339507 0.225903 0.166721
v 0.376936 0.154837 0.185314
v 0.399985 0.077725 0.196763
v 0.407768 -0.002468 0.200629
v 0.399985 -0.082662 0.196763
v 0.376936 -0.159773 0.185314
v 0.339507 -0.230840 0.166721
v 0.289136 -0.293130 0.141699
v 0.227758 -0.344251 0.111210
v 0.157733 -0.382236 0.076425
v 0.081751 -0.405628 0.038682
v 0.069169 0.400691 0.051113
v 0.133052 0.377300 0.100811
v 0.191927 0.339314 0.146613
v 0.243531 0.288193 0.186758
v 0.285881 0.225903 0.219705
v 0.317350 0.154837 0.244186
v 0.336729 0.077725 0.259262
v 0.343272 -0.002468 0.264352
v 0.336729 -0.082662 0.259262
v 0.317350 -0.159773 0.244186
v 0.285881 -0.230840 0.219705
v 0.243531 -0.293130 0.186758
v 0.191927 -0.344251 0.146613
v 0.133052 -0.382236 0.100811
v 0.069169 -0.405628 0.051113
v 0.054033 0.400691 0.061559
v 0.103362 0.377300 0.121301
v 0.148824 0.339314 0.176359
v 0.188672 0.288193 0.224618
v 0.221374 0.225903 0.264223
v 0.245674 0.154837 0.293653
v 0.260637 0.077725 0.311775
v 0.265690 -0.002468 0.317894
v 0.260637 -0.082662 0.311775
v 0.245674 -0.159773 0.293653
v 0.221374 -0.230840 0.264223
v 0.188672 -0.293130 0.224618
v 0.148824 -0.344251 0.176359
v 0.103362 -0.382236 0.121301
v 0.054033 -0.405628 0.061559
v 0.036926 0.400691 0.069617
v 0.069806 0.377300 0.137107
v 0.100107 0.339314 0.199306
v 0.126667 0.288193 0.253824
v 0.148464 0.225903 0.298566
v 0.164661 0.154837 0.331812
v 0.174635 0.077725 0.352285
v 0.178002 -0.002468 0.359198
v 0.174635 -0.082662 0.352285
v 0.164661 -0.159773 0.331812
v 0.148464 -0.230840 0.298566
v 0.126667 -0.293130 0.253824
v 0.100107 -0.344251 0.199306
v 0.069806 -0.382236 0.137107
v 0.036926 -0.405628 0.069617
v 0.018505 0.400691 0.074978
v 0.033672 0.377300 0.147622
v 0.047649 0.339314 0.214572
v 0.059900 0.288193 0.273254
v 0.069954 0.225903 0.321413
v 0.077425 0.154837 0.357199
v 0.082026 0.077725 0.379235
v 0.083579 -0.002468 0.386676
v 0.082026 -0.082662 0.379235
v 0.077425 -0.159773 0.357199
v 0.069954 -0.230840 0.321413
v 0.059900 -0.293130 0.273254
v 0.047649 -0.344251 0.214572
v 0.033672 -0.382236 0.147622
v 0.018505 -0.405628 0.074978
v -0.000522 0.400691 0.077435
v -0.003651 0.377300 0.152443
v -0.006536 0.339314 0.221570
v -0.009064 0.288193 0.282161
v -0.011139 0.225903 0.331887
v -0.012681 0.154837 0.368836
v -0.013630 0.077725 0.391590
v -0.013951 -0.002468 0.399273
v -0.013630 -0.082662 0.391590
v -0.012681 -0.159773 0.368836
v -0.011139 -0.230840 0.331887
v -0.009064 -0.293130 0.282161
v -0.006536 -0.344251 0.221570
v -0.003651 -0.382236 0.152443
v -0.000522 -0.405628 0.077435
v -0.019424 0.400691 0.076895
v -0.040729 0.377300 0.151383
v -0.060364 0.339314 0.220032
v -0.077575 0.288193 0.280203
v -0.091699 0.225903 0.329584
v -0.102194 0.154837 0.366278
v -0.108657 0.077725 0.388874
v -0.110839 -0.002468 0.396503
v -0.108657 -0.082662 0.388874
v -0.102194 -0.159773 0.366278
v -0.091699 -0.230840 0.329584
v -0.077575 -0.293130 0.280203
v -0.060364 -0.344251 0.220032
v -0.040729 -0.382236 0.151383
v -0.019424 -0.405628 0.076895
v -0.037474 0.400691 0.073377
v -0.076137 0.377300 0.144484
v -0.111768 0.339314 0.210016
v -0.142999 0.288193 0.267455
v -0.168630 0.225903 0.314594
v -0.187675 0.154837 0.349621
v -0.199404 0.077725 0.371191
v -0.203364 -0.002468 0.378474
v -0.199404 -0.082662 0.371191
v -0.187675 -0.159773 0.349621
v -0.168630 -0.230840 0.314594
v -0.142999 -0.293130 0.267455
v -0.111768 -0.344251 0.210016
v -0.076137 -0.382236 0.144484
v -0.037474 -0.405628 0.073377
v -0.053980 0.400691 0.067018
v -0.108513 0.377300 0.132010
v -0.158772 0.339314 0.191907
v -0.202823 0.288193 0.244407
v -0.238976 0.225903 0.287492
v -0.265839 0.154837 0.319507
v -0.282382 0.077725 0.339222
v -0.287968 -0.002468 0.345879
v -0.282382 -0.082662 0.339222
v -0.265839 -0.159773 0.319507
v -0.238976 -0.230840 0.287492
v -0.202823 -0.293130 0.244407
v -0.158772 -0.344251 0.191907
v -0.108513 -0.382236 0.132010
v -0.053980 -0.405628 0.067018
v 0.002733 -0.413526 -0.000571
v -0.068306 0.400691 0.058062
v -0.136615 0.377300 0.114441
v -0.199569 0.339314 0.166401
v -0.254748 0.288193 0.211944
v -0.300033 0.225903 0.249320
v -0.333682 0.154837 0.277093
v -0.354404 0.077725 0.294195
v -0.361400 -0.002468 0.299970
v -0.354404 -0.082662 0.294195
v -0.333682 -0.159773 0.277093
v -0.300033 -0.230840 0.249320
v -0.254748 -0.293130 0.211944
v -0.199569 -0.344251 0.166401
v -0.136615 -0.382236 0.114441
v -0.068306 -0.405628 0.058062
v -0.079902 0.400691 0.046852
v -0.159361 0.377300 0.092453
v -0.232591 0.339314 0.134479
v -0.296778 0.288193 0.171314
v -0.349455 0.225903 0.201545
v -0.388597 0.154837 0.224008
v -0.412701 0.077725 0.237841
v -0.420839 -0.002468 0.242511
v -0.412701 -0.082662 0.237841
v -0.388597 -0.159773 0.224008
v -0.349455 -0.230840 0.201545
v -0.296778 -0.293130 0.171314
v -0.232591 -0.344251 0.134479
v -0.159361 -0.382236 0.092453
v -0.079902 -0.405628 0.046852
v -0.088322 0.400691 0.033820
v -0.175878 0.377300 0.066890
v -0.256570 0.339314 0.097366
v -0.327298 0.288193 0.124080
v -0.385342 0.225903 0.146002
v -0.428473 0.154837 0.162293
v -0.455033 0.077725 0.172324
v -0.464001 -0.002468 0.175711
v -0.455033 -0.082662 0.172324
v -0.428473 -0.159773 0.162293
v -0.385342 -0.230840 0.146002
v -0.327298 -0.293130 0.124080
v -0.256570 -0.344251 0.097366
v -0.175878 -0.382236 0.066890
v -0.088322 -0.405628 0.033820
v -0.093243 0.400691 0.019467
v -0.185532 0.377300 0.038734
v -0.270585 0.339314 0.056490
v -0.345135 0.288193 0.072054
v -0.406316 0.225903 0.084827
v -0.451778 0.154837 0.094319
v -0.479773 0.077725 0.100163
v -0.489226 -0.002468 0.102137
v -0.479773 -0.082662 0.100163
v -0.451778 -0.159773 0.094319
v -0.406316 -0.230840 0.084827
v -0.345135 -0.293130 0.072054
v -0.270585 -0.344251 0.056490
v -0.185532 -0.382236 0.038734
v -0.093243 -0.405628 0.019467
v -0.094476 0.400691 0.004343
v -0.187950 0.377300 0.009068
v -0.274096 0.339314 0.013422
v -0.349603 0.288193 0.017238
v -0.411571 0.225903 0.020371
v -0.457616 0.154837 0.022698
v -0.485971 0.077725 0.024131
v -0.495545 -0.002468 0.024615
v -0.485971 -0.082662 0.024131
v -0.457616 -0.159773 0.022698
v -0.411571 -0.230840 0.020371
v -0.349603 -0.293130 0.017238
v -0.274096 -0.344251 0.013422
v -0.187950 -0.382236 0.009068
v -0.094476 -0.405628 0.004343
v -0.091973 0.400691 -0.010970
v -0.183040 0.377300 -0.020969
v -0.266968 0.339314 -0.030185
v -0.340532 0.288193 -0.038262
v -0.400903 0.225903 -0.044891
v -0.445764 0.154837 -0.049817
v -0.473389 0.077725 -0.052850
v -0.482716 -0.002468 -0.053874
v -0.473389 -0.082662 -0.052850
v -0.445764 -0.159773 -0.049817
v -0.400903 -0.230840 -0.044891
v -0.340532 -0.293130 -0.038262
v -0.266968 -0.344251 -0.030185
v -0.183040 -0.382236 -0.020969
v -0.091973 -0.405628 -0.010970
v -0.085831 0.400691 -0.025883
v -0.170992 0.377300 -0.050222
v -0.249476 0.339314 -0.072653
v -0.318269 0.288193 -0.092314
v -0.374725 0.225903 -0.108449
v -0.416676 0.154837 -0.120439
v -0.442509 0.077725 -0.127822
v -0.451232 -0.002468 -0.130315
v -0.442509 -0.082662 -0.127822
v -0.416676 -0.159773 -0.120439
v -0.374725 -0.230840 -0.108449
v -0.318269 -0.293130 -0.092314
v -0.249476 -0.344251 -0.072653
v -0.170992 -0.382236 -0.050222
v -0.085831 -0.405628 -0.025883
v -0.076285 0.400691 -0.039823
v -0.152267 0.377300 -0.077566
v -0.222292 0.339314 -0.112351
v -0.283670 0.288193 -0.142840
v -0.334041 0.225903 -0.167862
v -0.371470 0.154837 -0.186455
v -0.394519 0.077725 -0.197904
v -0.402301 -0.002468 -0.201770
v -0.394519 -0.082662 -0.197904
v -0.371470 -0.159773 -0.186455
v -0.334041 -0.230840 -0.167862
v -0.283670 -0.293130 -0.142840
v -0.222292 -0.344251 -0.112351
v -0.152267 -0.382236 -0.077566
v -0.076285 -0.405628 -0.039823
v -0.063703 0.400691 -0.052254
v -0.127586 0.377300 -0.101952
v -0.186460 0.339314 -0.147754
v -0.238064 0.288193 -0.187899
v -0.280415 0.225903 -0.220846
v -0.311884 0.154837 -0.245327
v -0.331263 0.077725 -0.260403
v -0.337806 -0.002468 -0.265493
v -0.331263 -0.082662 -0.260403
v -0.311884 -0.159773 -0.245327
v -0.280415 -0.230840 -0.220846
v -0.238064 -0.293130 -0.187899
v -0.186460 -0.344251 -0.147754
v -0.127586 -0.382236 -0.101952
v -0.063703 -0.405628 -0.052254
v -0.048567 0.400691 -0.062700
v -0.097896 0.377300 -0.122442
v -0.143358 0.339314 -0.177500
v -0.183206 0.288193 -0.225759
v -0.215907 0.225903 -0.265365
v -0.240207 0.154837 -0.294794
v -0.255171 0.077725 -0.312916
v -0.260223 -0.002468 -0.319035
v -0.255171 -0.082662 -0.312916
v -0.240207 -0.159773 -0.294794
v -0.215907 -0.230840 -0.265365
v -0.183206 -0.293130 -0.225759
v -0.143358 -0.344251 -0.177500
v -0.097896 -0.382236 -0.122442
v -0.048567 -0.405628 -0.062700
v -0.031460 0.400691 -0.070758
v -0.064340 0.377300 -0.138248
v -0.094641 0.339314 -0.200447
v -0.121201 0.288193 -0.254966
v -0.142998 0.225903 -0.299707
v -0.159195 0.154837 -0.332954
v -0.169168 0.077725 -0.353427
v -0.172536 -0.002468 -0.360339
v -0.169168 -0.082662 -0.353427
v -0.159195 -0.159773 -0.332954
v -0.142998 -0.230840 -0.299707
v -0.121201 -0.293130 -0.254966
v -0.094641 -0.344251 -0.200447
v -0.064340 -0.382236 -0.138248
v -0.031460 -0.405628 -0.070758
v -0.013039 0.400691 -0.076119
v -0.028205 0.377300 -0.148764
v -0.054434 0.288193 -0.274396
v -0.071959 0.154837 -0.358340
v -0.071959 -0.159773 -0.358340
v -0.054434 -0.293130 -0.274396
v -0.042183 -0.344251 -0.215713
v -0.028205 -0.382236 -0.148764
v -0.013039 -0.405628 -0.076119
v 0.259164 -0.424802 -0.146644
v 0.247961 -0.445616 -0.200307
v 0.241898 -0.472811 -0.229349
v 0.241118 -0.487529 -0.233087
v 0.241898 -0.502247 -0.229349
v 0.247961 -0.529442 -0.200307
v 0.281485 -0.413537 -0.077374
v 0.281255 -0.417830 -0.114671
v 0.281043 -0.424802 -0.149045
v 0.280857 -0.434184 -0.179174
v 0.280705 -0.445616 -0.203900
v 0.280591 -0.458659 -0.222274
v 0.280522 -0.472811 -0.233588
v 0.280498 -0.487529 -0.237408
v 0.280522 -0.502247 -0.233588
v 0.280591 -0.516399 -0.222274
v 0.280705 -0.529442 -0.203900
v 0.280857 -0.540874 -0.179174
v 0.281043 -0.550256 -0.149045
v 0.281255 -0.557228 -0.114671
v 0.281485 -0.561521 -0.077374
v 0.289177 -0.413537 -0.076726
v 0.296343 -0.417830 -0.113401
v 0.302948 -0.424802 -0.147201
v 0.308737 -0.434184 -0.176827
v 0.313488 -0.445616 -0.201141
v 0.317018 -0.458659 -0.219207
v 0.319192 -0.472811 -0.230332
v 0.319926 -0.487529 -0.234089
v 0.319192 -0.502247 -0.230332
v 0.317018 -0.516399 -0.219207
v 0.313488 -0.529442 -0.201141
v 0.308737 -0.540874 -0.176827
v 0.302948 -0.550256 -0.147201
v 0.296343 -0.557228 -0.113401
v 0.289177 -0.561521 -0.076726
v 0.296582 -0.413537 -0.074613
v 0.310870 -0.417830 -0.109256
v 0.324037 -0.424802 -0.141183
v 0.335578 -0.434184 -0.169168
v 0.345050 -0.445616 -0.192134
v 0.352088 -0.458659 -0.209199
v 0.356422 -0.472811 -0.219708
v 0.357886 -0.487529 -0.223256
v 0.356422 -0.502247 -0.219708
v 0.352088 -0.516399 -0.209199
v 0.345050 -0.529442 -0.192134
v 0.335578 -0.540874 -0.169168
v 0.324037 -0.550256 -0.141183
v 0.310870 -0.557228 -0.109256
v 0.296582 -0.561521 -0.074613
v 0.303417 -0.413537 -0.071115
v 0.324276 -0.417830 -0.102395
v 0.343500 -0.424802 -0.131222
v 0.360350 -0.434184 -0.156490
v 0.374179 -0.445616 -0.177226
v 0.384454 -0.458659 -0.192635
v 0.390782 -0.472811 -0.202123
v 0.392918 -0.487529 -0.205327
v 0.390782 -0.502247 -0.202123
v 0.384454 -0.516399 -0.192635
v 0.374179 -0.529442 -0.177226
v 0.360350 -0.540874 -0.156490
v 0.343500 -0.550256 -0.131222
v 0.324276 -0.557228 -0.102395
v 0.303417 -0.561521 -0.071115
v 0.309418 -0.413537 -0.066367
v 0.336048 -0.417830 -0.093081
v 0.360589 -0.424802 -0.117701
v 0.382101 -0.434184 -0.139281
v 0.399754 -0.445616 -0.156991
v 0.412872 -0.458659 -0.170150
v 0.420950 -0.472811 -0.178254
v 0.423678 -0.487529 -0.180990
v 0.420950 -0.502247 -0.178254
v 0.412872 -0.516399 -0.170150
v 0.399754 -0.529442 -0.156991
v 0.382101 -0.540874 -0.139281
v 0.360589 -0.550256 -0.117701
v 0.336048 -0.557228 -0.093081
v 0.309418 -0.561521 -0.066367
v 0.281724 -0.412088 -0.038585
v 0.314355 -0.413537 -0.060551
v 0.345731 -0.417830 -0.081674
v 0.374648 -0.424802 -0.101140
v 0.399994 -0.434184 -0.118202
v 0.420794 -0.445616 -0.132205
v 0.436251 -0.458659 -0.142610
v 0.445769 -0.472811 -0.149017
v 0.448982 -0.487529 -0.151181
v 0.445769 -0.502247 -0.149017
v 0.436251 -0.516399 -0.142610
v 0.420794 -0.529442 -0.132205
v 0.399994 -0.540874 -0.118202
v 0.374648 -0.550256 -0.101140
v 0.345731 -0.557228 -0.081674
v 0.314355 -0.561521 -0.060551
v 0.318037 -0.413537 -0.053892
v 0.352955 -0.417830 -0.068610
v 0.385135 -0.424802 -0.082175
v 0.413341 -0.434184 -0.094064
v 0.436490 -0.445616 -0.103821
v 0.453690 -0.458659 -0.111072
v 0.464283 -0.472811 -0.115537
v 0.467859 -0.487529 -0.117044
v 0.464283 -0.502247 -0.115537
v 0.453690 -0.516399 -0.111072
v 0.436490 -0.529442 -0.103821
v 0.413341 -0.540874 -0.094064
v 0.385135 -0.550256 -0.082175
v 0.352955 -0.557228 -0.068610
v 0.318037 -0.561521 -0.053892
v 0.320324 -0.413537 -0.046644
v 0.357441 -0.417830 -0.054393
v 0.391649 -0.424802 -0.061534
v 0.421631 -0.434184 -0.067794
v 0.446238 -0.445616 -0.072931
v 0.464522 -0.458659 -0.076748
v 0.475781 -0.472811 -0.079099
v 0.479583 -0.487529 -0.079892
v 0.475781 -0.502247 -0.079099
v 0.464522 -0.516399 -0.076748
v 0.446238 -0.529442 -0.072931
v 0.421631 -0.540874 -0.067794
v 0.391649 -0.550256 -0.061534
v 0.357441 -0.557228 -0.054393
v 0.320324 -0.561521 -0.046644
v 0.321128 -0.413537 -0.039086
v 0.359018 -0.417830 -0.039568
v 0.393938 -0.424802 -0.040012
v 0.424545 -0.434184 -0.040401
v 0.449663 -0.445616 -0.040721
v 0.468328 -0.458659 -0.040958
v 0.479822 -0.472811 -0.041104
v 0.483703 -0.487529 -0.041153
v 0.479822 -0.502247 -0.041104
v 0.468328 -0.516399 -0.040958
v 0.449663 -0.529442 -0.040721
v 0.424545 -0.540874 -0.040401
v 0.393938 -0.550256 -0.040012
v 0.359018 -0.557228 -0.039568
v 0.321128 -0.561521 -0.039086
v 0.320418 -0.413537 -0.031509
v 0.357624 -0.417830 -0.024705
v 0.391914 -0.424802 -0.018435
v 0.421970 -0.434184 -0.012939
v 0.446635 -0.445616 -0.008428
v 0.464964 -0.458659 -0.005076
v 0.476250 -0.472811 -0.003012
v 0.480061 -0.487529 -0.002316
v 0.476250 -0.502247 -0.003012
v 0.464964 -0.516399 -0.005076
v 0.446635 -0.529442 -0.008428
v 0.421970 -0.540874 -0.012939
v 0.391914 -0.550256 -0.018435
v 0.357624 -0.557228 -0.024705
v 0.320418 -0.561521 -0.031509
v 0.318220 -0.413537 -0.024204
v 0.353314 -0.417830 -0.010376
v 0.385657 -0.424802 0.002368
v 0.414005 -0.434184 0.013538
v 0.437270 -0.445616 0.022705
v 0.454557 -0.458659 0.029517
v 0.465203 -0.472811 0.033712
v 0.468797 -0.487529 0.035128
v 0.465203 -0.502247 0.033712
v 0.454557 -0.516399 0.029517
v 0.437270 -0.529442 0.022705
v 0.414005 -0.540874 0.013538
v 0.385657 -0.550256 0.002368
v 0.353314 -0.557228 -0.010376
v 0.318220 -0.561521 -0.024204
v 0.314620 -0.413537 -0.017452
v 0.346252 -0.417830 0.002869
v 0.375405 -0.424802 0.021597
v 0.400957 -0.434184 0.038012
v 0.421927 -0.445616 0.051484
v 0.437509 -0.458659 0.061494
v 0.447105 -0.472811 0.067658
v 0.450344 -0.487529 0.069740
v 0.447105 -0.502247 0.067658
v 0.437509 -0.516399 0.061494
v 0.421927 -0.529442 0.051484
v 0.400957 -0.540874 0.038012
v 0.375405 -0.550256 0.021597
v 0.346252 -0.557228 0.002869
v 0.314620 -0.561521 -0.017452
v 0.309756 -0.413537 -0.011512
v 0.336711 -0.417830 0.014521
v 0.361553 -0.424802 0.038513
v 0.383327 -0.434184 0.059542
v 0.401196 -0.445616 0.076801
v 0.414474 -0.458659 0.089625
v 0.422651 -0.472811 0.097522
v 0.425412 -0.487529 0.100188
v 0.422651 -0.502247 0.097522
v 0.414474 -0.516399 0.089625
v 0.401196 -0.529442 0.076801
v 0.383327 -0.540874 0.059542
v 0.361553 -0.550256 0.038513
v 0.336711 -0.557228 0.014521
v 0.309756 -0.561521 -0.011512
v 0.303815 -0.413537 -0.006612
v 0.325056 -0.417830 0.024132
v 0.344633 -0.424802 0.052466
v 0.361792 -0.434184 0.077302
v 0.375874 -0.445616 0.097683
v 0.386338 -0.458659 0.112828
v 0.392781 -0.472811 0.122154
v 0.394957 -0.487529 0.125303
v 0.392781 -0.502247 0.122154
v 0.386338 -0.516399 0.112828
v 0.375874 -0.529442 0.097683
v 0.361792 -0.540874 0.077302
v 0.344633 -0.550256 0.052466
v 0.325056 -0.557228 0.024132
v 0.303815 -0.561521 -0.006612
v 0.297024 -0.413537 -0.002941
v 0.311737 -0.417830 0.031333
v 0.325296 -0.424802 0.062921
v 0.337180 -0.434184 0.090607
v 0.346933 -0.445616 0.113329
v 0.354181 -0.458659 0.130213
v 0.358644 -0.472811 0.140610
v 0.360151 -0.487529 0.144121
v 0.358644 -0.502247 0.140610
v 0.354181 -0.516399 0.130213
v 0.346933 -0.529442 0.113329
v 0.337180 -0.540874 0.090607
v 0.325296 -0.550256 0.062921
v 0.311737 -0.557228 0.031333
v 0.297024 -0.561521 -0.002941
v 0.289646 -0.413537 -0.000640
v 0.297264 -0.417830 0.035847
v 0.304284 -0.424802 0.069474
v 0.310437 -0.434184 0.098948
v 0.315487 -0.445616 0.123137
v 0.319240 -0.458659 0.141111
v 0.321550 -0.472811 0.152179
v 0.322331 -0.487529 0.155917
v 0.321550 -0.502247 0.152179
v 0.319240 -0.516399 0.141111
v 0.315487 -0.529442 0.123137
v 0.310437 -0.540874 0.098948
v 0.304284 -0.550256 0.069474
v 0.297264 -0.557228 0.035847
v 0.289646 -0.561521 -0.000640
v 0.281963 -0.413537 0.000203
v 0.282193 -0.417830 0.037501
v 0.282405 -0.424802 0.071875
v 0.282591 -0.434184 0.102004
v 0.282743 -0.445616 0.126730
v 0.282857 -0.458659 0.145103
v 0.282926 -0.472811 0.156418
v 0.282950 -0.487529 0.160238
v 0.282926 -0.502247 0.156418
v 0.282857 -0.516399 0.145103
v 0.282743 -0.529442 0.126730
v 0.282591 -0.540874 0.102004
v 0.282405 -0.550256 0.071875
v 0.282193 -0.557228 0.037501
v 0.281963 -0.561521 0.000203
v 0.274271 -0.413537 -0.000444
v 0.267105 -0.417830 0.036231
v 0.260500 -0.424802 0.070031
v 0.254711 -0.434184 0.099657
v 0.249961 -0.445616 0.123970
v 0.246430 -0.458659 0.142037
v 0.244256 -0.472811 0.153162
v 0.243522 -0.487529 0.156919
v 0.244256 -0.502247 0.153162
v 0.246430 -0.516399 0.142037
v 0.249961 -0.529442 0.123970
v 0.254711 -0.540874 0.099657
v 0.260500 -0.550256 0.070031
v 0.267105 -0.557228 0.036231
v 0.274271 -0.561521 -0.000444
v 0.266866 -0.413537 -0.002558
v 0.252578 -0.417830 0.032086
v 0.239411 -0.424802 0.064013
v 0.227870 -0.434184 0.091997
v 0.218398 -0.445616 0.114964
v 0.211360 -0.458659 0.132029
v 0.207026 -0.472811 0.142538
v 0.205563 -0.487529 0.146086
v 0.207026 -0.502247 0.142538
v 0.211360 -0.516399 0.132029
v 0.218398 -0.529442 0.114964
v 0.227870 -0.540874 0.091997
v 0.239411 -0.550256 0.064013
v 0.252578 -0.557228 0.032086
v 0.266866 -0.561521 -0.002558
v 0.260031 -0.413537 -0.006055
v 0.239172 -0.417830 0.025224
v 0.219948 -0.424802 0.054052
v 0.203098 -0.434184 0.079319
v 0.189270 -0.445616 0.100056
v 0.178994 -0.458659 0.115465
v 0.172667 -0.472811 0.124953
v 0.170530 -0.487529 0.128157
v 0.172667 -0.502247 0.124953
v 0.178994 -0.516399 0.115465
v 0.189270 -0.529442 0.100056
v 0.203098 -0.540874 0.079319
v 0.219948 -0.550256 0.054052
v 0.239172 -0.557228 0.025224
v 0.260031 -0.561521 -0.006055
v 0.281724 -0.562971 -0.038585
v 0.254030 -0.413537 -0.010803
v 0.227401 -0.417830 0.015911
v 0.202859 -0.424802 0.040531
v 0.181348 -0.434184 0.062111
v 0.163694 -0.445616 0.079820
v 0.150576 -0.458659 0.092980
v 0.142498 -0.472811 0.101084
v 0.139770 -0.487529 0.103820
v 0.142498 -0.502247 0.101084
v 0.150576 -0.516399 0.092980
v 0.163694 -0.529442 0.079820
v 0.181348 -0.540874 0.062111
v 0.202859 -0.550256 0.040531
v 0.227401 -0.557228 0.015911
v 0.254030 -0.561521 -0.010803
v 0.249094 -0.413537 -0.016619
v 0.217717 -0.417830 0.004503
v 0.188800 -0.424802 0.023970
v 0.163455 -0.434184 0.041032
v 0.142654 -0.445616 0.055035
v 0.127198 -0.458659 0.065440
v 0.117680 -0.472811 0.071847
v 0.114466 -0.487529 0.074010
v 0.117680 -0.502247 0.071847
v 0.127198 -0.516399 0.065440
v 0.142654 -0.529442 0.055035
v 0.163455 -0.540874 0.041032
v 0.188800 -0.550256 0.023970
v 0.217717 -0.557228 0.004503
v 0.249094 -0.561521 -0.016619
v 0.245411 -0.413537 -0.023279
v 0.210493 -0.417830 -0.008560
v 0.178313 -0.424802 0.005004
v 0.150107 -0.434184 0.016894
v 0.126959 -0.445616 0.026651
v 0.109758 -0.458659 0.033902
v 0.099166 -0.472811 0.038366
v 0.095589 -0.487529 0.039874
v 0.099166 -0.502247 0.038366
v 0.109758 -0.516399 0.033902
v 0.126959 -0.529442 0.026651
v 0.150107 -0.540874 0.016894
v 0.178313 -0.550256 0.005004
v 0.210493 -0.557228 -0.008560
v 0.245411 -0.561521 -0.023279
v 0.243124 -0.413537 -0.030526
v 0.206007 -0.417830 -0.022777
v 0.171800 -0.424802 -0.015636
v 0.141817 -0.434184 -0.009376
v 0.117211 -0.445616 -0.004239
v 0.098926 -0.458659 -0.000422
v 0.087667 -0.472811 0.001929
v 0.083865 -0.487529 0.002722
v 0.087667 -0.502247 0.001929
v 0.098926 -0.516399 -0.000422
v 0.117211 -0.529442 -0.004239
v 0.141817 -0.540874 -0.009376
v 0.171800 -0.550256 -0.015636
v 0.206007 -0.557228 -0.022777
v 0.243124 -0.561521 -0.030526
v 0.242320 -0.413537 -0.038084
v 0.204430 -0.417830 -0.037602
v 0.169511 -0.424802 -0.037158
v 0.138903 -0.434184 -0.036769
v 0.113785 -0.445616 -0.036450
v 0.095120 -0.458659 -0.036212
v 0.083626 -0.472811 -0.036066
v 0.079745 -0.487529 -0.036017
v 0.083626 -0.502247 -0.036066
v 0.095120 -0.516399 -0.036212
v 0.113785 -0.529442 -0.036450
v 0.138903 -0.540874 -0.036769
v 0.169511 -0.550256 -0.037158
v 0.204430 -0.557228 -0.037602
v 0.242320 -0.561521 -0.038084
v 0.243031 -0.413537 -0.045661
v 0.205824 -0.417830 -0.052465
v 0.171534 -0.424802 -0.058735
v 0.141479 -0.434184 -0.064232
v 0.116813 -0.445616 -0.068742
v 0.098485 -0.458659 -0.072094
v 0.087198 -0.472811 -0.074158
v 0.083387 -0.487529 -0.074855
v 0.087198 -0.502247 -0.074158
v 0.098485 -0.516399 -0.072094
v 0.116813 -0.529442 -0.068742
v 0.141479 -0.540874 -0.064232
v 0.171534 -0.550256 -0.058735
v 0.205824 -0.557228 -0.052465
v 0.243031 -0.561521 -0.045661
v 0.245228 -0.413537 -0.052966
v 0.210134 -0.417830 -0.066794
v 0.177792 -0.424802 -0.079538
v 0.149443 -0.434184 -0.090708
v 0.126178 -0.445616 -0.099876
v 0.108891 -0.458659 -0.106687
v 0.098245 -0.472811 -0.110882
v 0.094651 -0.487529 -0.112299
v 0.098245 -0.502247 -0.110882
v 0.108891 -0.516399 -0.106687
v 0.126178 -0.529442 -0.099876
v 0.149443 -0.540874 -0.090708
v 0.177792 -0.550256 -0.079538
v 0.210134 -0.557228 -0.066794
v 0.245228 -0.561521 -0.052966
v 0.248828 -0.413537 -0.059718
v 0.217196 -0.417830 -0.080039
v 0.188044 -0.424802 -0.098767
v 0.162491 -0.434184 -0.115182
v 0.141521 -0.445616 -0.128654
v 0.125939 -0.458659 -0.138664
v 0.116344 -0.472811 -0.144828
v 0.113104 -0.487529 -0.146910
v 0.116344 -0.502247 -0.144828
v 0.125939 -0.516399 -0.138664
v 0.141521 -0.529442 -0.128654
v 0.162491 -0.540874 -0.115182
v 0.188044 -0.550256 -0.098767
v 0.217196 -0.557228 -0.080039
v 0.248828 -0.561521 -0.059718
v 0.253692 -0.413537 -0.065658
v 0.226737 -0.417830 -0.091691
v 0.201896 -0.424802 -0.115683
v 0.180122 -0.434184 -0.136712
v 0.162252 -0.445616 -0.153971
v 0.148974 -0.458659 -0.166795
v 0.140798 -0.472811 -0.174692
v 0.138037 -0.487529 -0.177358
v 0.140798 -0.502247 -0.174692
v 0.148974 -0.516399 -0.166795
v 0.162252 -0.529442 -0.153971
v 0.180122 -0.540874 -0.136712
v 0.201896 -0.550256 -0.115683
v 0.226737 -0.557228 -0.091691
v 0.253692 -0.561521 -0.065658
v 0.259634 -0.413537 -0.070558
v 0.238392 -0.417830 -0.101302
v 0.218815 -0.424802 -0.129637
v 0.201656 -0.434184 -0.154472
v 0.187575 -0.445616 -0.174853
v 0.177111 -0.458659 -0.189998
v 0.170667 -0.472811 -0.199324
v 0.168491 -0.487529 -0.202473
v 0.170667 -0.502247 -0.199324
v 0.177111 -0.516399 -0.189998
v 0.187575 -0.529442 -0.174853
v 0.201656 -0.540874 -0.154472
v 0.218815 -0.550256 -0.129637
v 0.238392 -0.557228 -0.101302
v 0.259634 -0.561521 -0.070558
v 0.266424 -0.413537 -0.074229
v 0.251712 -0.417830 -0.108504
v 0.238153 -0.424802 -0.140091
v 0.226268 -0.434184 -0.167778
v 0.216515 -0.445616 -0.190499
v 0.209267 -0.458659 -0.207383
v 0.204805 -0.472811 -0.217780
v 0.203298 -0.487529 -0.221291
v 0.204805 -0.502247 -0.217780
v 0.209267 -0.516399 -0.207383
v 0.216515 -0.529442 -0.190499
v 0.226268 -0.540874 -0.167778
v 0.238153 -0.550256 -0.140091
v 0.251712 -0.557228 -0.108504
v 0.266424 -0.561521 -0.074229
v 0.273802 -0.413537 -0.076530
v 0.266185 -0.417830 -0.113018
v 0.253011 -0.434184 -0.176119
v 0.244209 -0.458659 -0.218281
v 0.244209 -0.516399 -0.218281
v 0.253011 -0.540874 -0.176119
v 0.259164 -0.550256 -0.146644
v 0.266185 -0.557228 -0.113018
v 0.273802 -0.561521 -0.076530
v -0.232199 -0.424821 0.038475
v -0.187671 -0.445629 0.024212
v -0.163572 -0.472816 0.016493
v -0.160471 -0.487529 0.015499
v -0.163572 -0.502243 0.016493
v -0.187671 -0.529430 0.024212
v -0.288730 -0.413560 0.064337
v -0.256869 -0.417851 0.061588
v -0.227506 -0.424821 0.059055
v -0.201769 -0.434200 0.056834
v -0.180648 -0.445629 0.055012
v -0.164953 -0.458668 0.053658
v -0.155288 -0.472816 0.052824
v -0.152025 -0.487529 0.052542
v -0.155288 -0.502243 0.052824
v -0.164953 -0.516391 0.053658
v -0.180648 -0.529430 0.055012
v -0.201769 -0.540858 0.056834
v -0.227506 -0.550238 0.059055
v -0.256869 -0.557207 0.061588
v -0.288730 -0.561499 0.064337
v -0.288355 -0.413560 0.071674
v -0.256135 -0.417851 0.075980
v -0.226440 -0.424821 0.079948
v -0.200412 -0.434200 0.083426
v -0.179052 -0.445629 0.086280
v -0.163180 -0.458668 0.088401
v -0.153406 -0.472816 0.089707
v -0.150105 -0.487529 0.090148
v -0.153406 -0.502243 0.089707
v -0.163180 -0.516391 0.088401
v -0.179052 -0.529430 0.086280
v -0.200412 -0.540858 0.083426
v -0.226440 -0.550238 0.079948
v -0.256135 -0.557207 0.075980
v -0.288355 -0.561499 0.071674
v -0.289268 -0.413560 0.078838
v -0.257926 -0.417851 0.090033
v -0.229041 -0.424821 0.100351
v -0.203722 -0.434200 0.109394
v -0.182944 -0.445629 0.116815
v -0.167505 -0.458668 0.122330
v -0.157997 -0.472816 0.125726
v -0.154787 -0.487529 0.126873
v -0.157997 -0.502243 0.125726
v -0.167505 -0.516391 0.122330
v -0.182944 -0.529430 0.116815
v -0.203722 -0.540858 0.109394
v -0.229041 -0.550238 0.100351
v -0.257926 -0.557207 0.090033
v -0.289268 -0.561499 0.078838
v -0.291434 -0.413560 0.085556
v -0.262174 -0.417851 0.103209
v -0.235208 -0.424821 0.119479
v -0.211572 -0.434200 0.133740
v -0.192175 -0.445629 0.145443
v -0.177761 -0.458668 0.154140
v -0.168885 -0.472816 0.159495
v -0.165888 -0.487529 0.161303
v -0.168885 -0.502243 0.159495
v -0.177761 -0.516391 0.154140
v -0.192175 -0.529430 0.145443
v -0.211572 -0.540858 0.133740
v -0.235208 -0.550238 0.119479
v -0.262174 -0.557207 0.103209
v -0.291434 -0.561499 0.085556
v -0.294770 -0.413560 0.091567
v -0.268717 -0.417851 0.115001
v -0.244706 -0.424821 0.136599
v -0.223661 -0.434200 0.155529
v -0.206390 -0.445629 0.171064
v -0.193556 -0.458668 0.182608
v -0.185653 -0.472816 0.189717
v -0.182984 -0.487529 0.192117
v -0.185653 -0.502243 0.189717
v -0.193556 -0.516391 0.182608
v -0.206390 -0.529430 0.171064
v -0.223661 -0.540858 0.155529
v -0.244706 -0.550238 0.136599
v -0.268717 -0.557207 0.115001
v -0.294770 -0.561499 0.091567
v -0.321864 -0.412110 0.067196
v -0.299146 -0.413560 0.096642
v -0.277301 -0.417851 0.124956
v -0.257169 -0.424821 0.151051
v -0.239524 -0.434200 0.173923
v -0.225042 -0.445629 0.192694
v -0.214281 -0.458668 0.206642
v -0.207655 -0.472816 0.215231
v -0.205417 -0.487529 0.218131
v -0.207655 -0.502243 0.215231
v -0.214281 -0.516391 0.206642
v -0.225042 -0.529430 0.192694
v -0.239524 -0.540858 0.173923
v -0.257169 -0.550238 0.151051
v -0.277301 -0.557207 0.124956
v -0.299146 -0.561499 0.096642
v -0.304395 -0.413560 0.100585
v -0.287599 -0.417851 0.132692
v -0.272119 -0.424821 0.162281
v -0.258550 -0.434200 0.188216
v -0.247415 -0.445629 0.209501
v -0.239141 -0.458668 0.225316
v -0.234046 -0.472816 0.235056
v -0.232325 -0.487529 0.238344
v -0.234046 -0.502243 0.235056
v -0.239141 -0.516391 0.225316
v -0.247415 -0.529430 0.209501
v -0.258550 -0.540858 0.188216
v -0.272119 -0.550238 0.162281
v -0.287599 -0.557207 0.132692
v -0.304395 -0.561499 0.100585
v -0.310316 -0.413560 0.103246
v -0.299213 -0.417851 0.137910
v -0.288980 -0.424821 0.169857
v -0.280010 -0.434200 0.197858
v -0.272649 -0.445629 0.220839
v -0.267179 -0.458668 0.237915
v -0.263811 -0.472816 0.248430
v -0.262674 -0.487529 0.251980
v -0.263811 -0.502243 0.248430
v -0.267179 -0.516391 0.237915
v -0.272649 -0.529430 0.220839
v -0.280010 -0.540858 0.197858
v -0.288980 -0.550238 0.169857
v -0.299213 -0.557207 0.137910
v -0.310316 -0.561499 0.103246
v -0.316681 -0.413560 0.104521
v -0.311697 -0.417851 0.140411
v -0.307104 -0.424821 0.173487
v -0.303078 -0.434200 0.202479
v -0.299775 -0.445629 0.226272
v -0.297320 -0.458668 0.243952
v -0.295808 -0.472816 0.254839
v -0.295297 -0.487529 0.258515
v -0.295808 -0.502243 0.254839
v -0.297320 -0.516391 0.243952
v -0.299775 -0.529430 0.226272
v -0.303078 -0.540858 0.202479
v -0.307104 -0.550238 0.173487
v -0.311697 -0.557207 0.140411
v -0.316681 -0.561499 0.104521
v -0.323244 -0.413560 0.104361
v -0.324572 -0.417851 0.140098
v -0.325796 -0.424821 0.173033
v -0.326869 -0.434200 0.201901
v -0.327749 -0.445629 0.225593
v -0.328403 -0.458668 0.243197
v -0.328806 -0.472816 0.254038
v -0.328942 -0.487529 0.257698
v -0.328806 -0.502243 0.254038
v -0.328403 -0.516391 0.243197
v -0.327749 -0.529430 0.225593
v -0.326869 -0.540858 0.201901
v -0.325796 -0.550238 0.173033
v -0.324572 -0.557207 0.140098
v -0.323244 -0.561499 0.104361
v -0.329755 -0.413560 0.102774
v -0.337343 -0.417851 0.136984
v -0.344337 -0.424821 0.168512
v -0.350466 -0.434200 0.196147
v -0.355497 -0.445629 0.218826
v -0.359235 -0.458668 0.235678
v -0.361537 -0.472816 0.246056
v -0.362314 -0.487529 0.249560
v -0.361537 -0.502243 0.246056
v -0.359235 -0.516391 0.235678
v -0.355497 -0.529430 0.218826
v -0.350466 -0.540858 0.196147
v -0.344337 -0.550238 0.168512
v -0.337343 -0.557207 0.136984
v -0.329755 -0.561499 0.102774
v -0.335962 -0.413560 0.099819
v -0.349519 -0.417851 0.131187
v -0.362014 -0.424821 0.160097
v -0.372965 -0.434200 0.185437
v -0.381952 -0.445629 0.206232
v -0.388631 -0.458668 0.221685
v -0.392743 -0.472816 0.231201
v -0.394132 -0.487529 0.234413
v -0.392743 -0.502243 0.231201
v -0.388631 -0.516391 0.221685
v -0.381952 -0.529430 0.206232
v -0.372965 -0.540858 0.185437
v -0.362014 -0.550238 0.160097
v -0.349519 -0.557207 0.131187
v -0.335962 -0.561499 0.099819
v -0.341628 -0.413560 0.095610
v -0.360633 -0.417851 0.122932
v -0.378148 -0.424821 0.148112
v -0.393500 -0.434200 0.170183
v -0.406099 -0.445629 0.188295
v -0.415461 -0.458668 0.201755
v -0.421226 -0.472816 0.210043
v -0.423173 -0.487529 0.212841
v -0.421226 -0.502243 0.210043
v -0.415461 -0.516391 0.201755
v -0.406099 -0.529430 0.188295
v -0.393500 -0.540858 0.170183
v -0.378148 -0.550238 0.148112
v -0.360633 -0.557207 0.122932
v -0.341628 -0.561499 0.095610
v -0.346534 -0.413560 0.090310
v -0.370256 -0.417851 0.112535
v -0.392119 -0.424821 0.133018
v -0.411282 -0.434200 0.150971
v -0.427008 -0.445629 0.165705
v -0.438694 -0.458668 0.176653
v -0.445890 -0.472816 0.183395
v -0.448320 -0.487529 0.185672
v -0.445890 -0.502243 0.183395
v -0.438694 -0.516391 0.176653
v -0.427008 -0.529430 0.165705
v -0.411282 -0.540858 0.150971
v -0.392119 -0.550238 0.133018
v -0.370256 -0.557207 0.112535
v -0.346534 -0.561499 0.090310
v -0.350492 -0.413560 0.084121
v -0.378020 -0.417851 0.100395
v -0.403390 -0.424821 0.115394
v -0.425627 -0.434200 0.128540
v -0.443877 -0.445629 0.139329
v -0.457437 -0.458668 0.147346
v -0.465788 -0.472816 0.152282
v -0.468608 -0.487529 0.153949
v -0.465788 -0.502243 0.152282
v -0.457437 -0.516391 0.147346
v -0.443877 -0.529430 0.139329
v -0.425627 -0.540858 0.128540
v -0.403390 -0.550238 0.115394
v -0.378020 -0.557207 0.100395
v -0.350492 -0.561499 0.084121
v -0.353350 -0.413560 0.077282
v -0.383626 -0.417851 0.086980
v -0.411528 -0.424821 0.095917
v -0.435985 -0.434200 0.103751
v -0.456056 -0.445629 0.110180
v -0.470971 -0.458668 0.114958
v -0.480155 -0.472816 0.117900
v -0.483256 -0.487529 0.118893
v -0.480155 -0.502243 0.117900
v -0.470971 -0.516391 0.114958
v -0.456056 -0.529430 0.110180
v -0.435985 -0.540858 0.103751
v -0.411528 -0.550238 0.095917
v -0.383626 -0.557207 0.086980
v -0.353350 -0.561499 0.077282
v -0.354997 -0.413560 0.070055
v -0.386858 -0.417851 0.072804
v -0.416221 -0.424821 0.075337
v -0.441958 -0.434200 0.077558
v -0.463079 -0.445629 0.079380
v -0.478774 -0.458668 0.080734
v -0.488439 -0.472816 0.081568
v -0.491702 -0.487529 0.081850
v -0.488439 -0.502243 0.081568
v -0.478774 -0.516391 0.080734
v -0.463079 -0.529430 0.079380
v -0.441958 -0.540858 0.077558
v -0.416221 -0.550238 0.075337
v -0.386858 -0.557207 0.072804
v -0.354997 -0.561499 0.070055
v -0.355372 -0.413560 0.062718
v -0.387593 -0.417851 0.058413
v -0.417287 -0.424821 0.054444
v -0.443315 -0.434200 0.050966
v -0.464675 -0.445629 0.048112
v -0.480547 -0.458668 0.045991
v -0.490321 -0.472816 0.044685
v -0.493622 -0.487529 0.044244
v -0.490321 -0.502243 0.044685
v -0.480547 -0.516391 0.045991
v -0.464675 -0.529430 0.048112
v -0.443315 -0.540858 0.050966
v -0.417287 -0.550238 0.054444
v -0.387593 -0.557207 0.058413
v -0.355372 -0.561499 0.062718
v -0.354459 -0.413560 0.055554
v -0.385801 -0.417851 0.044359
v -0.414687 -0.424821 0.034042
v -0.440005 -0.434200 0.024999
v -0.460783 -0.445629 0.017577
v -0.476223 -0.458668 0.012062
v -0.485730 -0.472816 0.008666
v -0.488940 -0.487529 0.007520
v -0.485730 -0.502243 0.008666
v -0.476223 -0.516391 0.012062
v -0.460783 -0.529430 0.017577
v -0.440005 -0.540858 0.024999
v -0.414687 -0.550238 0.034042
v -0.385801 -0.557207 0.044359
v -0.354459 -0.561499 0.055554
v -0.352293 -0.413560 0.048837
v -0.381553 -0.417851 0.031183
v -0.408519 -0.424821 0.014913
v -0.432155 -0.434200 0.000652
v -0.451552 -0.445629 -0.011051
v -0.465966 -0.458668 -0.019747
v -0.474842 -0.472816 -0.025103
v -0.477839 -0.487529 -0.026911
v -0.474842 -0.502243 -0.025103
v -0.465966 -0.516391 -0.019747
v -0.451552 -0.529430 -0.011051
v -0.432155 -0.540858 0.000652
v -0.408519 -0.550238 0.014913
v -0.381553 -0.557207 0.031183
v -0.352293 -0.561499 0.048837
v -0.321864 -0.562948 0.067196
v -0.348958 -0.413560 0.042825
v -0.375010 -0.417851 0.019391
v -0.399021 -0.424821 -0.002206
v -0.420066 -0.434200 -0.021137
v -0.437337 -0.445629 -0.036672
v -0.450171 -0.458668 -0.048216
v -0.458074 -0.472816 -0.055325
v -0.460743 -0.487529 -0.057725
v -0.458074 -0.502243 -0.055325
v -0.450171 -0.516391 -0.048216
v -0.437337 -0.529430 -0.036672
v -0.420066 -0.540858 -0.021137
v -0.399021 -0.550238 -0.002206
v -0.375010 -0.557207 0.019391
v -0.348958 -0.561499 0.042825
v -0.344581 -0.413560 0.037750
v -0.366426 -0.417851 0.009436
v -0.386558 -0.424821 -0.016659
v -0.404204 -0.434200 -0.039531
v -0.418685 -0.445629 -0.058302
v -0.429446 -0.458668 -0.072250
v -0.436072 -0.472816 -0.080839
v -0.438310 -0.487529 -0.083739
v -0.436072 -0.502243 -0.080839
v -0.429446 -0.516391 -0.072250
v -0.418685 -0.529430 -0.058302
v -0.404204 -0.540858 -0.039531
v -0.386558 -0.550238 -0.016659
v -0.366426 -0.557207 0.009436
v -0.344581 -0.561499 0.037750
v -0.339332 -0.413560 0.033807
v -0.356128 -0.417851 0.001701
v -0.371608 -0.424821 -0.027889
v -0.385177 -0.434200 -0.053824
v -0.396312 -0.445629 -0.075108
v -0.404586 -0.458668 -0.090924
v -0.409681 -0.472816 -0.100664
v -0.411402 -0.487529 -0.103952
v -0.409681 -0.502243 -0.100664
v -0.404586 -0.516391 -0.090924
v -0.396312 -0.529430 -0.075108
v -0.385177 -0.540858 -0.053824
v -0.371608 -0.550238 -0.027889
v -0.356128 -0.557207 0.001701
v -0.339332 -0.561499 0.033807
v -0.333411 -0.413560 0.031147
v -0.344514 -0.417851 -0.003518
v -0.354748 -0.424821 -0.035465
v -0.363717 -0.434200 -0.063466
v -0.371078 -0.445629 -0.086446
v -0.376548 -0.458668 -0.103522
v -0.379916 -0.472816 -0.114038
v -0.381053 -0.487529 -0.117588
v -0.379916 -0.502243 -0.114038
v -0.376548 -0.516391 -0.103522
v -0.371078 -0.529430 -0.086446
v -0.363717 -0.540858 -0.063466
v -0.354748 -0.550238 -0.035465
v -0.344514 -0.557207 -0.003518
v -0.333411 -0.561499 0.031147
v -0.327046 -0.413560 0.029872
v -0.332030 -0.417851 -0.006019
v -0.336623 -0.424821 -0.039095
v -0.340649 -0.434200 -0.068087
v -0.343953 -0.445629 -0.091880
v -0.346408 -0.458668 -0.109560
v -0.347919 -0.472816 -0.120447
v -0.348430 -0.487529 -0.124123
v -0.347919 -0.502243 -0.120447
v -0.346408 -0.516391 -0.109560
v -0.343953 -0.529430 -0.091880
v -0.340649 -0.540858 -0.068087
v -0.336623 -0.550238 -0.039095
v -0.332030 -0.557207 -0.006019
v -0.327046 -0.561499 0.029872
v -0.320483 -0.413560 0.030031
v -0.319155 -0.417851 -0.005706
v -0.317931 -0.424821 -0.038641
v -0.316859 -0.434200 -0.067509
v -0.315978 -0.445629 -0.091200
v -0.315324 -0.458668 -0.108805
v -0.314921 -0.472816 -0.119645
v -0.314785 -0.487529 -0.123306
v -0.314921 -0.502243 -0.119645
v -0.315324 -0.516391 -0.108805
v -0.315978 -0.529430 -0.091200
v -0.316859 -0.540858 -0.067509
v -0.317931 -0.550238 -0.038641
v -0.319155 -0.557207 -0.005706
v -0.320483 -0.561499 0.030031
v -0.313972 -0.413560 0.031619
v -0.306384 -0.417851 -0.002591
v -0.299390 -0.424821 -0.034120
v -0.293261 -0.434200 -0.061755
v -0.288230 -0.445629 -0.084434
v -0.284492 -0.458668 -0.101286
v -0.282190 -0.472816 -0.111664
v -0.281413 -0.487529 -0.115167
v -0.282190 -0.502243 -0.111664
v -0.284492 -0.516391 -0.101286
v -0.288230 -0.529430 -0.084434
v -0.293261 -0.540858 -0.061755
v -0.299390 -0.550238 -0.034120
v -0.306384 -0.557207 -0.002591
v -0.313972 -0.561499 0.031619
v -0.307765 -0.413560 0.034574
v -0.294208 -0.417851 0.003205
v -0.281713 -0.424821 -0.025705
v -0.270762 -0.434200 -0.051044
v -0.261775 -0.445629 -0.071840
v -0.255096 -0.458668 -0.087293
v -0.250984 -0.472816 -0.096808
v -0.249595 -0.487529 -0.100021
v -0.250984 -0.502243 -0.096808
v -0.255096 -0.516391 -0.087293
v -0.261775 -0.529430 -0.071840
v -0.270762 -0.540858 -0.051044
v -0.281713 -0.550238 -0.025705
v -0.294208 -0.557207 0.003205
v -0.307765 -0.561499 0.034574
v -0.302099 -0.413560 0.038782
v -0.283094 -0.417851 0.011460
v -0.265579 -0.424821 -0.013720
v -0.250227 -0.434200 -0.035790
v -0.237628 -0.445629 -0.053903
v -0.228266 -0.458668 -0.067362
v -0.222501 -0.472816 -0.075650
v -0.220555 -0.487529 -0.078449
v -0.222501 -0.502243 -0.075650
v -0.228266 -0.516391 -0.067362
v -0.237628 -0.529430 -0.053903
v -0.250227 -0.540858 -0.035790
v -0.265579 -0.550238 -0.013720
v -0.283094 -0.557207 0.011460
v -0.302099 -0.561499 0.038782
v -0.297193 -0.413560 0.044083
v -0.273471 -0.417851 0.021858
v -0.251608 -0.424821 0.001375
v -0.232445 -0.434200 -0.016579
v -0.216719 -0.445629 -0.031313
v -0.205033 -0.458668 -0.042261
v -0.197837 -0.472816 -0.049003
v -0.195407 -0.487529 -0.051279
v -0.197837 -0.502243 -0.049003
v -0.205033 -0.516391 -0.042261
v -0.216719 -0.529430 -0.031313
v -0.232445 -0.540858 -0.016579
v -0.251608 -0.550238 0.001375
v -0.273471 -0.557207 0.021858
v -0.297193 -0.561499 0.044083
v -0.293235 -0.413560 0.050271
v -0.265707 -0.417851 0.033997
v -0.240337 -0.424821 0.018999
v -0.218100 -0.434200 0.005852
v -0.199850 -0.445629 -0.004936
v -0.186290 -0.458668 -0.012953
v -0.177939 -0.472816 -0.017890
v -0.175120 -0.487529 -0.019557
v -0.177939 -0.502243 -0.017890
v -0.186290 -0.516391 -0.012953
v -0.199850 -0.529430 -0.004936
v -0.218100 -0.540858 0.005852
v -0.240337 -0.550238 0.018999
v -0.265707 -0.557207 0.033997
v -0.293235 -0.561499 0.050271
v -0.290377 -0.413560 0.057111
v -0.260101 -0.417851 0.047413
v -0.207742 -0.434200 0.030641
v -0.172756 -0.458668 0.019435
v -0.172756 -0.516391 0.019435
v -0.207742 -0.540858 0.030641
v -0.232199 -0.550238 0.038475
v -0.260101 -0.557207 0.047413
v -0.290377 -0.561499 0.057111
v 0.647171 -0.116317 -0.237777
v 0.625714 -0.125741 -0.291189
v 0.599939 -0.136524 -0.319124
v 0.586648 -0.141914 -0.322034
v 0.573769 -0.147025 -0.317327
v 0.551188 -0.155644 -0.286073
v 0.663723 -0.116221 -0.166177
v 0.660476 -0.125396 -0.202288
v 0.654803 -0.134928 -0.235384
v 0.646922 -0.144449 -0.264193
v 0.637136 -0.153594 -0.287608
v 0.625821 -0.162012 -0.304729
v 0.613411 -0.169379 -0.314899
v 0.600385 -0.175412 -0.317726
v 0.587241 -0.179880 -0.313102
v 0.574486 -0.182609 -0.301205
v 0.562610 -0.183497 -0.282491
v 0.552068 -0.182508 -0.257680
v 0.543267 -0.179680 -0.227726
v 0.536543 -0.175123 -0.193779
v 0.532157 -0.169011 -0.157145
v 0.666380 -0.122451 -0.163883
v 0.665688 -0.137616 -0.197788
v 0.662370 -0.152668 -0.228851
v 0.656553 -0.167028 -0.255878
v 0.648460 -0.180145 -0.277830
v 0.638404 -0.191514 -0.293865
v 0.626769 -0.200698 -0.303366
v 0.614004 -0.207345 -0.305967
v 0.600599 -0.211198 -0.301569
v 0.587069 -0.212111 -0.290341
v 0.573934 -0.210048 -0.272714
v 0.561699 -0.205088 -0.249366
v 0.550833 -0.197421 -0.221193
v 0.541755 -0.187343 -0.189279
v 0.534814 -0.175241 -0.154851
v 0.668912 -0.128136 -0.160224
v 0.670655 -0.148768 -0.190609
v 0.669581 -0.168857 -0.218429
v 0.665731 -0.187633 -0.242614
v 0.659253 -0.204373 -0.262234
v 0.650396 -0.218435 -0.276535
v 0.639500 -0.229278 -0.284968
v 0.626984 -0.236484 -0.287209
v 0.613330 -0.239778 -0.283171
v 0.599061 -0.239033 -0.273011
v 0.584726 -0.234276 -0.257117
v 0.570877 -0.225692 -0.236102
v 0.558044 -0.213610 -0.210772
v 0.546723 -0.198494 -0.182101
v 0.537346 -0.180926 -0.151191
v 0.671223 -0.133058 -0.155339
v 0.675187 -0.158421 -0.181028
v 0.676160 -0.182873 -0.204520
v 0.674104 -0.205471 -0.224910
v 0.669098 -0.225349 -0.241417
v 0.661335 -0.241742 -0.253404
v 0.651113 -0.254020 -0.260413
v 0.638825 -0.261711 -0.262172
v 0.624943 -0.264520 -0.258616
v 0.610000 -0.262339 -0.249880
v 0.594572 -0.255252 -0.236300
v 0.579250 -0.243530 -0.218398
v 0.564623 -0.227625 -0.196862
v 0.551254 -0.208148 -0.172520
v 0.539656 -0.185847 -0.146307
v 0.673222 -0.137027 -0.149418
v 0.679108 -0.166207 -0.169413
v 0.681852 -0.194175 -0.187657
v 0.681349 -0.219857 -0.203448
v 0.677618 -0.242265 -0.216179
v 0.670802 -0.260537 -0.225362
v 0.661163 -0.273973 -0.230643
v 0.649072 -0.282055 -0.231820
v 0.634993 -0.284474 -0.228846
v 0.619467 -0.281135 -0.221838
v 0.603092 -0.272168 -0.211063
v 0.586495 -0.257916 -0.196936
v 0.570316 -0.238928 -0.179999
v 0.555175 -0.215934 -0.160904
v 0.541655 -0.189816 -0.140385
v 0.664419 -0.107755 -0.128439
v 0.674833 -0.139891 -0.142687
v 0.682269 -0.171825 -0.156209
v 0.686441 -0.202331 -0.168488
v 0.687189 -0.230238 -0.179051
v 0.684485 -0.254471 -0.187491
v 0.678432 -0.274100 -0.193486
v 0.669264 -0.288372 -0.196804
v 0.657331 -0.296736 -0.197317
v 0.643093 -0.298872 -0.195007
v 0.627098 -0.294698 -0.189961
v 0.609959 -0.284374 -0.182375
v 0.592335 -0.268297 -0.172539
v 0.574904 -0.247084 -0.160831
v 0.558336 -0.221552 -0.147701
v 0.543267 -0.192680 -0.133654
v 0.675995 -0.141540 -0.135405
v 0.684547 -0.175060 -0.141925
v 0.689749 -0.207027 -0.147750
v 0.691399 -0.236214 -0.152657
v 0.689436 -0.261499 -0.156456
v 0.683933 -0.281909 -0.159001
v 0.675103 -0.296661 -0.160194
v 0.663285 -0.305188 -0.159991
v 0.648933 -0.307162 -0.158398
v 0.632599 -0.302507 -0.155476
v 0.614909 -0.291402 -0.151339
v 0.596545 -0.274273 -0.146145
v 0.578212 -0.251780 -0.140093
v 0.560614 -0.224786 -0.133417
v 0.544428 -0.194329 -0.126372
v 0.676662 -0.141910 -0.127851
v 0.685856 -0.175786 -0.127109
v 0.691649 -0.208082 -0.126241
v 0.693818 -0.237557 -0.125281
v 0.692279 -0.263078 -0.124264
v 0.687093 -0.283664 -0.123232
v 0.678457 -0.298524 -0.122222
v 0.666705 -0.307087 -0.121275
v 0.652287 -0.309025 -0.120426
v 0.635758 -0.304262 -0.119707
v 0.617753 -0.292981 -0.119148
v 0.598964 -0.275616 -0.118768
v 0.580112 -0.252835 -0.118584
v 0.561923 -0.225513 -0.118601
v 0.545095 -0.194700 -0.118819
v 0.676809 -0.140988 -0.120318
v 0.686145 -0.173978 -0.112331
v 0.692068 -0.205456 -0.104786
v 0.694351 -0.234215 -0.097974
v 0.692907 -0.259148 -0.092155
v 0.687790 -0.279297 -0.087554
v 0.679198 -0.293888 -0.084347
v 0.667460 -0.302361 -0.082657
v 0.653028 -0.304389 -0.082550
v 0.636456 -0.299895 -0.084029
v 0.618381 -0.289051 -0.087039
v 0.599497 -0.272274 -0.091462
v 0.580532 -0.250209 -0.097129
v 0.562212 -0.223704 -0.103822
v 0.545243 -0.193778 -0.111285
v 0.676430 -0.138809 -0.113092
v 0.685402 -0.169703 -0.098158
v 0.690990 -0.199250 -0.084211
v 0.692980 -0.226316 -0.071786
v 0.691294 -0.249859 -0.061361
v 0.685998 -0.268976 -0.053338
v 0.677295 -0.282932 -0.048023
v 0.665520 -0.291190 -0.045622
v 0.651125 -0.293432 -0.046227
v 0.634663 -0.289574 -0.049813
v 0.616768 -0.279762 -0.056245
v 0.598126 -0.264375 -0.065274
v 0.579454 -0.244003 -0.076553
v 0.561470 -0.219429 -0.089650
v 0.544864 -0.191598 -0.104060
v 0.675541 -0.135456 -0.106453
v 0.683658 -0.163126 -0.085136
v 0.688457 -0.189702 -0.065305
v 0.689756 -0.214163 -0.047724
v 0.687503 -0.235570 -0.033067
v 0.681786 -0.253098 -0.021899
v 0.672823 -0.266076 -0.014648
v 0.660961 -0.274003 -0.011593
v 0.646653 -0.276576 -0.012851
v 0.630451 -0.273696 -0.018374
v 0.612977 -0.265473 -0.027951
v 0.594902 -0.252223 -0.041211
v 0.576921 -0.234455 -0.057648
v 0.559725 -0.212852 -0.076627
v 0.543975 -0.188245 -0.097421
v 0.674175 -0.131058 -0.100656
v 0.680977 -0.154500 -0.073764
v 0.684566 -0.177179 -0.048796
v 0.684803 -0.198225 -0.026711
v 0.681679 -0.216828 -0.008359
v 0.675315 -0.232274 0.005555
v 0.665954 -0.243968 0.014497
v 0.653956 -0.251463 0.018123
v 0.639784 -0.254469 0.016294
v 0.623980 -0.252871 0.009080
v 0.607153 -0.246731 -0.003243
v 0.589949 -0.236284 -0.020199
v 0.573030 -0.221932 -0.041138
v 0.557044 -0.204226 -0.065255
v 0.542608 -0.183848 -0.091624
v 0.672384 -0.125785 -0.095923
v 0.677464 -0.144156 -0.064480
v 0.679466 -0.162162 -0.035317
v 0.678312 -0.179112 -0.009556
v 0.674047 -0.194354 0.011813
v 0.666834 -0.207302 0.027969
v 0.656951 -0.217459 0.038292
v 0.644777 -0.224434 0.042384
v 0.630780 -0.227959 0.040089
v 0.615499 -0.227899 0.031494
v 0.599520 -0.224257 0.016929
v 0.583458 -0.217171 -0.003044
v 0.567930 -0.206915 -0.027660
v 0.553532 -0.193883 -0.055971
v 0.540817 -0.178575 -0.086891
v 0.670237 -0.119839 -0.092436
v 0.673254 -0.132492 -0.057640
v 0.673354 -0.145229 -0.025387
v 0.670532 -0.157560 0.003082
v 0.664899 -0.169012 0.026674
v 0.656669 -0.179143 0.044482
v 0.646160 -0.187565 0.055822
v 0.633775 -0.193955 0.060257
v 0.619990 -0.198066 0.057618
v 0.605335 -0.199741 0.048006
v 0.590372 -0.198915 0.031790
v 0.575678 -0.195620 0.009594
v 0.561817 -0.189982 -0.017730
v 0.549321 -0.182219 -0.049131
v 0.538671 -0.172629 -0.083404
v 0.667818 -0.113448 -0.090330
v 0.668508 -0.119957 -0.053508
v 0.666463 -0.127030 -0.019388
v 0.661763 -0.134398 0.010718
v 0.654587 -0.141775 0.035652
v 0.645211 -0.148879 0.054458
v 0.633996 -0.155438 0.066413
v 0.621373 -0.161198 0.071056
v 0.607826 -0.165938 0.068209
v 0.593876 -0.169477 0.057983
v 0.580060 -0.171678 0.040769
v 0.566909 -0.172457 0.017230
v 0.554927 -0.171783 -0.011731
v 0.544575 -0.169683 -0.044999
v 0.536251 -0.166238 -0.081297
v 0.665218 -0.106859 -0.089684
v 0.663408 -0.107031 -0.052241
v 0.659060 -0.108265 -0.017550
v 0.652340 -0.110514 0.013057
v 0.643507 -0.113691 0.038404
v 0.632900 -0.117674 0.057515
v 0.620927 -0.122310 0.069658
v 0.608047 -0.127421 0.074364
v 0.594756 -0.132810 0.071455
v 0.581565 -0.138271 0.061040
v 0.568981 -0.143594 0.043520
v 0.557486 -0.148573 0.019569
v 0.547524 -0.153018 -0.009892
v 0.539476 -0.156758 -0.043733
v 0.533652 -0.159648 -0.080652
v 0.662538 -0.100324 -0.090524
v 0.658152 -0.094212 -0.053890
v 0.651429 -0.089654 -0.019943
v 0.642627 -0.086827 0.010011
v 0.632086 -0.085838 0.034822
v 0.620209 -0.086725 0.053536
v 0.607454 -0.089455 0.065433
v 0.594311 -0.093923 0.070057
v 0.581284 -0.099956 0.067230
v 0.568874 -0.107323 0.057060
v 0.557559 -0.115741 0.039938
v 0.547773 -0.124886 0.016523
v 0.539892 -0.134407 -0.012286
v 0.534219 -0.143938 -0.045381
v 0.530972 -0.153113 -0.081492
v 0.659881 -0.094094 -0.092819
v 0.652940 -0.081992 -0.058390
v 0.643862 -0.071914 -0.026476
v 0.632996 -0.064247 0.001697
v 0.620761 -0.059287 0.025045
v 0.607626 -0.057224 0.042672
v 0.594096 -0.058136 0.053900
v 0.580691 -0.061990 0.058298
v 0.567926 -0.068637 0.055697
v 0.556291 -0.077821 0.046196
v 0.546235 -0.089190 0.030161
v 0.538142 -0.102306 0.008209
v 0.532325 -0.116667 -0.018818
v 0.529007 -0.131718 -0.049881
v 0.528315 -0.146884 -0.083786
v 0.657349 -0.088409 -0.096478
v 0.647972 -0.070840 -0.065568
v 0.636651 -0.055725 -0.036897
v 0.623818 -0.043643 -0.011567
v 0.609969 -0.035058 0.009448
v 0.595634 -0.030302 0.025342
v 0.581365 -0.029557 0.035502
v 0.567711 -0.032851 0.039540
v 0.555195 -0.040057 0.037299
v 0.544300 -0.050900 0.028866
v 0.535442 -0.064961 0.014565
v 0.528964 -0.081702 -0.005055
v 0.525114 -0.100478 -0.029240
v 0.524040 -0.120567 -0.057060
v 0.525783 -0.141199 -0.087446
v 0.655039 -0.083488 -0.101362
v 0.643441 -0.061187 -0.075149
v 0.630072 -0.041709 -0.050807
v 0.615445 -0.025805 -0.029271
v 0.600123 -0.014083 -0.011369
v 0.584695 -0.006996 0.002211
v 0.569752 -0.004815 0.010947
v 0.555870 -0.007624 0.014503
v 0.543582 -0.015315 0.012744
v 0.533360 -0.027593 0.005735
v 0.525597 -0.043986 -0.006253
v 0.520591 -0.063864 -0.022759
v 0.518536 -0.086462 -0.043149
v 0.519508 -0.110913 -0.066641
v 0.523473 -0.136277 -0.092330
v 0.530276 -0.161579 -0.119230
v 0.653040 -0.079519 -0.107284
v 0.639520 -0.053401 -0.086765
v 0.624379 -0.030407 -0.067670
v 0.608200 -0.011419 -0.050734
v 0.591604 0.002833 -0.036606
v 0.575228 0.011800 -0.025831
v 0.559702 0.015139 -0.018823
v 0.545623 0.012721 -0.015850
v 0.533532 0.004638 -0.017026
v 0.523893 -0.008797 -0.022307
v 0.517077 -0.027070 -0.031490
v 0.513346 -0.049478 -0.044221
v 0.512843 -0.075159 -0.060013
v 0.515587 -0.103128 -0.078256
v 0.521474 -0.132308 -0.098251
v 0.651429 -0.076655 -0.114015
v 0.636359 -0.047783 -0.099968
v 0.619791 -0.022251 -0.086839
v 0.602360 -0.001038 -0.075131
v 0.584736 0.015039 -0.065294
v 0.567597 0.025363 -0.057708
v 0.551602 0.029537 -0.052662
v 0.537364 0.027401 -0.050352
v 0.525432 0.019037 -0.050866
v 0.516263 0.004766 -0.054183
v 0.510210 -0.014864 -0.060178
v 0.507506 -0.039097 -0.068618
v 0.508254 -0.067003 -0.079181
v 0.512426 -0.097510 -0.091460
v 0.519862 -0.129444 -0.104983
v 0.650267 -0.075006 -0.121297
v 0.634081 -0.044549 -0.114252
v 0.616483 -0.017555 -0.107576
v 0.598150 0.004939 -0.101524
v 0.579786 0.022067 -0.096330
v 0.562097 0.033172 -0.092193
v 0.545762 0.037827 -0.089272
v 0.531410 0.035853 -0.087679
v 0.519592 0.027327 -0.087475
v 0.510762 0.012575 -0.088668
v 0.505259 -0.007836 -0.091214
v 0.503296 -0.033121 -0.095012
v 0.504946 -0.062308 -0.099919
v 0.510148 -0.094275 -0.105744
v 0.518701 -0.127795 -0.112265
v 0.649600 -0.074635 -0.128850
v 0.632772 -0.043822 -0.129068
v 0.614583 -0.016500 -0.129085
v 0.595731 0.006282 -0.128901
v 0.576942 0.023646 -0.128521
v 0.558937 0.034927 -0.127962
v 0.542408 0.039690 -0.127244
v 0.527990 0.037753 -0.126394
v 0.516238 0.029189 -0.125447
v 0.507602 0.014329 -0.124437
v 0.502416 -0.006257 -0.123405
v 0.500877 -0.031778 -0.122389
v 0.503046 -0.061252 -0.121428
v 0.508839 -0.093548 -0.120560
v 0.518033 -0.127425 -0.119818
v 0.649453 -0.075557 -0.136384
v 0.632483 -0.045631 -0.143847
v 0.614164 -0.019126 -0.150540
v 0.595198 0.002939 -0.156207
v 0.576315 0.019716 -0.160631
v 0.558240 0.030560 -0.163640
v 0.541668 0.035054 -0.165119
v 0.527235 0.033026 -0.165012
v 0.515497 0.024553 -0.163322
v 0.506905 0.009962 -0.160115
v 0.501788 -0.010187 -0.155514
v 0.500344 -0.035120 -0.149695
v 0.502627 -0.063878 -0.142883
v 0.508550 -0.095357 -0.135338
v 0.517886 -0.128347 -0.127352
v 0.649831 -0.077737 -0.143609
v 0.633225 -0.049906 -0.158019
v 0.615241 -0.025332 -0.171116
v 0.596569 -0.004960 -0.182395
v 0.577927 0.010428 -0.191424
v 0.560032 0.020239 -0.197856
v 0.543570 0.024098 -0.201443
v 0.529175 0.021855 -0.202047
v 0.517400 0.013597 -0.199646
v 0.508697 -0.000358 -0.194331
v 0.503401 -0.019475 -0.186308
v 0.501715 -0.043019 -0.175883
v 0.503705 -0.070085 -0.163458
v 0.509293 -0.099632 -0.149511
v 0.518265 -0.130526 -0.134577
v 0.650720 -0.081089 -0.150248
v 0.634970 -0.056482 -0.171042
v 0.617774 -0.034880 -0.190021
v 0.599793 -0.017112 -0.206458
v 0.581718 -0.003862 -0.219719
v 0.564244 0.004361 -0.229295
v 0.548042 0.007242 -0.234818
v 0.533735 0.004669 -0.236076
v 0.521872 -0.003259 -0.233021
v 0.512909 -0.016236 -0.225770
v 0.507192 -0.033765 -0.214602
v 0.504939 -0.055171 -0.199945
v 0.506238 -0.079633 -0.182364
v 0.511038 -0.106209 -0.162533
v 0.519154 -0.133879 -0.141216
v 0.652087 -0.085487 -0.156045
v 0.637651 -0.065108 -0.182414
v 0.621666 -0.047403 -0.206531
v 0.604746 -0.033051 -0.227470
v 0.587542 -0.022604 -0.244427
v 0.570715 -0.016464 -0.256749
v 0.554911 -0.014866 -0.263963
v 0.540739 -0.017872 -0.265792
v 0.528741 -0.025367 -0.262166
v 0.519380 -0.037061 -0.253224
v 0.513016 -0.052507 -0.239310
v 0.509892 -0.071110 -0.220958
v 0.510129 -0.092156 -0.198873
v 0.513718 -0.114835 -0.173905
v 0.520521 -0.138277 -0.147013
v 0.653878 -0.090760 -0.160778
v 0.641163 -0.075452 -0.191698
v 0.626765 -0.062420 -0.220009
v 0.611237 -0.052164 -0.244625
v 0.595175 -0.045078 -0.264599
v 0.579196 -0.041436 -0.279163
v 0.563915 -0.041376 -0.287758
v 0.549918 -0.044901 -0.290053
v 0.537744 -0.051876 -0.285961
v 0.527861 -0.062033 -0.275638
v 0.520648 -0.074981 -0.259482
v 0.516383 -0.090223 -0.238113
v 0.515229 -0.107172 -0.212352
v 0.517231 -0.125179 -0.183189
v 0.522311 -0.143550 -0.151746
v 0.656024 -0.096706 -0.164265
v 0.645374 -0.087116 -0.198538
v 0.632878 -0.079353 -0.229939
v 0.619017 -0.073715 -0.257263
v 0.604323 -0.070420 -0.279459
v 0.589361 -0.069594 -0.295675
v 0.574706 -0.071269 -0.305287
v 0.560921 -0.075380 -0.307926
v 0.548535 -0.081769 -0.303491
v 0.538026 -0.090192 -0.292151
v 0.529796 -0.100323 -0.274343
v 0.524163 -0.111774 -0.250751
v 0.521342 -0.124106 -0.222282
v 0.521441 -0.136842 -0.190029
v 0.524458 -0.149496 -0.155233
v 0.658444 -0.103097 -0.166372
v 0.650120 -0.099651 -0.202670
v 0.639768 -0.097552 -0.235938
v 0.627786 -0.096878 -0.264899
v 0.614635 -0.097657 -0.288438
v 0.600819 -0.099858 -0.305652
v 0.586869 -0.103397 -0.315878
v 0.573323 -0.108137 -0.318725
v 0.560699 -0.113897 -0.314082
v 0.549484 -0.120455 -0.302127
v 0.540108 -0.127560 -0.283321
v 0.532932 -0.134937 -0.258387
v 0.528232 -0.142304 -0.228281
v 0.526187 -0.149378 -0.194162
v 0.526877 -0.155886 -0.157339
v 0.661043 -0.109686 -0.167017
v 0.655219 -0.112577 -0.203936
v 0.637209 -0.120762 -0.267238
v 0.613130 -0.131064 -0.308709
v 0.561795 -0.151661 -0.305184
v 0.542355 -0.158821 -0.260726
v 0.535635 -0.161070 -0.230119
v 0.531287 -0.162304 -0.195428
v 0.529477 -0.162476 -0.157985
v -0.564571 -0.168171 -0.023386
v -0.589891 -0.169130 -0.075790
v -0.618444 -0.165253 -0.103065
v -0.632576 -0.161659 -0.105811
v -0.645883 -0.157131 -0.101060
v -0.668031 -0.146000 -0.070078
v -0.548021 -0.168627 0.047865
v -0.557664 -0.177867 0.013193
v -0.569362 -0.185551 -0.018555
v -0.582665 -0.191383 -0.046160
v -0.597062 -0.195140 -0.068560
v -0.611999 -0.196676 -0.084895
v -0.626902 -0.195934 -0.094537
v -0.641200 -0.192941 -0.097116
v -0.654341 -0.187812 -0.092532
v -0.665822 -0.180745 -0.080961
v -0.675201 -0.172010 -0.062848
v -0.682118 -0.161945 -0.038890
v -0.686306 -0.150935 -0.010007
v -0.687606 -0.139404 0.022692
v -0.685966 -0.127795 0.057949
v -0.549478 -0.174313 0.050959
v -0.560522 -0.189021 0.019262
v -0.573511 -0.201744 -0.009745
v -0.587946 -0.211993 -0.034947
v -0.603271 -0.219374 -0.055375
v -0.618898 -0.223604 -0.070245
v -0.634227 -0.224520 -0.078984
v -0.648668 -0.222087 -0.081258
v -0.661666 -0.216398 -0.076979
v -0.672722 -0.207672 -0.066310
v -0.681411 -0.196245 -0.049663
v -0.687399 -0.182555 -0.027677
v -0.690455 -0.167128 -0.001197
v -0.690464 -0.150558 0.028760
v -0.687423 -0.133481 0.061042
v -0.550653 -0.179364 0.055331
v -0.562828 -0.198929 0.027838
v -0.576859 -0.216128 0.002706
v -0.592206 -0.230300 -0.019100
v -0.608281 -0.240902 -0.036741
v -0.624465 -0.247524 -0.049540
v -0.640137 -0.249914 -0.057004
v -0.654693 -0.247978 -0.058847
v -0.667576 -0.241792 -0.054999
v -0.678289 -0.231592 -0.045606
v -0.686421 -0.217772 -0.031029
v -0.691659 -0.200862 -0.011830
v -0.693803 -0.181512 0.011254
v -0.692770 -0.160466 0.037336
v -0.688599 -0.138532 0.065415
v -0.551502 -0.183586 0.060814
v -0.564493 -0.207210 0.038593
v -0.579276 -0.228151 0.018319
v -0.595283 -0.245602 0.000772
v -0.611899 -0.258895 -0.013374
v -0.628485 -0.267517 -0.023576
v -0.644404 -0.271138 -0.029441
v -0.659045 -0.269618 -0.030745
v -0.671843 -0.263016 -0.027436
v -0.682309 -0.251585 -0.019642
v -0.690039 -0.235766 -0.007663
v -0.694736 -0.216164 0.008041
v -0.696220 -0.193535 0.026867
v -0.694435 -0.168747 0.048091
v -0.689447 -0.142754 0.070897
v -0.551992 -0.186816 0.067196
v -0.565454 -0.213547 0.051112
v -0.580671 -0.237350 0.036494
v -0.597058 -0.257311 0.023905
v -0.613986 -0.272662 0.013827
v -0.630804 -0.282815 0.006648
v -0.646866 -0.287378 0.002645
v -0.661554 -0.286176 0.001970
v -0.674305 -0.279256 0.004651
v -0.684628 -0.266883 0.010583
v -0.692126 -0.249533 0.019539
v -0.696511 -0.227873 0.031174
v -0.697615 -0.202734 0.045043
v -0.695395 -0.175084 0.060610
v -0.689937 -0.145984 0.077280
v -0.540803 -0.158185 0.084129
v -0.552103 -0.188931 0.074233
v -0.565672 -0.217695 0.064915
v -0.580988 -0.243372 0.056534
v -0.597462 -0.264975 0.049410
v -0.614461 -0.281675 0.043818
v -0.631332 -0.292829 0.039973
v -0.647427 -0.298009 0.038022
v -0.662126 -0.297015 0.038040
v -0.674866 -0.289887 0.040027
v -0.685156 -0.276897 0.043907
v -0.692601 -0.258546 0.049530
v -0.696915 -0.235537 0.056680
v -0.697933 -0.208756 0.065082
v -0.695614 -0.179232 0.074414
v -0.690049 -0.148099 0.084316
v -0.551833 -0.189848 0.081654
v -0.565141 -0.219495 0.079472
v -0.580217 -0.245985 0.077667
v -0.596481 -0.268302 0.076307
v -0.613307 -0.285586 0.075446
v -0.630050 -0.297175 0.075116
v -0.646065 -0.302623 0.075329
v -0.660738 -0.301720 0.076079
v -0.673504 -0.294501 0.077335
v -0.683874 -0.281243 0.079050
v -0.691447 -0.262457 0.081157
v -0.695934 -0.238864 0.083577
v -0.697161 -0.211370 0.086215
v -0.695083 -0.181032 0.088970
v -0.689778 -0.149017 0.091737
v -0.551190 -0.189534 0.089174
v -0.563881 -0.218878 0.094223
v -0.578387 -0.245090 0.099081
v -0.594151 -0.267162 0.103563
v -0.610568 -0.284246 0.107495
v -0.627006 -0.295686 0.110727
v -0.642834 -0.301042 0.113134
v -0.657444 -0.300108 0.114624
v -0.670273 -0.292920 0.115140
v -0.680830 -0.279755 0.114661
v -0.688708 -0.261117 0.113207
v -0.693604 -0.237724 0.110832
v -0.695331 -0.210474 0.107630
v -0.693822 -0.180416 0.103721
v -0.689135 -0.148702 0.099257
v -0.550200 -0.188000 0.096504
v -0.561939 -0.215868 0.108601
v -0.575567 -0.240720 0.119955
v -0.590563 -0.261600 0.130130
v -0.606349 -0.277706 0.138734
v -0.622318 -0.288419 0.145438
v -0.637857 -0.293328 0.149983
v -0.652369 -0.292243 0.152195
v -0.665296 -0.285206 0.151989
v -0.676142 -0.272488 0.149372
v -0.684488 -0.254577 0.144446
v -0.690016 -0.232162 0.137399
v -0.692512 -0.206105 0.128503
v -0.691880 -0.177406 0.118099
v -0.688145 -0.147168 0.106587
v -0.548901 -0.185304 0.103362
v -0.559390 -0.210580 0.122053
v -0.571868 -0.233044 0.139484
v -0.585854 -0.251830 0.154986
v -0.600812 -0.266218 0.167963
v -0.616165 -0.275654 0.177915
v -0.631326 -0.279776 0.184460
v -0.645710 -0.278425 0.187348
v -0.658765 -0.271654 0.186466
v -0.669989 -0.259722 0.181849
v -0.678951 -0.243088 0.173674
v -0.685307 -0.222392 0.162256
v -0.688812 -0.198428 0.148033
v -0.689332 -0.172118 0.131551
v -0.686846 -0.144472 0.113445
v -0.547342 -0.181551 0.109484
v -0.556333 -0.203218 0.134063
v -0.567430 -0.222356 0.156920
v -0.580205 -0.238227 0.177178
v -0.594169 -0.250222 0.194057
v -0.608785 -0.257880 0.206909
v -0.623491 -0.260908 0.215241
v -0.637721 -0.259187 0.218731
v -0.650930 -0.252786 0.217247
v -0.662609 -0.241949 0.210844
v -0.672309 -0.227093 0.199769
v -0.679658 -0.208789 0.184448
v -0.684374 -0.187740 0.165469
v -0.686275 -0.164756 0.143561
v -0.685287 -0.140719 0.119567
v -0.545584 -0.176884 0.114636
v -0.552885 -0.194065 0.144169
v -0.562424 -0.209067 0.171592
v -0.573834 -0.221313 0.195852
v -0.586677 -0.230334 0.216015
v -0.600460 -0.235782 0.231308
v -0.614653 -0.237448 0.241142
v -0.628711 -0.235268 0.245140
v -0.642092 -0.229326 0.243148
v -0.654284 -0.219850 0.235242
v -0.664817 -0.207205 0.221727
v -0.673287 -0.191875 0.203121
v -0.679368 -0.174451 0.180140
v -0.682826 -0.155602 0.153667
v -0.683530 -0.136053 0.124720
v -0.543695 -0.171484 0.118620
v -0.549178 -0.183472 0.151983
v -0.557042 -0.193688 0.182936
v -0.566985 -0.201739 0.210290
v -0.578624 -0.207317 0.232992
v -0.591512 -0.210207 0.250172
v -0.605153 -0.210298 0.261168
v -0.619025 -0.207586 0.265558
v -0.632592 -0.202176 0.263174
v -0.645335 -0.194276 0.254106
v -0.656763 -0.184188 0.238704
v -0.666438 -0.172301 0.217559
v -0.673986 -0.159072 0.191484
v -0.679120 -0.145009 0.161481
v -0.681640 -0.130652 0.128703
v -0.541746 -0.165557 0.121281
v -0.545355 -0.171846 0.157204
v -0.551492 -0.176809 0.190516
v -0.559921 -0.180258 0.219937
v -0.570318 -0.182057 0.244337
v -0.582282 -0.182140 0.262777
v -0.595355 -0.180502 0.274550
v -0.609035 -0.177207 0.279202
v -0.622795 -0.172380 0.276555
v -0.636106 -0.166208 0.266711
v -0.648457 -0.158928 0.250048
v -0.659374 -0.150820 0.227207
v -0.668437 -0.142194 0.199064
v -0.675297 -0.133383 0.166702
v -0.679691 -0.124725 0.131365
v -0.539813 -0.159332 0.122519
v -0.541563 -0.159634 0.159632
v -0.545987 -0.159081 0.194041
v -0.552914 -0.157693 0.224424
v -0.562078 -0.155525 0.249612
v -0.573127 -0.152658 0.268639
v -0.585637 -0.149204 0.280773
v -0.599125 -0.145296 0.285547
v -0.613076 -0.141082 0.282778
v -0.626951 -0.136727 0.272573
v -0.640218 -0.132395 0.255324
v -0.652367 -0.128255 0.231693
v -0.662931 -0.124465 0.202589
v -0.671505 -0.121171 0.169130
v -0.677758 -0.118500 0.132603
v -0.537969 -0.153047 0.122285
v -0.537947 -0.147306 0.159174
v -0.540738 -0.141183 0.193375
v -0.546233 -0.134913 0.223576
v -0.554222 -0.128738 0.248616
v -0.564398 -0.122895 0.267532
v -0.576370 -0.117608 0.279597
v -0.589677 -0.113080 0.284349
v -0.603809 -0.109486 0.281603
v -0.618222 -0.106963 0.271466
v -0.632362 -0.105609 0.254328
v -0.645686 -0.105475 0.230846
v -0.657682 -0.106567 0.201924
v -0.667889 -0.108843 0.168672
v -0.675914 -0.112215 0.132369
v -0.536287 -0.146944 0.120589
v -0.534647 -0.135335 0.155846
v -0.535947 -0.123803 0.188545
v -0.540135 -0.112794 0.217428
v -0.547052 -0.102728 0.241386
v -0.556431 -0.093994 0.259499
v -0.567912 -0.086927 0.271070
v -0.581053 -0.081798 0.275654
v -0.595351 -0.078805 0.273075
v -0.610254 -0.078063 0.263433
v -0.625191 -0.079599 0.247098
v -0.639588 -0.083356 0.224698
v -0.652891 -0.089188 0.197093
v -0.664589 -0.096872 0.165344
v -0.674232 -0.106112 0.130672
v -0.534830 -0.141258 0.117496
v -0.531789 -0.124181 0.149778
v -0.531797 -0.107611 0.179735
v -0.534854 -0.092184 0.206215
v -0.540842 -0.078494 0.228201
v -0.549531 -0.067066 0.244848
v -0.560587 -0.058341 0.255517
v -0.573585 -0.052652 0.259796
v -0.588026 -0.050219 0.257522
v -0.603355 -0.051135 0.248783
v -0.618982 -0.055365 0.233913
v -0.634307 -0.062746 0.213485
v -0.648742 -0.072995 0.188283
v -0.661731 -0.085718 0.159276
v -0.672775 -0.100426 0.127579
v -0.533654 -0.136207 0.113123
v -0.529483 -0.114273 0.141202
v -0.528450 -0.093226 0.167284
v -0.530594 -0.073876 0.190368
v -0.535832 -0.056967 0.209567
v -0.543964 -0.043146 0.224143
v -0.554677 -0.032947 0.233536
v -0.567560 -0.026761 0.237385
v -0.582116 -0.024825 0.235542
v -0.597788 -0.027215 0.228078
v -0.613972 -0.033837 0.215279
v -0.630046 -0.044438 0.197638
v -0.645394 -0.058611 0.175832
v -0.659425 -0.075810 0.150700
v -0.671600 -0.095375 0.123207
v -0.532805 -0.131985 0.107641
v -0.527818 -0.105991 0.130447
v -0.526032 -0.081204 0.151671
v -0.527517 -0.058575 0.170497
v -0.532214 -0.038973 0.186201
v -0.539944 -0.023153 0.198180
v -0.550410 -0.011723 0.205974
v -0.563208 -0.005121 0.209282
v -0.577849 -0.003601 0.207979
v -0.593768 -0.007222 0.202114
v -0.610354 -0.015844 0.191912
v -0.626970 -0.029137 0.177766
v -0.642977 -0.046588 0.160219
v -0.657760 -0.067529 0.139945
v -0.670751 -0.091153 0.117724
v -0.681450 -0.116554 0.094409
v -0.532316 -0.128755 0.101258
v -0.526858 -0.099655 0.117928
v -0.524638 -0.072005 0.133495
v -0.525742 -0.046866 0.147364
v -0.530127 -0.025206 0.158999
v -0.537625 -0.007856 0.167955
v -0.547948 0.004517 0.173887
v -0.560699 0.011437 0.176567
v -0.575387 0.012639 0.175893
v -0.591449 0.008076 0.171889
v -0.608267 -0.002077 0.164711
v -0.625195 -0.017428 0.154633
v -0.641582 -0.037389 0.142044
v -0.656799 -0.061192 0.127426
v -0.670261 -0.087923 0.111342
v -0.532204 -0.126640 0.094222
v -0.526639 -0.095507 0.104124
v -0.524320 -0.065983 0.113456
v -0.525338 -0.039202 0.121858
v -0.529652 -0.016193 0.129008
v -0.537097 0.002158 0.134631
v -0.547387 0.015148 0.138511
v -0.560127 0.022276 0.140498
v -0.574826 0.023270 0.140516
v -0.590921 0.018090 0.138565
v -0.607792 0.006936 0.134720
v -0.624791 -0.009764 0.129128
v -0.641265 -0.031367 0.122004
v -0.656580 -0.057044 0.113623
v -0.670149 -0.085808 0.104305
v -0.532475 -0.125722 0.086801
v -0.527170 -0.093707 0.089568
v -0.525092 -0.063369 0.092323
v -0.526319 -0.035875 0.094961
v -0.530806 -0.012282 0.097380
v -0.538379 0.006505 0.099488
v -0.548748 0.019762 0.101203
v -0.561515 0.026981 0.102459
v -0.576187 0.027884 0.103209
v -0.592203 0.022436 0.103422
v -0.608946 0.010847 0.103092
v -0.625772 -0.006437 0.102231
v -0.642036 -0.028754 0.100871
v -0.657112 -0.055244 0.099066
v -0.670420 -0.084890 0.096884
v -0.533118 -0.126037 0.079281
v -0.528431 -0.094323 0.074817
v -0.526922 -0.064264 0.070908
v -0.528649 -0.037015 0.067705
v -0.533545 -0.013622 0.065331
v -0.541423 0.005016 0.063877
v -0.551980 0.018181 0.063398
v -0.564809 0.025369 0.063914
v -0.579419 0.026303 0.065404
v -0.595247 0.020947 0.067811
v -0.611685 0.009507 0.071043
v -0.628102 -0.007577 0.074975
v -0.643866 -0.029649 0.079457
v -0.658372 -0.055861 0.084315
v -0.671063 -0.085205 0.089364
v -0.534108 -0.127571 0.071951
v -0.530373 -0.097333 0.060439
v -0.529741 -0.068634 0.050035
v -0.532237 -0.042577 0.041139
v -0.537765 -0.020162 0.034092
v -0.546111 -0.002251 0.029166
v -0.556957 0.010467 0.026549
v -0.569884 0.017504 0.026343
v -0.584396 0.018589 0.028555
v -0.599935 0.013681 0.033100
v -0.615904 0.002968 0.039804
v -0.631690 -0.013139 0.048408
v -0.646685 -0.034019 0.058583
v -0.660314 -0.058871 0.069937
v -0.672053 -0.086739 0.082034
v -0.535407 -0.130267 0.065093
v -0.532921 -0.102621 0.046987
v -0.533441 -0.076311 0.030505
v -0.536946 -0.052347 0.016282
v -0.543302 -0.031650 0.004864
v -0.552264 -0.015017 -0.003311
v -0.563488 -0.003085 -0.007928
v -0.576543 0.003686 -0.008810
v -0.590927 0.005037 -0.005922
v -0.606087 0.000915 0.000623
v -0.621441 -0.008521 0.010575
v -0.636399 -0.022909 0.023552
v -0.650385 -0.041695 0.039053
v -0.662863 -0.064158 0.056485
v -0.673352 -0.089435 0.075176
v -0.536965 -0.134020 0.058970
v -0.535978 -0.109983 0.034977
v -0.537879 -0.086999 0.013069
v -0.542595 -0.065950 -0.005910
v -0.549944 -0.047646 -0.021231
v -0.559644 -0.032790 -0.032306
v -0.571323 -0.021953 -0.038709
v -0.584532 -0.015552 -0.040193
v -0.598762 -0.013831 -0.036703
v -0.613468 -0.016858 -0.028371
v -0.628084 -0.024517 -0.015519
v -0.642048 -0.036512 0.001360
v -0.654823 -0.052383 0.021618
v -0.665920 -0.071520 0.044475
v -0.674911 -0.093188 0.069054
v -0.538723 -0.138686 0.053818
v -0.539426 -0.119137 0.024871
v -0.542885 -0.100288 -0.001602
v -0.548966 -0.082864 -0.024583
v -0.557436 -0.067534 -0.043189
v -0.567969 -0.054889 -0.056704
v -0.580160 -0.045413 -0.064610
v -0.593542 -0.039471 -0.066602
v -0.607599 -0.037291 -0.062604
v -0.621792 -0.038957 -0.052770
v -0.635575 -0.044405 -0.037477
v -0.648419 -0.053426 -0.017314
v -0.659829 -0.065672 0.006946
v -0.669368 -0.080674 0.034369
v -0.676669 -0.097855 0.063902
v -0.540613 -0.144087 0.049835
v -0.543133 -0.129730 0.017057
v -0.548266 -0.115667 -0.012946
v -0.555815 -0.102437 -0.039021
v -0.565490 -0.090551 -0.060166
v -0.576918 -0.080463 -0.075568
v -0.589661 -0.072563 -0.084636
v -0.603228 -0.067152 -0.087020
v -0.617100 -0.064441 -0.082630
v -0.630741 -0.064531 -0.071634
v -0.643629 -0.067421 -0.054454
v -0.655268 -0.072999 -0.031752
v -0.665211 -0.081051 -0.004398
v -0.673075 -0.091267 0.026555
v -0.678558 -0.103255 0.059918
v -0.542562 -0.150013 0.047173
v -0.546956 -0.141356 0.011836
v -0.553816 -0.132545 -0.020526
v -0.562879 -0.123919 -0.048669
v -0.573796 -0.115811 -0.071510
v -0.586147 -0.108531 -0.088173
v -0.599458 -0.102359 -0.098017
v -0.613218 -0.097532 -0.100664
v -0.626897 -0.094237 -0.096012
v -0.639971 -0.092599 -0.084239
v -0.651935 -0.092681 -0.065799
v -0.662332 -0.094481 -0.041399
v -0.670761 -0.097929 -0.011978
v -0.676898 -0.102893 0.021334
v -0.680507 -0.109182 0.057257
v -0.544495 -0.156239 0.045935
v -0.550748 -0.153567 0.009408
v -0.559322 -0.150274 -0.024051
v -0.569886 -0.146484 -0.053155
v -0.582035 -0.142344 -0.076786
v -0.595302 -0.138012 -0.094035
v -0.609177 -0.133656 -0.104240
v -0.623127 -0.129443 -0.107009
v -0.636616 -0.125534 -0.102234
v -0.649126 -0.122081 -0.090101
v -0.660175 -0.119214 -0.071074
v -0.669339 -0.117046 -0.045886
v -0.676266 -0.115658 -0.015503
v -0.680690 -0.115105 0.018906
v -0.682440 -0.115407 0.056019
v -0.546338 -0.162524 0.046169
v -0.554364 -0.165896 0.009866
v -0.576567 -0.169263 -0.052308
v -0.604031 -0.167775 -0.092928
v -0.657855 -0.151844 -0.088994
v -0.676020 -0.139825 -0.045038
v -0.681515 -0.133556 -0.014837
v -0.684305 -0.127433 0.019364
v -0.684284 -0.121692 0.056253
vn -0.1275 0.0941 -0.9874
vn -0.0131 0.9948 -0.1013
vn -0.0131 -0.9948 -0.1013
vn -0.1275 -0.0941 -0.9874
vn -0.0386 0.9535 -0.2990
vn -0.1230 -0.2795 -0.9522
vn -0.0623 0.8736 -0.4826
vn -0.1140 -0.4563 -0.8825
vn -0.0833 0.7599 -0.6446
vn -0.1006 -0.6187 -0.7792
vn -0.1006 0.6187 -0.7792
vn -0.0833 -0.7599 -0.6446
vn -0.1140 0.4563 -0.8825
vn -0.0623 -0.8736 -0.4826
vn -0.1230 0.2795 -0.9522
vn -0.0386 -0.9535 -0.2990
vn 0.0138 -0.8766 -0.4811
vn 0.0274 0.2832 -0.9587
vn 0.0085 -0.9547 -0.2974
vn 0.0284 0.0954 -0.9950
vn 0.0029 0.9949 -0.1006
vn 0.0029 -0.9949 -0.1006
vn 0.0284 -0.0954 -0.9950
vn 0.0085 0.9547 -0.2974
vn 0.0274 -0.2832 -0.9587
vn 0.0138 0.8766 -0.4811
vn 0.0253 -0.4616 -0.8867
vn 0.0184 0.7646 -0.6443
vn 0.0223 -0.6242 -0.7810
vn 0.0223 0.6242 -0.7810
vn 0.0184 -0.7646 -0.6443
vn 0.0253 0.4616 -0.8867
vn 0.1686 -0.4718 -0.8654
vn 0.1213 0.7733 -0.6223
vn 0.1478 -0.6348 -0.7584
vn 0.1478 0.6348 -0.7584
vn 0.1213 -0.7733 -0.6223
vn 0.1686 0.4718 -0.8655
vn 0.0901 -0.8821 -0.4623
vn 0.1830 0.2905 -0.9392
vn 0.0555 -0.9570 -0.2847
vn 0.1903 0.0981 -0.9768
vn 0.0187 0.9952 -0.0961
vn 0.0187 -0.9952 -0.0961
vn 0.1903 -0.0981 -0.9768
vn 0.0555 0.9570 -0.2847
vn 0.1830 -0.2905 -0.9392
vn 0.0901 0.8821 -0.4623
vn 0.1006 -0.9600 -0.2611
vn 0.3576 0.1020 -0.9283
vn 0.0339 0.9956 -0.0879
vn 0.0339 -0.9956 -0.0879
vn 0.3576 -0.1020 -0.9283
vn 0.1006 0.9600 -0.2611
vn 0.3428 -0.3011 -0.8899
vn 0.1642 0.8895 -0.4263
vn 0.3142 -0.4861 -0.8155
vn 0.2226 0.7852 -0.5778
vn 0.2734 -0.6495 -0.7096
vn 0.2734 0.6495 -0.7096
vn 0.2226 -0.7852 -0.5778
vn 0.3142 0.4861 -0.8155
vn 0.1642 -0.8895 -0.4263
vn 0.3428 0.3011 -0.8899
vn 0.3189 0.7988 -0.5102
vn 0.3952 -0.6666 -0.6321
vn 0.3952 0.6666 -0.6321
vn 0.3189 -0.7988 -0.5102
vn 0.4581 0.5033 -0.7327
vn 0.2335 -0.8978 -0.3735
vn 0.5033 0.3138 -0.8051
vn 0.1422 -0.9634 -0.2274
vn 0.5271 0.1067 -0.8431
vn 0.0477 0.9959 -0.0763
vn 0.0477 -0.9959 -0.0763
vn 0.5271 -0.1067 -0.8431
vn 0.1422 0.9634 -0.2274
vn 0.5033 -0.3138 -0.8051
vn 0.2335 0.8978 -0.3735
vn 0.4581 -0.5033 -0.7327
vn 0.6907 0.1117 -0.7145
vn 0.0598 0.9963 -0.0618
vn 0.0598 -0.9963 -0.0618
vn 0.6907 -0.1117 -0.7145
vn 0.1785 0.9664 -0.1847
vn 0.6568 -0.3272 -0.6794
vn 0.2948 0.9056 -0.3049
vn 0.5933 -0.5208 -0.6138
vn 0.4057 0.8119 -0.4197
vn 0.5073 -0.6836 -0.5247
vn 0.5073 0.6836 -0.5247
vn 0.4057 -0.8119 -0.4197
vn 0.5933 0.5208 -0.6138
vn 0.2948 -0.9056 -0.3049
vn 0.6568 0.3272 -0.6794
vn 0.1785 -0.9664 -0.1847
vn 0.6018 -0.6976 -0.3888
vn 0.6018 0.6976 -0.3888
vn 0.4778 -0.8224 -0.3087
vn 0.7093 0.5356 -0.4583
vn 0.3450 -0.9117 -0.2229
vn 0.7903 0.3386 -0.5106
vn 0.2081 -0.9688 -0.1344
vn 0.8342 0.1161 -0.5390
vn 0.0695 0.9966 -0.0449
vn 0.0695 -0.9966 -0.0449
vn 0.8343 -0.1161 -0.5390
vn 0.2081 0.9688 -0.1344
vn 0.7903 -0.3386 -0.5106
vn 0.3450 0.9117 -0.2229
vn 0.7093 -0.5356 -0.4583
vn 0.4778 0.8224 -0.3087
vn 0.0765 0.9967 -0.0262
vn 0.0765 -0.9967 -0.0262
vn 0.9393 -0.1186 -0.3220
vn 0.2295 0.9701 -0.0787
vn 0.8877 -0.3454 -0.3044
vn 0.3814 0.9151 -0.1308
vn 0.7937 -0.5441 -0.2721
vn 0.5300 0.8283 -0.1817
vn 0.6704 -0.7056 -0.2298
vn 0.6704 0.7056 -0.2298
vn 0.5300 -0.8283 -0.1817
vn 0.7937 0.5441 -0.2721
vn 0.3814 -0.9151 -0.1308
vn 0.8877 0.3454 -0.3044
vn 0.2295 -0.9701 -0.0787
vn 0.9393 0.1186 -0.3220
vn 0.7063 0.7055 -0.0576
vn 0.5585 -0.8283 -0.0455
vn 0.8363 0.5441 -0.0682
vn 0.4019 -0.9151 -0.0328
vn 0.9354 0.3454 -0.0762
vn 0.2418 -0.9701 -0.0197
vn 0.9897 0.1186 -0.0807
vn 0.0807 0.9967 -0.0066
vn 0.0807 -0.9967 -0.0066
vn 0.9897 -0.1186 -0.0807
vn 0.2418 0.9701 -0.0197
vn 0.9354 -0.3454 -0.0763
vn 0.4019 0.9151 -0.0328
vn 0.8363 -0.5441 -0.0682
vn 0.5585 0.8283 -0.0455
vn 0.7063 -0.7056 -0.0576
vn 0.9802 -0.1161 0.1602
vn 0.2445 0.9688 0.0400
vn 0.9286 -0.3386 0.1518
vn 0.4054 0.9117 0.0663
vn 0.8334 -0.5356 0.1362
vn 0.5614 0.8224 0.0918
vn 0.7071 -0.6976 0.1156
vn 0.7071 0.6976 0.1156
vn 0.5614 -0.8224 0.0918
vn 0.8334 0.5356 0.1362
vn 0.4054 -0.9117 0.0663
vn 0.9286 0.3386 0.1518
vn 0.2445 -0.9688 0.0400
vn 0.9802 0.1161 0.1602
vn 0.0816 0.9966 0.0133
vn 0.0816 -0.9966 0.0133
vn 0.5398 -0.8119 0.2223
vn 0.7893 0.5208 0.3251
vn 0.3921 -0.9056 0.1615
vn 0.8738 0.3272 0.3599
vn 0.2375 -0.9664 0.0978
vn 0.9189 0.1117 0.3785
vn 0.0795 0.9963 0.0327
vn 0.0795 -0.9963 0.0327
vn 0.9189 -0.1117 0.3785
vn 0.2375 0.9664 0.0978
vn 0.8738 -0.3272 0.3599
vn 0.3921 0.9056 0.1615
vn 0.7893 -0.5208 0.3251
vn 0.5398 0.8119 0.2223
vn 0.6748 -0.6836 0.2780
vn 0.6748 0.6836 0.2780
vn 0.7834 -0.3138 0.5365
vn 0.3634 0.8978 0.2488
vn 0.7130 -0.5033 0.4882
vn 0.4964 0.7988 0.3399
vn 0.6151 -0.6666 0.4212
vn 0.6151 0.6666 0.4212
vn 0.4964 -0.7988 0.3399
vn 0.7130 0.5033 0.4882
vn 0.3634 -0.8978 0.2488
vn 0.7834 0.3138 0.5365
vn 0.2213 -0.9634 0.1515
vn 0.8204 0.1067 0.5618
vn 0.0743 0.9959 0.0509
vn 0.0743 -0.9959 0.0509
vn 0.8204 -0.1067 0.5618
vn 0.2213 0.9634 0.1515
vn 0.3211 -0.8895 0.3250
vn 0.6702 0.3011 0.6784
vn 0.1967 -0.9600 0.1991
vn 0.6992 0.1020 0.7076
vn 0.0662 0.9956 0.0670
vn 0.0662 -0.9956 0.0670
vn 0.6992 -0.1020 0.7076
vn 0.1967 0.9600 0.1991
vn 0.6702 -0.3011 0.6784
vn 0.3211 0.8895 0.3250
vn 0.6142 -0.4861 0.6216
vn 0.4352 0.7852 0.4405
vn 0.5344 -0.6495 0.5409
vn 0.5344 0.6495 0.5409
vn 0.4352 -0.7852 0.4405
vn 0.6142 0.4861 0.6216
vn 0.2675 0.8821 0.3877
vn 0.5008 -0.4718 0.7257
vn 0.3601 0.7733 0.5218
vn 0.4389 -0.6348 0.6360
vn 0.4389 0.6348 0.6360
vn 0.3601 -0.7733 0.5218
vn 0.5008 0.4718 0.7257
vn 0.2675 -0.8821 0.3877
vn 0.5435 0.2905 0.7875
vn 0.1647 -0.9570 0.2387
vn 0.5653 0.0981 0.8191
vn 0.0556 0.9952 0.0806
vn 0.0556 -0.9952 0.0806
vn 0.5653 -0.0981 0.8191
vn 0.1647 0.9570 0.2387
vn 0.5435 -0.2905 0.7875
vn 0.4087 0.2832 0.8676
vn 0.1268 -0.9547 0.2691
vn 0.4242 0.0954 0.9005
vn 0.0429 0.9949 0.0911
vn 0.0429 -0.9949 0.0911
vn 0.4242 -0.0954 0.9005
vn 0.1268 0.9547 0.2691
vn 0.4087 -0.2832 0.8676
vn 0.2051 0.8766 0.4354
vn 0.3780 -0.4616 0.8025
vn 0.2747 0.7646 0.5831
vn 0.3329 -0.6242 0.7068
vn 0.3329 0.6242 0.7068
vn 0.2747 -0.7646 0.5831
vn 0.3780 0.4616 0.8025
vn 0.2051 -0.8766 0.4354
vn 0.2486 -0.4563 0.8544
vn 0.1816 0.7599 0.6241
vn 0.2195 -0.6187 0.7544
vn 0.2195 0.6187 0.7544
vn 0.1816 -0.7599 0.6241
vn 0.2486 0.4564 0.8544
vn 0.1360 -0.8736 0.4673
vn 0.2683 0.2795 0.9219
vn 0.0842 -0.9535 0.2894
vn 0.2782 0.0941 0.9559
vn 0.0285 0.9948 0.0980
vn 0.0285 -0.9948 0.0980
vn 0.2782 -0.0941 0.9559
vn 0.0842 0.9535 0.2894
vn 0.2683 -0.2795 0.9219
vn 0.1360 0.8736 0.4673
vn 0.0386 -0.9535 0.2990
vn 0.1275 0.0941 0.9874
vn 0.0131 0.9948 0.1013
vn 0.0131 -0.9948 0.1013
vn 0.1275 -0.0941 0.9874
vn 0.0386 0.9535 0.2990
vn 0.1230 -0.2795 0.9522
vn 0.0623 0.8736 0.4826
vn 0.1140 -0.4564 0.8825
vn 0.0833 0.7599 0.6446
vn 0.1006 -0.6187 0.7792
vn 0.1006 0.6187 0.7792
vn 0.0833 -0.7599 0.6446
vn 0.1140 0.4563 0.8825
vn 0.0623 -0.8736 0.4826
vn 0.1230 0.2795 0.9522
vn -0.0184 0.7646 0.6443
vn -0.0223 -0.6242 0.7810
vn -0.0223 0.6242 0.7810
vn -0.0184 -0.7646 0.6443
vn -0.0253 0.4616 0.8867
vn -0.0138 -0.8766 0.4811
vn -0.0274 0.2832 0.9587
vn -0.0085 -0.9547 0.2974
vn -0.0284 0.0954 0.9950
vn -0.0029 0.9949 0.1006
vn -0.0029 -0.9949 0.1006
vn -0.0284 -0.0954 0.9950
vn -0.0085 0.9547 0.2974
vn -0.0274 -0.2832 0.9587
vn -0.0138 0.8766 0.4811
vn -0.0253 -0.4616 0.8867
vn -0.1903 0.0981 0.9768
vn -0.0187 0.9952 0.0961
vn -0.0187 -0.9952 0.0961
vn -0.1903 -0.0981 0.9768
vn -0.0555 0.9570 0.2847
vn -0.1830 -0.2905 0.9392
vn -0.0901 0.8821 0.4623
vn -0.1686 -0.4718 0.8655
vn -0.1213 0.7733 0.6223
vn -0.1478 -0.6348 0.7584
vn -0.1478 0.6348 0.7584
vn -0.1213 -0.7733 0.6223
vn -0.1686 0.4718 0.8655
vn -0.0901 -0.8821 0.4623
vn -0.1830 0.2905 0.9392
vn -0.0555 -0.9570 0.2847
vn -0.2734 -0.6495 0.7096
vn -0.2734 0.6495 0.7096
vn -0.2226 -0.7852 0.5778
vn -0.3142 0.4861 0.8155
vn -0.1642 -0.8895 0.4263
vn -0.3428 0.3011 0.8899
vn -0.1006 -0.9600 0.2611
vn -0.3576 0.1020 0.9283
vn -0.0339 0.9956 0.0879
vn -0.0339 -0.9956 0.0879
vn -0.3576 -0.1020 0.9283
vn -0.1006 0.9600 0.2611
vn -0.3428 -0.3011 0.8899
vn -0.1642 0.8895 0.4263
vn -0.3142 -0.4861 0.8155
vn -0.2226 0.7852 0.5778
vn -0.0477 -0.9959 0.0763
vn -0.5271 -0.1067 0.8431
vn -0.1422 0.9634 0.2274
vn -0.5033 -0.3138 0.8051
vn -0.2335 0.8978 0.3735
vn -0.4581 -0.5033 0.7327
vn -0.3189 0.7988 0.5102
vn -0.3952 -0.6666 0.6321
vn -0.3952 0.6666 0.6321
vn -0.3189 -0.7988 0.5102
vn -0.4581 0.5033 0.7327
vn -0.2335 -0.8978 0.3735
vn -0.5033 0.3138 0.8051
vn -0.1422 -0.9634 0.2274
vn -0.5271 0.1067 0.8431
vn -0.0477 0.9959 0.0763
vn -0.4057 -0.8119 0.4197
vn -0.5933 0.5208 0.6138
vn -0.2948 -0.9056 0.3049
vn -0.6568 0.3272 0.6794
vn -0.1785 -0.9664 0.1847
vn -0.6907 0.1117 0.7145
vn -0.0598 0.9963 0.0618
vn -0.0598 -0.9963 0.0618
vn -0.6907 -0.1117 0.7145
vn -0.1785 0.9664 0.1847
vn -0.6568 -0.3272 0.6794
vn -0.2948 0.9056 0.3049
vn -0.5933 -0.5208 0.6138
vn -0.4057 0.8119 0.4197
vn -0.5073 -0.6836 0.5247
vn -0.5073 0.6836 0.5247
vn -0.2081 0.9688 0.1344
vn -0.7903 -0.3386 0.5106
vn -0.3450 0.9117 0.2229
vn -0.7093 -0.5356 0.4583
vn -0.4778 0.8224 0.3087
vn -0.6018 -0.6976 0.3888
vn -0.6018 0.6976 0.3888
vn -0.4778 -0.8224 0.3087
vn -0.7093 0.5356 0.4583
vn -0.3450 -0.9117 0.2229
vn -0.7903 0.3386 0.5106
vn -0.2081 -0.9688 0.1344
vn -0.8343 0.1161 0.5390
vn -0.0695 0.9966 0.0449
vn -0.0695 -0.9966 0.0449
vn -0.8343 -0.1161 0.5390
vn -0.7937 0.5441 0.2721
vn -0.3814 -0.9151 0.1308
vn -0.8877 0.3454 0.3044
vn -0.2295 -0.9701 0.0787
vn -0.9393 0.1186 0.3220
vn -0.0765 0.9967 0.0262
vn -0.0765 -0.9967 0.0262
vn -0.9393 -0.1186 0.3220
vn -0.2295 0.9701 0.0787
vn -0.8877 -0.3454 0.3044
vn -0.3814 0.9151 0.1308
vn -0.7937 -0.5441 0.2721
vn -0.5300 0.8283 0.1817
vn -0.6704 -0.7055 0.2298
vn -0.6704 0.7055 0.2298
vn -0.5300 -0.8283 0.1817
vn -0.9354 -0.3454 0.0763
vn -0.4019 0.9151 0.0328
vn -0.8363 -0.5441 0.0682
vn -0.5585 0.8283 0.0455
vn -0.7063 -0.7056 0.0576
vn -0.7063 0.7055 0.0576
vn -0.5585 -0.8283 0.0455
vn -0.8363 0.5441 0.0682
vn -0.4019 -0.9151 0.0328
vn -0.9354 0.3454 0.0762
vn -0.2418 -0.9701 0.0197
vn -0.9897 0.1186 0.0807
vn -0.0807 0.9967 0.0066
vn -0.0807 -0.9967 0.0066
vn -0.9897 -0.1186 0.0807
vn -0.2418 0.9701 0.0197
vn -0.4054 -0.9117 -0.0663
vn -0.9286 0.3386 -0.1518
vn -0.2445 -0.9688 -0.0400
vn -0.9802 0.1161 -0.1602
vn -0.0816 0.9966 -0.0133
vn -0.0816 -0.9966 -0.0133
vn -0.9802 -0.1161 -0.1602
vn -0.2445 0.9688 -0.0400
vn -0.9286 -0.3386 -0.1518
vn -0.4054 0.9117 -0.0663
vn -0.8334 -0.5356 -0.1362
vn -0.5614 0.8224 -0.0918
vn -0.7071 -0.6976 -0.1156
vn -0.7071 0.6976 -0.1156
vn -0.5614 -0.8224 -0.0918
vn -0.8334 0.5356 -0.1362
vn -0.3921 0.9056 -0.1615
vn -0.7893 -0.5208 -0.3251
vn -0.5398 0.8119 -0.2223
vn -0.6748 -0.6836 -0.2780
vn -0.6748 0.6836 -0.2780
vn -0.5398 -0.8119 -0.2223
vn -0.7893 0.5208 -0.3251
vn -0.3921 -0.9056 -0.1615
vn -0.8738 0.3272 -0.3599
vn -0.2375 -0.9664 -0.0978
vn -0.9189 0.1117 -0.3785
vn -0.0795 0.9963 -0.0327
vn -0.0795 -0.9963 -0.0327
vn -0.9189 -0.1117 -0.3785
vn -0.2375 0.9664 -0.0978
vn -0.8738 -0.3272 -0.3599
vn -0.7834 0.3138 -0.5365
vn -0.2213 -0.9634 -0.1515
vn -0.8204 0.1067 -0.5618
vn -0.0743 0.9959 -0.0509
vn -0.0743 -0.9959 -0.0509
vn -0.8204 -0.1067 -0.5618
vn -0.2213 0.9634 -0.1515
vn -0.7834 -0.3138 -0.5365
vn -0.3634 0.8978 -0.2488
vn -0.7130 -0.5033 -0.4882
vn -0.4964 0.7988 -0.3399
vn -0.6151 -0.6666 -0.4212
vn -0.6151 0.6666 -0.4212
vn -0.4964 -0.7988 -0.3399
vn -0.7130 0.5033 -0.4882
vn -0.3634 -0.8978 -0.2488
vn -0.6142 -0.4861 -0.6216
vn -0.4352 0.7852 -0.4405
vn -0.5344 -0.6495 -0.5409
vn -0.5344 0.6495 -0.5409
vn -0.4352 -0.7852 -0.4405
vn -0.6142 0.4861 -0.6216
vn -0.3211 -0.8895 -0.3250
vn -0.6702 0.3011 -0.6784
vn -0.1967 -0.9600 -0.1991
vn -0.6992 0.1020 -0.7076
vn -0.0662 0.9956 -0.0670
vn -0.0662 -0.9956 -0.0670
vn -0.6992 -0.1020 -0.7076
vn -0.1967 0.9600 -0.1991
vn -0.6702 -0.3011 -0.6784
vn -0.3211 0.8895 -0.3250
vn -0.1647 -0.9570 -0.2387
vn -0.5653 0.0981 -0.8191
vn -0.0556 0.9952 -0.0806
vn -0.0556 -0.9952 -0.0806
vn -0.5653 -0.0981 -0.8191
vn -0.1647 0.9570 -0.2387
vn -0.5435 -0.2905 -0.7875
vn -0.2675 0.8821 -0.3877
vn -0.5008 -0.4718 -0.7257
vn -0.3601 0.7733 -0.5218
vn -0.4389 -0.6348 -0.6360
vn -0.4389 0.6348 -0.6360
vn -0.3601 -0.7733 -0.5218
vn -0.5008 0.4718 -0.7257
vn -0.2675 -0.8821 -0.3877
vn -0.5435 0.2905 -0.7875
vn -0.3329 -0.6242 -0.7068
vn -0.3329 0.6242 -0.7068
vn -0.2747 -0.7646 -0.5831
vn -0.3780 0.4616 -0.8025
vn -0.2051 -0.8766 -0.4354
vn -0.4087 0.2832 -0.8676
vn -0.1268 -0.9547 -0.2691
vn -0.4242 0.0954 -0.9005
vn -0.0429 0.9949 -0.0911
vn -0.0429 -0.9949 -0.0911
vn -0.4242 -0.0954 -0.9005
vn -0.1268 0.9547 -0.2691
vn -0.4087 -0.2832 -0.8676
vn -0.2051 0.8766 -0.4354
vn -0.3780 -0.4616 -0.8025
vn -0.2747 0.7646 -0.5831
vn -0.0285 0.9948 -0.0980
vn -0.0285 -0.9948 -0.0980
vn -0.2782 -0.0941 -0.9559
vn -0.0842 0.9535 -0.2894
vn -0.2683 -0.2795 -0.9219
vn -0.1360 0.8736 -0.4673
vn -0.2486 -0.4564 -0.8544
vn -0.1816 0.7599 -0.6241
vn -0.2195 -0.6187 -0.7544
vn -0.2195 0.6187 -0.7544
vn -0.1816 -0.7599 -0.6241
vn -0.2486 0.4563 -0.8544
vn -0.1360 -0.8736 -0.4673
vn -0.2683 0.2795 -0.9219
vn -0.0842 -0.9535 -0.2894
vn -0.2782 0.0941 -0.9559
vn 0.1686 -0.4718 -0.8655
vn 0.1686 0.4718 -0.8654
vn 0.8343 0.1161 -0.5390
vn 0.8342 -0.1161 -0.5390
vn 0.9354 0.3454 -0.0763
vn 0.9354 -0.3454 -0.0762
vn 0.2486 -0.4564 0.8544
vn 0.2486 0.4563 0.8544
vn 0.1140 -0.4563 0.8825
vn 0.1140 0.4564 0.8825
vn -0.9354 -0.3454 0.0762
vn -0.7063 -0.7055 0.0576
vn -0.2486 -0.4563 -0.8544
vn -0.0125 0.9934 -0.1143
vn -0.0854 -0.6224 -0.7780
vn -0.0218 0.9798 -0.1986
vn -0.0634 -0.8140 -0.5774
vn -0.0326 0.9543 -0.2970
vn -0.0460 -0.9068 -0.4190
vn -0.0460 0.9068 -0.4190
vn -0.0326 -0.9543 -0.2970
vn -0.0634 0.8140 -0.5774
vn -0.0218 -0.9798 -0.1986
vn -0.0854 0.6224 -0.7780
vn -0.0126 -0.9934 -0.1143
vn -0.1056 0.2500 -0.9625
vn -0.0041 0.9993 -0.0373
vn -0.0041 -0.9993 -0.0373
vn -0.1056 -0.2500 -0.9625
vn 0.0032 0.9993 -0.0374
vn 0.0031 -0.9993 -0.0374
vn 0.0812 -0.2503 -0.9648
vn 0.0096 0.9934 -0.1144
vn 0.0656 -0.6229 -0.7795
vn 0.0167 0.9799 -0.1988
vn 0.0487 -0.8143 -0.5784
vn 0.0250 0.9544 -0.2974
vn 0.0353 -0.9070 -0.4196
vn 0.0353 0.9070 -0.4196
vn 0.0250 -0.9544 -0.2974
vn 0.0487 0.8143 -0.5784
vn 0.0167 -0.9799 -0.1988
vn 0.0656 0.6229 -0.7795
vn 0.0096 -0.9934 -0.1144
vn 0.0812 0.2503 -0.9648
vn 0.1153 0.9074 -0.4041
vn 0.0817 -0.9546 -0.2864
vn 0.1590 0.8150 -0.5573
vn 0.0546 -0.9800 -0.1915
vn 0.2145 0.6238 -0.7516
vn 0.0314 -0.9934 -0.1101
vn 0.2656 0.2508 -0.9309
vn 0.0103 0.9993 -0.0360
vn 0.0103 -0.9993 -0.0360
vn 0.2656 -0.2508 -0.9309
vn 0.0314 0.9934 -0.1101
vn 0.2145 -0.6238 -0.7516
vn 0.0546 0.9800 -0.1915
vn 0.1590 -0.8150 -0.5573
vn 0.0817 0.9546 -0.2864
vn 0.1153 -0.9074 -0.4041
vn 0.4409 -0.2516 -0.8616
vn 0.0520 0.9935 -0.1017
vn 0.3557 -0.6250 -0.6949
vn 0.0904 0.9801 -0.1767
vn 0.2635 -0.8158 -0.5148
vn 0.1353 0.9549 -0.2643
vn 0.1910 -0.9079 -0.3732
vn 0.1910 0.9079 -0.3732
vn 0.1353 -0.9549 -0.2643
vn 0.2635 0.8158 -0.5148
vn 0.0904 -0.9801 -0.1767
vn 0.3557 0.6250 -0.6949
vn 0.0520 -0.9935 -0.1017
vn 0.4409 0.2516 -0.8616
vn 0.0170 0.9993 -0.0332
vn 0.0170 -0.9993 -0.0332
vn 0.1837 -0.9552 -0.2322
vn 0.3581 0.8167 -0.4525
vn 0.1228 -0.9802 -0.1552
vn 0.4837 0.6262 -0.6114
vn 0.0706 -0.9935 -0.0893
vn 0.6004 0.2523 -0.7588
vn 0.0231 0.9993 -0.0291
vn 0.0231 -0.9993 -0.0292
vn 0.6004 -0.2523 -0.7588
vn 0.0706 0.9935 -0.0893
vn 0.4838 -0.6262 -0.6114
vn 0.1228 0.9802 -0.1552
vn 0.3580 -0.8167 -0.4525
vn 0.1837 0.9552 -0.2322
vn 0.2594 -0.9084 -0.3278
vn 0.2594 0.9084 -0.3278
vn 0.0865 0.9935 -0.0734
vn 0.5936 -0.6274 -0.5039
vn 0.1504 0.9803 -0.1277
vn 0.4390 -0.8176 -0.3727
vn 0.2251 0.9554 -0.1910
vn 0.3179 -0.9089 -0.2698
vn 0.3179 0.9089 -0.2698
vn 0.2251 -0.9554 -0.1910
vn 0.4390 0.8175 -0.3727
vn 0.1504 -0.9803 -0.1277
vn 0.5936 0.6274 -0.5039
vn 0.0865 -0.9935 -0.0734
vn 0.7375 0.2531 -0.6261
vn 0.0283 0.9993 -0.0240
vn 0.0282 -0.9993 -0.0240
vn 0.7375 -0.2531 -0.6261
vn 0.5031 0.8182 -0.2782
vn 0.1723 -0.9804 -0.0953
vn 0.6808 0.6283 -0.3765
vn 0.0991 -0.9936 -0.0548
vn 0.8465 0.2536 -0.4681
vn 0.0323 0.9993 -0.0179
vn 0.0323 -0.9993 -0.0179
vn 0.8465 -0.2536 -0.4681
vn 0.0991 0.9936 -0.0548
vn 0.6808 -0.6283 -0.3765
vn 0.1723 0.9804 -0.0953
vn 0.5031 -0.8182 -0.2782
vn 0.2578 0.9556 -0.1425
vn 0.3642 -0.9093 -0.2014
vn 0.3642 0.9093 -0.2014
vn 0.2578 -0.9556 -0.1425
vn 0.7415 -0.6288 -0.2340
vn 0.1875 0.9805 -0.0592
vn 0.5478 -0.8185 -0.1729
vn 0.2806 0.9557 -0.0885
vn 0.3964 -0.9095 -0.1251
vn 0.3964 0.9095 -0.1251
vn 0.2806 -0.9557 -0.0885
vn 0.5478 0.8185 -0.1729
vn 0.1875 -0.9805 -0.0592
vn 0.7415 0.6288 -0.2340
vn 0.1078 -0.9936 -0.0340
vn 0.9224 0.2540 -0.2911
vn 0.0352 0.9993 -0.0111
vn 0.0352 -0.9993 -0.0111
vn 0.9224 -0.2540 -0.2911
vn 0.1078 0.9936 -0.0340
vn 0.1955 -0.9805 -0.0208
vn 0.7732 0.6288 -0.0822
vn 0.1124 -0.9936 -0.0120
vn 0.9618 0.2540 -0.1023
vn 0.0367 0.9993 -0.0039
vn 0.0367 -0.9993 -0.0039
vn 0.9618 -0.2540 -0.1023
vn 0.1124 0.9936 -0.0120
vn 0.7732 -0.6288 -0.0822
vn 0.1955 0.9805 -0.0208
vn 0.5712 -0.8185 -0.0608
vn 0.2926 0.9557 -0.0311
vn 0.4134 -0.9095 -0.0440
vn 0.4134 0.9095 -0.0440
vn 0.2926 -0.9557 -0.0311
vn 0.5712 0.8185 -0.0608
vn 0.5724 -0.8182 0.0537
vn 0.2933 0.9556 0.0275
vn 0.4143 -0.9093 0.0389
vn 0.4143 0.9093 0.0389
vn 0.2933 -0.9556 0.0275
vn 0.5724 0.8182 0.0537
vn 0.1960 -0.9804 0.0184
vn 0.7746 0.6283 0.0726
vn 0.1127 -0.9936 0.0106
vn 0.9631 0.2536 0.0903
vn 0.0368 0.9993 0.0035
vn 0.0368 -0.9993 0.0035
vn 0.9631 -0.2536 0.0903
vn 0.1127 0.9936 0.0106
vn 0.7746 -0.6283 0.0726
vn 0.1960 0.9804 0.0184
vn 0.1087 -0.9935 0.0327
vn 0.9264 0.2531 0.2787
vn 0.0355 0.9993 0.0107
vn 0.0355 -0.9993 0.0107
vn 0.9264 -0.2531 0.2787
vn 0.1087 0.9935 0.0327
vn 0.7457 -0.6274 0.2243
vn 0.1889 0.9803 0.0568
vn 0.5514 -0.8175 0.1659
vn 0.2827 0.9554 0.0850
vn 0.3993 -0.9089 0.1201
vn 0.3993 0.9089 0.1201
vn 0.2827 -0.9554 0.0850
vn 0.5514 0.8175 0.1659
vn 0.1889 -0.9803 0.0568
vn 0.7457 0.6274 0.2243
vn 0.2612 0.9552 0.1393
vn 0.3689 -0.9084 0.1967
vn 0.3689 0.9084 0.1967
vn 0.2612 -0.9552 0.1393
vn 0.5092 0.8167 0.2715
vn 0.1746 -0.9802 0.0931
vn 0.6880 0.6262 0.3668
vn 0.1004 -0.9935 0.0535
vn 0.8539 0.2523 0.4552
vn 0.0328 0.9993 0.0175
vn 0.0328 -0.9993 0.0175
vn 0.8539 -0.2523 0.4552
vn 0.1004 0.9935 0.0535
vn 0.6880 -0.6262 0.3668
vn 0.1746 0.9802 0.0931
vn 0.5092 -0.8167 0.2715
vn 0.7488 0.2516 0.6132
vn 0.0289 0.9993 0.0236
vn 0.0288 -0.9993 0.0236
vn 0.7488 -0.2516 0.6132
vn 0.0883 0.9935 0.0723
vn 0.6040 -0.6249 0.4946
vn 0.1536 0.9801 0.1258
vn 0.4475 -0.8158 0.3664
vn 0.2298 0.9549 0.1881
vn 0.3243 -0.9079 0.2656
vn 0.3243 0.9079 0.2656
vn 0.2298 -0.9549 0.1881
vn 0.4475 0.8158 0.3664
vn 0.1536 -0.9801 0.1258
vn 0.6040 0.6249 0.4946
vn 0.0884 -0.9935 0.0723
vn 0.2674 -0.9074 0.3242
vn 0.2674 0.9074 0.3242
vn 0.1895 -0.9546 0.2297
vn 0.3687 0.8150 0.4471
vn 0.1267 -0.9800 0.1536
vn 0.4973 0.6238 0.6030
vn 0.0729 -0.9934 0.0884
vn 0.6159 0.2508 0.7468
vn 0.0238 0.9993 0.0289
vn 0.0238 -0.9993 0.0289
vn 0.6159 -0.2508 0.7468
vn 0.0729 0.9934 0.0884
vn 0.4973 -0.6238 0.6030
vn 0.1267 0.9800 0.1536
vn 0.3687 -0.8150 0.4471
vn 0.1895 0.9546 0.2297
vn 0.0178 0.9993 0.0330
vn 0.0178 -0.9993 0.0330
vn 0.4604 -0.2503 0.8517
vn 0.0546 0.9934 0.1010
vn 0.3720 -0.6229 0.6882
vn 0.0949 0.9799 0.1755
vn 0.2760 -0.8143 0.5106
vn 0.1419 0.9544 0.2625
vn 0.2003 -0.9070 0.3704
vn 0.2003 0.9070 0.3704
vn 0.1419 -0.9544 0.2625
vn 0.2760 0.8143 0.5106
vn 0.0949 -0.9799 0.1755
vn 0.3720 0.6229 0.6882
vn 0.0546 -0.9934 0.1010
vn 0.4604 0.2503 0.8517
vn 0.1255 0.9068 0.4024
vn 0.0890 -0.9543 0.2852
vn 0.1730 0.8140 0.5546
vn 0.0595 -0.9798 0.1907
vn 0.2330 0.6224 0.7472
vn 0.0342 -0.9934 0.1097
vn 0.2883 0.2500 0.9243
vn 0.0112 0.9993 0.0358
vn 0.0112 -0.9993 0.0358
vn 0.2883 -0.2500 0.9243
vn 0.0342 0.9934 0.1097
vn 0.2330 -0.6224 0.7472
vn 0.0595 0.9798 0.1907
vn 0.1730 -0.8140 0.5546
vn 0.0890 0.9543 0.2852
vn 0.1255 -0.9068 0.4024
vn 0.1056 -0.2500 0.9625
vn 0.0125 0.9934 0.1143
vn 0.0854 -0.6224 0.7780
vn 0.0218 0.9798 0.1986
vn 0.0634 -0.8140 0.5774
vn 0.0326 0.9543 0.2970
vn 0.0460 -0.9068 0.4190
vn 0.0460 0.9068 0.4190
vn 0.0326 -0.9543 0.2970
vn 0.0634 0.8140 0.5774
vn 0.0218 -0.9798 0.1986
vn 0.0854 0.6224 0.7780
vn 0.0125 -0.9934 0.1143
vn 0.1056 0.2500 0.9625
vn 0.0041 0.9993 0.0373
vn 0.0041 -0.9993 0.0373
vn -0.0250 -0.9544 0.2974
vn -0.0487 0.8143 0.5784
vn -0.0167 -0.9799 0.1988
vn -0.0656 0.6229 0.7795
vn -0.0096 -0.9934 0.1144
vn -0.0812 0.2503 0.9648
vn -0.0031 0.9993 0.0374
vn -0.0032 -0.9993 0.0374
vn -0.0812 -0.2503 0.9648
vn -0.0096 0.9934 0.1144
vn -0.0656 -0.6229 0.7795
vn -0.0167 0.9799 0.1988
vn -0.0487 -0.8143 0.5784
vn -0.0250 0.9544 0.2974
vn -0.0353 -0.9070 0.4196
vn -0.0353 0.9070 0.4196
vn -0.2145 -0.6238 0.7516
vn -0.0546 0.9800 0.1915
vn -0.1590 -0.8150 0.5573
vn -0.0817 0.9546 0.2864
vn -0.1153 -0.9074 0.4041
vn -0.1153 0.9074 0.4041
vn -0.0817 -0.9546 0.2864
vn -0.1590 0.8150 0.5573
vn -0.0546 -0.9800 0.1915
vn -0.2145 0.6238 0.7516
vn -0.0314 -0.9934 0.1101
vn -0.2656 0.2508 0.9309
vn -0.0103 0.9993 0.0360
vn -0.0103 -0.9993 0.0360
vn -0.2656 -0.2508 0.9309
vn -0.0314 0.9934 0.1101
vn -0.0904 -0.9801 0.1767
vn -0.3557 0.6249 0.6949
vn -0.0520 -0.9935 0.1017
vn -0.4409 0.2516 0.8616
vn -0.0170 0.9993 0.0332
vn -0.0170 -0.9993 0.0332
vn -0.4409 -0.2516 0.8616
vn -0.0520 0.9935 0.1017
vn -0.3557 -0.6250 0.6949
vn -0.0904 0.9801 0.1767
vn -0.2635 -0.8158 0.5148
vn -0.1353 0.9549 0.2643
vn -0.1910 -0.9079 0.3732
vn -0.1910 0.9079 0.3732
vn -0.1353 -0.9549 0.2643
vn -0.2635 0.8158 0.5148
vn -0.1228 0.9802 0.1552
vn -0.3580 -0.8167 0.4525
vn -0.1837 0.9552 0.2322
vn -0.2594 -0.9084 0.3278
vn -0.2594 0.9084 0.3278
vn -0.1837 -0.9552 0.2322
vn -0.3580 0.8167 0.4525
vn -0.1228 -0.9802 0.1552
vn -0.4838 0.6262 0.6114
vn -0.0706 -0.9935 0.0893
vn -0.6004 0.2523 0.7588
vn -0.0231 0.9993 0.0291
vn -0.0231 -0.9993 0.0291
vn -0.6004 -0.2523 0.7588
vn -0.0706 0.9935 0.0893
vn -0.4838 -0.6262 0.6114
vn -0.5937 0.6274 0.5039
vn -0.0865 -0.9935 0.0734
vn -0.7375 0.2531 0.6261
vn -0.0283 0.9993 0.0240
vn -0.0283 -0.9993 0.0240
vn -0.7375 -0.2531 0.6261
vn -0.0865 0.9935 0.0734
vn -0.5937 -0.6274 0.5039
vn -0.1504 0.9803 0.1277
vn -0.4390 -0.8175 0.3727
vn -0.2251 0.9554 0.1910
vn -0.3179 -0.9089 0.2698
vn -0.3179 0.9089 0.2698
vn -0.2251 -0.9554 0.1910
vn -0.4390 0.8175 0.3727
vn -0.1504 -0.9803 0.1277
vn -0.5031 -0.8182 0.2782
vn -0.2578 0.9556 0.1425
vn -0.3642 -0.9093 0.2014
vn -0.3642 0.9093 0.2014
vn -0.2578 -0.9556 0.1425
vn -0.5031 0.8182 0.2782
vn -0.1722 -0.9804 0.0953
vn -0.6808 0.6283 0.3765
vn -0.0991 -0.9936 0.0548
vn -0.8465 0.2536 0.4681
vn -0.0324 0.9993 0.0179
vn -0.0324 -0.9993 0.0179
vn -0.8465 -0.2536 0.4681
vn -0.0991 0.9936 0.0548
vn -0.6808 -0.6283 0.3765
vn -0.1723 0.9804 0.0953
vn -0.1078 -0.9936 0.0340
vn -0.9224 0.2540 0.2911
vn -0.0352 0.9993 0.0111
vn -0.0352 -0.9993 0.0111
vn -0.9224 -0.2540 0.2911
vn -0.1078 0.9936 0.0340
vn -0.7415 -0.6288 0.2340
vn -0.1875 0.9805 0.0592
vn -0.5478 -0.8185 0.1729
vn -0.2806 0.9557 0.0885
vn -0.3964 -0.9095 0.1251
vn -0.3964 0.9095 0.1251
vn -0.2806 -0.9557 0.0885
vn -0.5478 0.8185 0.1729
vn -0.1875 -0.9805 0.0592
vn -0.7415 0.6288 0.2340
vn -0.2926 0.9557 0.0311
vn -0.4134 -0.9095 0.0440
vn -0.4134 0.9095 0.0440
vn -0.2926 -0.9557 0.0311
vn -0.5712 0.8185 0.0608
vn -0.1955 -0.9805 0.0208
vn -0.7732 0.6288 0.0822
vn -0.1124 -0.9936 0.0120
vn -0.9618 0.2540 0.1023
vn -0.0367 0.9993 0.0039
vn -0.0367 -0.9993 0.0039
vn -0.9618 -0.2539 0.1023
vn -0.1124 0.9936 0.0120
vn -0.7732 -0.6288 0.0822
vn -0.1955 0.9805 0.0208
vn -0.5712 -0.8185 0.0608
vn -0.9631 0.2536 -0.0903
vn -0.0368 0.9993 -0.0035
vn -0.0368 -0.9993 -0.0035
vn -0.9631 -0.2536 -0.0903
vn -0.1127 0.9936 -0.0106
vn -0.7746 -0.6283 -0.0726
vn -0.1960 0.9804 -0.0184
vn -0.5724 -0.8182 -0.0537
vn -0.2933 0.9556 -0.0275
vn -0.4143 -0.9093 -0.0389
vn -0.4143 0.9093 -0.0389
vn -0.2933 -0.9556 -0.0275
vn -0.5724 0.8182 -0.0537
vn -0.1960 -0.9804 -0.0184
vn -0.7746 0.6283 -0.0726
vn -0.1127 -0.9936 -0.0106
vn -0.3993 -0.9089 -0.1201
vn -0.3993 0.9089 -0.1201
vn -0.2827 -0.9554 -0.0850
vn -0.5514 0.8175 -0.1659
vn -0.1889 -0.9803 -0.0568
vn -0.7457 0.6274 -0.2243
vn -0.1087 -0.9935 -0.0327
vn -0.9264 0.2531 -0.2787
vn -0.0355 0.9993 -0.0107
vn -0.0355 -0.9993 -0.0107
vn -0.9264 -0.2531 -0.2787
vn -0.1087 0.9935 -0.0327
vn -0.7457 -0.6274 -0.2243
vn -0.1889 0.9803 -0.0568
vn -0.5514 -0.8175 -0.1659
vn -0.2827 0.9554 -0.0850
vn -0.0328 -0.9993 -0.0175
vn -0.8539 -0.2523 -0.4552
vn -0.1004 0.9935 -0.0535
vn -0.6880 -0.6262 -0.3668
vn -0.1746 0.9802 -0.0931
vn -0.5092 -0.8167 -0.2715
vn -0.2612 0.9552 -0.1393
vn -0.3689 -0.9084 -0.1967
vn -0.3689 0.9084 -0.1967
vn -0.2612 -0.9552 -0.1393
vn -0.5092 0.8167 -0.2715
vn -0.1746 -0.9802 -0.0931
vn -0.6880 0.6262 -0.3668
vn -0.1004 -0.9935 -0.0535
vn -0.8539 0.2523 -0.4552
vn -0.0328 0.9993 -0.0175
vn -0.2298 -0.9549 -0.1881
vn -0.4475 0.8158 -0.3664
vn -0.1536 -0.9801 -0.1258
vn -0.6040 0.6249 -0.4946
vn -0.0884 -0.9935 -0.0723
vn -0.7488 0.2516 -0.6132
vn -0.0289 0.9993 -0.0236
vn -0.0289 -0.9993 -0.0236
vn -0.7488 -0.2516 -0.6132
vn -0.0884 0.9935 -0.0723
vn -0.6040 -0.6250 -0.4946
vn -0.1536 0.9801 -0.1258
vn -0.4475 -0.8158 -0.3664
vn -0.2298 0.9549 -0.1881
vn -0.3243 -0.9079 -0.2656
vn -0.3243 0.9079 -0.2656
vn -0.0729 0.9934 -0.0884
vn -0.4973 -0.6238 -0.6030
vn -0.1267 0.9800 -0.1536
vn -0.3687 -0.8150 -0.4471
vn -0.1895 0.9546 -0.2297
vn -0.2674 -0.9074 -0.3242
vn -0.2674 0.9074 -0.3242
vn -0.1895 -0.9546 -0.2297
vn -0.3687 0.8150 -0.4471
vn -0.1267 -0.9800 -0.1536
vn -0.4973 0.6238 -0.6030
vn -0.0729 -0.9934 -0.0884
vn -0.6159 0.2508 -0.7468
vn -0.0238 0.9993 -0.0289
vn -0.0238 -0.9993 -0.0289
vn -0.6159 -0.2508 -0.7468
vn -0.2760 0.8143 -0.5106
vn -0.0949 -0.9799 -0.1755
vn -0.3720 0.6229 -0.6882
vn -0.0546 -0.9934 -0.1010
vn -0.4604 0.2503 -0.8517
vn -0.0178 0.9993 -0.0330
vn -0.0178 -0.9993 -0.0330
vn -0.4604 -0.2503 -0.8517
vn -0.0546 0.9934 -0.1010
vn -0.3720 -0.6229 -0.6882
vn -0.0949 0.9799 -0.1755
vn -0.2760 -0.8143 -0.5106
vn -0.1419 0.9544 -0.2625
vn -0.2003 -0.9070 -0.3704
vn -0.2002 0.9070 -0.3704
vn -0.1419 -0.9544 -0.2625
vn -0.2330 -0.6224 -0.7472
vn -0.0595 0.9798 -0.1907
vn -0.1730 -0.8140 -0.5546
vn -0.0890 0.9543 -0.2852
vn -0.1255 -0.9068 -0.4024
vn -0.1255 0.9068 -0.4024
vn -0.0890 -0.9543 -0.2852
vn -0.1730 0.8140 -0.5546
vn -0.0595 -0.9798 -0.1907
vn -0.2330 0.6224 -0.7472
vn -0.0342 -0.9934 -0.1097
vn -0.2883 0.2500 -0.9243
vn -0.0112 0.9993 -0.0358
vn -0.0112 -0.9993 -0.0358
vn -0.2883 -0.2500 -0.9243
vn -0.0342 0.9934 -0.1097
vn -0.0125 -0.9934 -0.1143
vn 0.3580 0.8167 -0.4525
vn 0.4838 0.6262 -0.6114
vn 0.4837 -0.6262 -0.6114
vn 0.3581 -0.8167 -0.4525
vn 0.5937 -0.6274 -0.5039
vn 0.4390 -0.8175 -0.3727
vn 0.5478 -0.8186 -0.1729
vn 0.5712 -0.8185 -0.0607
vn 0.0884 0.9935 0.0723
vn 0.6040 -0.6250 0.4946
vn 0.2297 0.9549 0.1881
vn 0.2002 -0.9070 0.3704
vn 0.2002 0.9070 0.3704
vn -0.3557 0.6250 0.6949
vn -0.5936 0.6274 0.5039
vn -0.5936 -0.6274 0.5039
vn -0.1723 -0.9804 0.0953
vn -0.9618 -0.2540 0.1023
vn -0.6040 0.6250 -0.4946
vn -0.6040 -0.6249 -0.4946
vn -0.2297 0.9549 -0.1881
vn -0.2002 -0.9070 -0.3704
vn 0.2264 0.9727 -0.0516
vn 0.6252 -0.7673 -0.1426
vn 0.3356 0.9389 -0.0765
vn 0.4661 -0.8783 -0.1063
vn 0.4661 0.8783 -0.1063
vn 0.3356 -0.9389 -0.0765
vn 0.6252 0.7673 -0.1426
vn 0.2264 -0.9727 -0.0516
vn 0.8066 0.5618 -0.1839
vn 0.1309 -0.9909 -0.0298
vn 0.9521 0.2153 -0.2171
vn 0.0429 0.9990 -0.0098
vn 0.0429 -0.9990 -0.0098
vn 0.9521 -0.2153 -0.2171
vn 0.1309 0.9909 -0.0298
vn 0.8066 -0.5618 -0.1839
vn 0.1329 0.9911 -0.0068
vn 0.8238 -0.5653 -0.0420
vn 0.2300 0.9731 -0.0117
vn 0.6370 -0.7702 -0.0325
vn 0.3410 0.9399 -0.0174
vn 0.4741 -0.8801 -0.0242
vn 0.4741 0.8801 -0.0242
vn 0.3410 -0.9399 -0.0174
vn 0.6370 0.7702 -0.0325
vn 0.2300 -0.9731 -0.0117
vn 0.8238 0.5653 -0.0420
vn 0.1329 -0.9911 -0.0068
vn 0.9749 0.2172 -0.0498
vn 0.0435 0.9991 -0.0022
vn 0.0435 -0.9991 -0.0022
vn 0.9749 -0.2172 -0.0498
vn 0.6264 0.7754 0.0798
vn 0.2248 -0.9740 0.0287
vn 0.8138 0.5718 0.1037
vn 0.1298 -0.9914 0.0165
vn 0.9675 0.2207 0.1233
vn 0.0425 0.9991 0.0054
vn 0.0425 -0.9991 0.0054
vn 0.9675 -0.2207 0.1233
vn 0.1298 0.9914 0.0166
vn 0.8138 -0.5718 0.1037
vn 0.2248 0.9740 0.0287
vn 0.6264 -0.7754 0.0798
vn 0.3337 0.9417 0.0425
vn 0.4648 -0.8834 0.0592
vn 0.4648 0.8835 0.0592
vn 0.3337 -0.9417 0.0425
vn 0.7748 -0.5807 0.2498
vn 0.2110 0.9751 0.0680
vn 0.5926 -0.7825 0.1911
vn 0.3136 0.9441 0.1011
vn 0.4379 -0.8879 0.1412
vn 0.4379 0.8879 0.1412
vn 0.3136 -0.9441 0.1011
vn 0.5926 0.7825 0.1911
vn 0.2110 -0.9751 0.0680
vn 0.7748 0.5807 0.2498
vn 0.1218 -0.9918 0.0393
vn 0.9272 0.2256 0.2990
vn 0.0398 0.9991 0.0128
vn 0.0398 -0.9991 0.0128
vn 0.9272 -0.2256 0.2990
vn 0.1218 0.9918 0.0393
vn 0.1891 -0.9763 0.1049
vn 0.7055 0.5908 0.3914
vn 0.1090 -0.9922 0.0605
vn 0.8507 0.2313 0.4720
vn 0.0357 0.9992 0.0198
vn 0.0357 -0.9992 0.0198
vn 0.8507 -0.2313 0.4720
vn 0.1090 0.9922 0.0605
vn 0.7055 -0.5908 0.3914
vn 0.1891 0.9763 0.1049
vn 0.5357 -0.7904 0.2972
vn 0.2815 0.9468 0.1562
vn 0.3941 -0.8927 0.2186
vn 0.3941 0.8927 0.2186
vn 0.2815 -0.9468 0.1562
vn 0.5357 0.7904 0.2972
vn 0.1598 0.9775 0.1378
vn 0.4565 -0.7979 0.3937
vn 0.2382 0.9492 0.2054
vn 0.3344 -0.8973 0.2883
vn 0.3344 0.8973 0.2883
vn 0.2382 -0.9492 0.2055
vn 0.4565 0.7979 0.3937
vn 0.1598 -0.9775 0.1378
vn 0.6055 0.6006 0.5222
vn 0.0921 -0.9926 0.0794
vn 0.7357 0.2369 0.6345
vn 0.0301 0.9992 0.0260
vn 0.0301 -0.9992 0.0260
vn 0.7357 -0.2369 0.6345
vn 0.0921 0.9926 0.0794
vn 0.6055 -0.6006 0.5222
vn 0.4766 0.6084 0.6345
vn 0.0716 -0.9929 0.0953
vn 0.5828 0.2416 0.7759
vn 0.0234 0.9992 0.0311
vn 0.0234 -0.9992 0.0311
vn 0.5828 -0.2416 0.7759
vn 0.0716 0.9929 0.0953
vn 0.4766 -0.6084 0.6345
vn 0.1243 0.9784 0.1654
vn 0.3573 -0.8038 0.4757
vn 0.1855 0.9511 0.2469
vn 0.2608 -0.9008 0.3472
vn 0.2608 0.9008 0.3472
vn 0.1855 -0.9511 0.2469
vn 0.3573 0.8038 0.4757
vn 0.1243 -0.9784 0.1654
vn 0.2420 -0.8070 0.5387
vn 0.1253 0.9521 0.2788
vn 0.1763 -0.9027 0.3925
vn 0.1763 0.9027 0.3925
vn 0.1253 -0.9521 0.2788
vn 0.2420 0.8070 0.5387
vn 0.0839 -0.9788 0.1867
vn 0.3239 0.6128 0.7208
vn 0.0483 -0.9930 0.1075
vn 0.3974 0.2442 0.8845
vn 0.0158 0.9993 0.0351
vn 0.0158 -0.9993 0.0351
vn 0.3974 -0.2442 0.8845
vn 0.0483 0.9930 0.1075
vn 0.3239 -0.6128 0.7208
vn 0.0839 0.9788 0.1867
vn 0.0231 -0.9930 0.1155
vn 0.1905 0.2442 0.9508
vn 0.0076 0.9993 0.0377
vn 0.0076 -0.9993 0.0377
vn 0.1905 -0.2442 0.9508
vn 0.0231 0.9930 0.1155
vn 0.1552 -0.6128 0.7748
vn 0.0402 0.9788 0.2007
vn 0.1160 -0.8070 0.5791
vn 0.0600 0.9521 0.2997
vn 0.0845 -0.9027 0.4219
vn 0.0845 0.9027 0.4219
vn 0.0600 -0.9521 0.2997
vn 0.1160 0.8070 0.5791
vn 0.0402 -0.9788 0.2007
vn 0.1552 0.6128 0.7748
vn -0.0105 -0.9008 0.4341
vn -0.0105 0.9008 0.4341
vn -0.0075 -0.9511 0.3087
vn -0.0144 0.8038 0.5948
vn -0.0050 -0.9784 0.2068
vn -0.0193 0.6084 0.7934
vn -0.0029 -0.9929 0.1191
vn -0.0236 0.2416 0.9701
vn -0.0010 0.9992 0.0389
vn -0.0009 -0.9992 0.0389
vn -0.0236 -0.2416 0.9701
vn -0.0029 0.9929 0.1191
vn -0.0193 -0.6084 0.7934
vn -0.0050 0.9784 0.2068
vn -0.0144 -0.8038 0.5948
vn -0.0075 0.9511 0.3087
vn -0.0094 0.9992 0.0386
vn -0.0094 -0.9992 0.0386
vn -0.2302 -0.2369 0.9439
vn -0.0288 0.9926 0.1181
vn -0.1894 -0.6006 0.7768
vn -0.0500 0.9775 0.2050
vn -0.1428 -0.7979 0.5857
vn -0.0745 0.9492 0.3056
vn -0.1046 -0.8973 0.4289
vn -0.1046 0.8973 0.4289
vn -0.0745 -0.9492 0.3056
vn -0.1428 0.7979 0.5857
vn -0.0500 -0.9775 0.2050
vn -0.1894 0.6006 0.7768
vn -0.0288 -0.9926 0.1181
vn -0.2302 0.2369 0.9439
vn -0.1937 0.8927 0.4069
vn -0.1384 -0.9468 0.2906
vn -0.2633 0.7904 0.5531
vn -0.0929 -0.9763 0.1952
vn -0.3468 0.5908 0.7285
vn -0.0536 -0.9922 0.1126
vn -0.4182 0.2313 0.8784
vn -0.0175 0.9992 0.0368
vn -0.0175 -0.9992 0.0368
vn -0.4182 -0.2313 0.8784
vn -0.0536 0.9922 0.1126
vn -0.3468 -0.5908 0.7285
vn -0.0929 0.9763 0.1952
vn -0.2633 -0.7904 0.5531
vn -0.1384 0.9468 0.2906
vn -0.1937 -0.8927 0.4069
vn -0.5809 -0.2256 0.7821
vn -0.0763 0.9918 0.1027
vn -0.4855 -0.5807 0.6535
vn -0.1322 0.9751 0.1779
vn -0.3713 -0.7825 0.4998
vn -0.1965 0.9441 0.2645
vn -0.2744 -0.8879 0.3694
vn -0.2744 0.8879 0.3694
vn -0.1965 -0.9441 0.2645
vn -0.3713 0.7825 0.4998
vn -0.1322 -0.9751 0.1779
vn -0.4855 0.5807 0.6535
vn -0.0763 -0.9918 0.1027
vn -0.5809 0.2256 0.7821
vn -0.0250 0.9991 0.0336
vn -0.0250 -0.9991 0.0336
vn -0.2469 -0.9417 0.2285
vn -0.4634 0.7754 0.4289
vn -0.1663 -0.9740 0.1539
vn -0.6021 0.5718 0.5573
vn -0.0961 -0.9914 0.0889
vn -0.7158 0.2207 0.6625
vn -0.0314 0.9991 0.0291
vn -0.0314 -0.9991 0.0291
vn -0.7158 -0.2207 0.6625
vn -0.0961 0.9914 0.0889
vn -0.6021 -0.5718 0.5573
vn -0.1663 0.9740 0.1539
vn -0.4634 -0.7754 0.4289
vn -0.2469 0.9417 0.2285
vn -0.3438 -0.8834 0.3183
vn -0.3438 0.8834 0.3183
vn -0.1121 0.9911 0.0717
vn -0.6949 -0.5653 0.4444
vn -0.1940 0.9731 0.1241
vn -0.5374 -0.7702 0.3437
vn -0.2877 0.9399 0.1840
vn -0.4000 -0.8801 0.2558
vn -0.4000 0.8801 0.2558
vn -0.2877 -0.9399 0.1840
vn -0.5374 0.7702 0.3437
vn -0.1940 -0.9731 0.1241
vn -0.6949 0.5653 0.4444
vn -0.1121 -0.9911 0.0717
vn -0.8223 0.2172 0.5259
vn -0.0367 0.9991 0.0235
vn -0.0367 -0.9991 0.0235
vn -0.8223 -0.2172 0.5259
vn -0.5917 0.7673 0.2472
vn -0.2143 -0.9727 0.0895
vn -0.7633 0.5618 0.3189
vn -0.1239 -0.9909 0.0518
vn -0.9010 0.2153 0.3765
vn -0.0406 0.9990 0.0169
vn -0.0406 -0.9990 0.0169
vn -0.9010 -0.2153 0.3765
vn -0.1239 0.9909 0.0518
vn -0.7633 -0.5618 0.3190
vn -0.2143 0.9727 0.0895
vn -0.5917 -0.7673 0.2472
vn -0.3176 0.9389 0.1327
vn -0.4411 -0.8783 0.1843
vn -0.4411 0.8783 0.1843
vn -0.3176 -0.9389 0.1327
vn -0.8066 -0.5618 0.1839
vn -0.2264 0.9727 0.0516
vn -0.6252 -0.7673 0.1426
vn -0.3356 0.9389 0.0765
vn -0.4661 -0.8783 0.1063
vn -0.4661 0.8783 0.1063
vn -0.3356 -0.9389 0.0765
vn -0.6252 0.7673 0.1425
vn -0.2264 -0.9727 0.0516
vn -0.8066 0.5618 0.1839
vn -0.1309 -0.9909 0.0298
vn -0.9521 0.2153 0.2171
vn -0.0429 0.9990 0.0098
vn -0.0429 -0.9990 0.0098
vn -0.9521 -0.2153 0.2171
vn -0.1309 0.9909 0.0298
vn -0.2300 -0.9731 0.0117
vn -0.8238 0.5653 0.0420
vn -0.1329 -0.9911 0.0068
vn -0.9749 0.2172 0.0498
vn -0.0435 0.9991 0.0022
vn -0.0435 -0.9991 0.0022
vn -0.9749 -0.2172 0.0498
vn -0.1329 0.9911 0.0068
vn -0.8238 -0.5653 0.0420
vn -0.2300 0.9731 0.0117
vn -0.6370 -0.7702 0.0325
vn -0.3410 0.9399 0.0174
vn -0.4741 -0.8801 0.0242
vn -0.4741 0.8801 0.0242
vn -0.3410 -0.9399 0.0174
vn -0.6370 0.7702 0.0325
vn -0.6264 -0.7754 -0.0798
vn -0.3337 0.9417 -0.0425
vn -0.4648 -0.8834 -0.0592
vn -0.4648 0.8834 -0.0592
vn -0.3337 -0.9417 -0.0425
vn -0.6264 0.7754 -0.0798
vn -0.2248 -0.9740 -0.0287
vn -0.8138 0.5718 -0.1037
vn -0.1298 -0.9914 -0.0166
vn -0.9675 0.2207 -0.1233
vn -0.0425 0.9991 -0.0054
vn -0.0425 -0.9991 -0.0054
vn -0.9675 -0.2207 -0.1233
vn -0.1298 0.9914 -0.0166
vn -0.8138 -0.5718 -0.1037
vn -0.2248 0.9740 -0.0287
vn -0.1218 -0.9918 -0.0393
vn -0.9272 0.2256 -0.2990
vn -0.0398 0.9991 -0.0128
vn -0.0398 -0.9991 -0.0128
vn -0.9272 -0.2256 -0.2990
vn -0.1218 0.9918 -0.0393
vn -0.7748 -0.5807 -0.2498
vn -0.2110 0.9751 -0.0680
vn -0.5926 -0.7825 -0.1911
vn -0.3136 0.9441 -0.1011
vn -0.4379 -0.8879 -0.1412
vn -0.4379 0.8879 -0.1412
vn -0.3136 -0.9441 -0.1011
vn -0.5926 0.7825 -0.1911
vn -0.2110 -0.9751 -0.0680
vn -0.7748 0.5807 -0.2498
vn -0.2815 0.9468 -0.1562
vn -0.3941 -0.8927 -0.2186
vn -0.3941 0.8927 -0.2186
vn -0.2815 -0.9468 -0.1562
vn -0.5357 0.7904 -0.2972
vn -0.1891 -0.9763 -0.1049
vn -0.7055 0.5908 -0.3914
vn -0.1090 -0.9922 -0.0605
vn -0.8507 0.2313 -0.4720
vn -0.0357 0.9992 -0.0198
vn -0.0357 -0.9992 -0.0198
vn -0.8507 -0.2313 -0.4720
vn -0.1090 0.9922 -0.0605
vn -0.7055 -0.5908 -0.3914
vn -0.1891 0.9763 -0.1049
vn -0.5357 -0.7904 -0.2972
vn -0.7357 0.2369 -0.6345
vn -0.0301 0.9992 -0.0260
vn -0.0301 -0.9992 -0.0260
vn -0.7357 -0.2369 -0.6345
vn -0.0921 0.9926 -0.0794
vn -0.6055 -0.6006 -0.5222
vn -0.1598 0.9775 -0.1378
vn -0.4565 -0.7979 -0.3937
vn -0.2382 0.9492 -0.2054
vn -0.3344 -0.8973 -0.2883
vn -0.3344 0.8973 -0.2883
vn -0.2382 -0.9492 -0.2054
vn -0.4565 0.7979 -0.3937
vn -0.1598 -0.9775 -0.1378
vn -0.6055 0.6006 -0.5222
vn -0.0921 -0.9926 -0.0794
vn -0.2608 -0.9008 -0.3472
vn -0.2608 0.9008 -0.3472
vn -0.1855 -0.9511 -0.2469
vn -0.3573 0.8038 -0.4757
vn -0.1243 -0.9784 -0.1654
vn -0.4766 0.6084 -0.6345
vn -0.0716 -0.9929 -0.0953
vn -0.5828 0.2416 -0.7759
vn -0.0234 0.9992 -0.0311
vn -0.0234 -0.9992 -0.0311
vn -0.5828 -0.2416 -0.7759
vn -0.0716 0.9929 -0.0953
vn -0.4766 -0.6084 -0.6345
vn -0.1243 0.9784 -0.1654
vn -0.3573 -0.8038 -0.4757
vn -0.1855 0.9511 -0.2469
vn -0.0158 0.9993 -0.0351
vn -0.0158 -0.9993 -0.0351
vn -0.3974 -0.2442 -0.8845
vn -0.0483 0.9930 -0.1075
vn -0.3239 -0.6128 -0.7208
vn -0.0839 0.9788 -0.1867
vn -0.2420 -0.8070 -0.5387
vn -0.1253 0.9521 -0.2788
vn -0.1763 -0.9027 -0.3925
vn -0.1763 0.9027 -0.3925
vn -0.1253 -0.9521 -0.2788
vn -0.2420 0.8070 -0.5387
vn -0.0839 -0.9788 -0.1867
vn -0.3239 0.6128 -0.7208
vn -0.0483 -0.9930 -0.1075
vn -0.3974 0.2442 -0.8845
vn -0.0845 0.9027 -0.4219
vn -0.0600 -0.9521 -0.2997
vn -0.1160 0.8070 -0.5791
vn -0.0402 -0.9788 -0.2007
vn -0.1552 0.6128 -0.7748
vn -0.0231 -0.9930 -0.1155
vn -0.1905 0.2442 -0.9508
vn -0.0076 0.9993 -0.0377
vn -0.0075 -0.9993 -0.0378
vn -0.1905 -0.2442 -0.9508
vn -0.0231 0.9930 -0.1155
vn -0.1552 -0.6128 -0.7748
vn -0.0402 0.9788 -0.2007
vn -0.1160 -0.8070 -0.5791
vn -0.0600 0.9521 -0.2997
vn -0.0845 -0.9027 -0.4219
vn 0.0236 -0.2416 -0.9701
vn 0.0029 0.9929 -0.1191
vn 0.0193 -0.6084 -0.7934
vn 0.0050 0.9784 -0.2068
vn 0.0144 -0.8038 -0.5948
vn 0.0075 0.9511 -0.3087
vn 0.0105 -0.9008 -0.4341
vn 0.0105 0.9008 -0.4341
vn 0.0075 -0.9511 -0.3087
vn 0.0144 0.8038 -0.5948
vn 0.0050 -0.9784 -0.2068
vn 0.0193 0.6084 -0.7934
vn 0.0029 -0.9929 -0.1191
vn 0.0236 0.2416 -0.9701
vn 0.0010 0.9992 -0.0389
vn 0.0009 -0.9992 -0.0389
vn 0.0745 -0.9492 -0.3056
vn 0.1428 0.7979 -0.5857
vn 0.0500 -0.9775 -0.2050
vn 0.1894 0.6006 -0.7768
vn 0.0288 -0.9926 -0.1181
vn 0.2302 0.2369 -0.9439
vn 0.0094 0.9992 -0.0386
vn 0.0094 -0.9992 -0.0386
vn 0.2302 -0.2369 -0.9439
vn 0.0288 0.9926 -0.1181
vn 0.1894 -0.6006 -0.7768
vn 0.0500 0.9775 -0.2050
vn 0.1428 -0.7979 -0.5857
vn 0.0745 0.9492 -0.3056
vn 0.1046 -0.8973 -0.4289
vn 0.1046 0.8973 -0.4289
vn 0.3468 -0.5908 -0.7285
vn 0.0929 0.9763 -0.1952
vn 0.2633 -0.7904 -0.5531
vn 0.1384 0.9468 -0.2906
vn 0.1937 -0.8927 -0.4069
vn 0.1937 0.8927 -0.4069
vn 0.1384 -0.9468 -0.2906
vn 0.2633 0.7904 -0.5531
vn 0.0929 -0.9763 -0.1952
vn 0.3468 0.5908 -0.7285
vn 0.0536 -0.9922 -0.1126
vn 0.4182 0.2313 -0.8784
vn 0.0175 0.9992 -0.0368
vn 0.0175 -0.9992 -0.0368
vn 0.4182 -0.2313 -0.8784
vn 0.0536 0.9922 -0.1126
vn 0.1322 -0.9751 -0.1780
vn 0.4855 0.5807 -0.6535
vn 0.0763 -0.9918 -0.1027
vn 0.5809 0.2256 -0.7821
vn 0.0250 0.9991 -0.0336
vn 0.0250 -0.9991 -0.0336
vn 0.5809 -0.2256 -0.7821
vn 0.0763 0.9918 -0.1027
vn 0.4855 -0.5807 -0.6535
vn 0.1322 0.9751 -0.1780
vn 0.3713 -0.7825 -0.4998
vn 0.1965 0.9441 -0.2645
vn 0.2744 -0.8879 -0.3694
vn 0.2744 0.8879 -0.3694
vn 0.1965 -0.9441 -0.2645
vn 0.3713 0.7825 -0.4998
vn 0.1663 0.9740 -0.1539
vn 0.4634 -0.7754 -0.4289
vn 0.2469 0.9417 -0.2285
vn 0.3438 -0.8834 -0.3183
vn 0.3438 0.8834 -0.3183
vn 0.2469 -0.9417 -0.2285
vn 0.4634 0.7754 -0.4289
vn 0.1663 -0.9740 -0.1539
vn 0.6021 0.5718 -0.5573
vn 0.0961 -0.9914 -0.0889
vn 0.7158 0.2207 -0.6625
vn 0.0314 0.9991 -0.0291
vn 0.0314 -0.9991 -0.0291
vn 0.7158 -0.2207 -0.6625
vn 0.0961 0.9914 -0.0889
vn 0.6021 -0.5718 -0.5573
vn 0.6949 0.5653 -0.4444
vn 0.1121 -0.9911 -0.0717
vn 0.8223 0.2172 -0.5259
vn 0.0367 0.9991 -0.0235
vn 0.0367 -0.9991 -0.0235
vn 0.8223 -0.2172 -0.5259
vn 0.1121 0.9911 -0.0717
vn 0.6949 -0.5653 -0.4444
vn 0.1940 0.9731 -0.1241
vn 0.5374 -0.7702 -0.3437
vn 0.2877 0.9399 -0.1840
vn 0.4000 -0.8801 -0.2558
vn 0.4000 0.8801 -0.2558
vn 0.2877 -0.9399 -0.1840
vn 0.5374 0.7702 -0.3437
vn 0.1940 -0.9731 -0.1241
vn 0.5917 -0.7673 -0.2472
vn 0.3176 0.9389 -0.1327
vn 0.4411 -0.8783 -0.1843
vn 0.4411 0.8783 -0.1843
vn 0.3176 -0.9389 -0.1327
vn 0.5917 0.7673 -0.2472
vn 0.2143 -0.9727 -0.0895
vn 0.7633 0.5618 -0.3190
vn 0.1239 -0.9909 -0.0518
vn 0.9010 0.2153 -0.3765
vn 0.0406 0.9990 -0.0169
vn 0.0406 -0.9990 -0.0169
vn 0.9010 -0.2153 -0.3765
vn 0.1239 0.9909 -0.0518
vn 0.7633 -0.5618 -0.3190
vn 0.2143 0.9727 -0.0895
vn 0.6252 0.7673 -0.1425
vn 0.1309 0.9909 -0.0299
vn 0.1298 -0.9914 0.0166
vn 0.1298 0.9914 0.0165
vn 0.4648 -0.8835 0.0592
vn 0.4648 0.8834 0.0592
vn 0.2382 0.9492 0.2055
vn -0.1322 -0.9751 0.1780
vn -0.7633 0.5618 0.3190
vn -0.7633 -0.5618 0.3189
vn -0.6252 0.7673 0.1426
vn -0.4648 -0.8835 -0.0592
vn -0.7749 0.5807 -0.2498
vn -0.2382 -0.9492 -0.2055
vn 0.1322 -0.9751 -0.1779
vn 0.1322 0.9751 -0.1779
vn 0.3438 -0.8835 -0.3183
vn 0.9189 0.3546 -0.1727
vn -0.6016 -0.3397 -0.7229
vn 0.9061 0.3390 -0.2530
vn -0.7720 -0.3819 -0.5081
vn 0.8827 0.3174 -0.3464
vn -0.8516 -0.3937 -0.3461
vn 0.8397 0.2849 -0.4622
vn -0.8911 -0.3943 -0.2246
vn 0.7556 0.2310 -0.6129
vn -0.9117 -0.3903 -0.1282
vn 0.5793 0.1341 -0.8040
vn -0.9221 -0.3841 -0.0463
vn 0.2263 -0.0324 -0.9735
vn 0.9251 0.3666 -0.0993
vn -0.9261 -0.3762 0.0278
vn -0.2543 -0.2252 -0.9405
vn 0.9279 0.3598 -0.0978
vn -0.9233 -0.3830 0.0293
vn -0.1775 -0.4058 -0.8965
vn 0.9276 0.3337 -0.1682
vn -0.5393 -0.4838 -0.6892
vn 0.9211 0.3026 -0.2450
vn -0.7263 -0.4880 -0.4841
vn 0.9050 0.2628 -0.3344
vn -0.8188 -0.4704 -0.3291
vn 0.8711 0.2076 -0.4451
vn -0.8681 -0.4486 -0.2127
vn 0.7987 0.1239 -0.5888
vn -0.8964 -0.4266 -0.1203
vn 0.6379 -0.0115 -0.7700
vn -0.9134 -0.4050 -0.0418
vn 0.3008 -0.2139 -0.9294
vn 0.9007 0.1354 -0.4129
vn -0.8454 -0.4991 -0.1903
vn 0.8392 0.0240 -0.5433
vn -0.8814 -0.4604 -0.1053
vn 0.6924 -0.1463 -0.7065
vn -0.9048 -0.4244 -0.0332
vn 0.3707 -0.3803 -0.8473
vn 0.9306 0.3534 -0.0950
vn -0.9205 -0.3894 0.0321
vn -0.1033 -0.5705 -0.8148
vn 0.9359 0.3141 -0.1596
vn -0.4780 -0.6160 -0.6261
vn 0.9354 0.2686 -0.2301
vn -0.6811 -0.5860 -0.4390
vn 0.9262 0.2118 -0.3119
vn -0.7864 -0.5415 -0.2971
vn -0.0354 -0.7123 -0.7010
vn 0.9435 0.2967 -0.1473
vn -0.4208 -0.7308 -0.5374
vn 0.9485 0.2382 -0.2086
vn -0.6387 -0.6719 -0.3750
vn 0.9456 0.1663 -0.2796
vn -0.7560 -0.6043 -0.2514
vn 0.9275 0.0712 -0.3670
vn -0.8242 -0.5438 -0.1581
vn 0.8755 -0.0644 -0.4789
vn -0.8674 -0.4905 -0.0840
vn 0.7410 -0.2647 -0.6171
vn -0.8969 -0.4418 -0.0210
vn 0.4332 -0.5243 -0.7331
vn 0.9332 0.3477 -0.0910
vn -0.9179 -0.3951 0.0361
vn -0.8052 -0.5812 -0.1177
vn 0.9067 -0.1379 -0.3985
vn -0.8549 -0.5156 -0.0570
vn 0.7824 -0.3621 -0.5068
vn -0.8898 -0.4563 -0.0055
vn 0.4863 -0.6410 -0.5938
vn 0.9354 0.3429 -0.0860
vn -0.9157 -0.3998 0.0411
vn 0.0233 -0.8268 -0.5620
vn 0.9503 0.2820 -0.1318
vn -0.3704 -0.8246 -0.4277
vn 0.9601 0.2127 -0.1816
vn -0.6009 -0.7429 -0.2950
vn 0.9625 0.1281 -0.2391
vn -0.7289 -0.6565 -0.1940
vn 0.9508 0.0174 -0.3093
vn 0.9559 0.2707 -0.1136
vn -0.3288 -0.8948 -0.3020
vn 0.9697 0.1930 -0.1500
vn -0.5695 -0.7966 -0.2026
vn 0.9765 0.0988 -0.1917
vn -0.7063 -0.6964 -0.1272
vn 0.9699 -0.0238 -0.2423
vn -0.7894 -0.6098 -0.0705
vn 0.9321 -0.1941 -0.3057
vn -0.8445 -0.5349 -0.0254
vn 0.8157 -0.4356 -0.3806
vn -0.8839 -0.4675 0.0127
vn 0.5290 -0.7279 -0.4363
vn 0.9373 0.3392 -0.0800
vn -0.9138 -0.4035 0.0471
vn 0.0711 -0.9116 -0.4049
vn 0.9513 -0.2310 -0.2041
vn -0.8366 -0.5477 0.0094
vn 0.8407 -0.4835 -0.2436
vn -0.8794 -0.4749 0.0327
vn 0.5609 -0.7837 -0.2669
vn 0.9387 0.3368 -0.0735
vn -0.9123 -0.4059 0.0536
vn 0.1067 -0.9659 -0.2357
vn 0.9602 0.2632 -0.0936
vn -0.2976 -0.9403 -0.1655
vn 0.9769 0.1799 -0.1151
vn -0.5458 -0.8317 -0.1013
vn 0.9870 0.0793 -0.1395
vn -0.6892 -0.7226 -0.0537
vn 0.9844 -0.0511 -0.1686
vn -0.7774 -0.6287 -0.0184
vn -0.2777 -0.9604 -0.0226
vn 0.9816 0.1740 -0.0782
vn -0.5308 -0.8475 0.0053
vn 0.9939 0.0704 -0.0844
vn -0.6783 -0.7344 0.0239
vn 0.9938 -0.0635 -0.0909
vn -0.7698 -0.6373 0.0367
vn 0.9639 -0.2477 -0.0973
vn -0.8315 -0.5535 0.0463
vn 0.8573 -0.5050 -0.1005
vn -0.8765 -0.4783 0.0540
vn 0.5816 -0.8083 -0.0910
vn 0.9396 0.3357 -0.0665
vn -0.9114 -0.4071 0.0605
vn 0.1295 -0.9898 -0.0600
vn 0.9630 0.2598 -0.0723
vn -0.8295 -0.5522 0.0838
vn 0.8651 -0.4997 0.0443
vn -0.8754 -0.4775 0.0755
vn 0.5912 -0.8018 0.0866
vn 0.9400 0.3359 -0.0595
vn -0.9110 -0.4068 0.0676
vn 0.1390 -0.9833 0.1176
vn 0.9641 0.2606 -0.0507
vn -0.2699 -0.9551 0.1222
vn 0.9837 0.1753 -0.0407
vn -0.5250 -0.8435 0.1135
vn 0.9970 0.0724 -0.0284
vn -0.6740 -0.7316 0.1027
vn 0.9981 -0.0606 -0.0121
vn -0.7667 -0.6352 0.0927
vn 0.9698 -0.2438 0.0109
vn -0.5285 -0.8200 0.2197
vn 0.9960 0.0853 0.0264
vn -0.6766 -0.7141 0.1800
vn 0.9970 -0.0426 0.0651
vn -0.7685 -0.6226 0.1476
vn 0.9686 -0.2193 0.1169
vn -0.8306 -0.5437 0.1205
vn 0.8640 -0.4678 0.1864
vn -0.8760 -0.4726 0.0967
vn 0.5894 -0.7644 0.2614
vn 0.9398 0.3375 -0.0526
vn -0.9112 -0.4052 0.0745
vn 0.1352 -0.9466 0.2926
vn 0.9636 0.2655 -0.0296
vn -0.2743 -0.9245 0.2645
vn 0.9829 0.1840 -0.0040
vn -0.8783 -0.4637 0.1165
vn 0.5757 -0.6962 0.4288
vn 0.9391 0.3405 -0.0461
vn -0.9119 -0.4023 0.0810
vn 0.1178 -0.8800 0.4602
vn 0.9615 0.2745 -0.0098
vn -0.2909 -0.8691 0.4000
vn 0.9794 0.1996 0.0304
vn -0.5413 -0.7775 0.3201
vn 0.9910 0.1086 0.0779
vn -0.6858 -0.6825 0.2528
vn 0.9904 -0.0099 0.1377
vn -0.7749 -0.5999 0.1992
vn 0.9604 -0.1750 0.2170
vn -0.8348 -0.5283 0.1550
vn 0.8536 -0.4099 0.3214
vn 0.9821 0.1414 0.1242
vn -0.7012 -0.6378 0.3185
vn 0.9785 0.0362 0.2032
vn -0.7856 -0.5679 0.2456
vn 0.9448 -0.1121 0.3077
vn -0.8418 -0.5067 0.1860
vn 0.8337 -0.3273 0.4448
vn -0.8823 -0.4512 0.1343
vn 0.5498 -0.5980 0.5832
vn 0.9379 0.3446 -0.0403
vn -0.9132 -0.3982 0.0868
vn 0.0869 -0.7837 0.6150
vn 0.9579 0.2871 0.0080
vn -0.3190 -0.7898 0.5239
vn 0.9732 0.2215 0.0613
vn -0.5628 -0.7170 0.4112
vn 0.5115 -0.4712 0.7185
vn 0.9362 0.3497 -0.0354
vn -0.9149 -0.3930 0.0917
vn 0.0429 -0.6592 0.7507
vn 0.9527 0.3029 0.0230
vn -0.3578 -0.6881 0.6313
vn 0.9645 0.2490 0.0875
vn -0.5920 -0.6403 0.4894
vn 0.9695 0.1825 0.1635
vn -0.7222 -0.5815 0.3745
vn 0.9613 0.0940 0.2590
vn -0.8003 -0.5276 0.2850
vn 0.9222 -0.0328 0.3854
vn -0.8514 -0.4796 0.2122
vn 0.8041 -0.2219 0.5515
vn -0.8877 -0.4356 0.1494
vn -0.7478 -0.5154 0.4185
vn 0.9393 0.1616 0.3027
vn -0.8181 -0.4805 0.3159
vn 0.8926 0.0602 0.4468
vn -0.8632 -0.4481 0.2327
vn 0.7649 -0.0972 0.6367
vn -0.8944 -0.4173 0.1611
vn 0.4611 -0.3191 0.8280
vn 0.9341 0.3557 -0.0316
vn -0.9171 -0.3871 0.0955
vn -0.0129 -0.5093 0.8605
vn 0.9464 0.3212 0.0348
vn -0.4055 -0.5669 0.7171
vn 0.9536 0.2809 0.1080
vn -0.6277 -0.5498 0.5511
vn 0.9535 0.2303 0.1942
vn 0.9316 0.3623 -0.0290
vn -0.9196 -0.3805 0.0981
vn -0.0785 -0.3388 0.9376
vn 0.9389 0.3414 0.0427
vn -0.4602 -0.4302 0.7766
vn 0.9409 0.3160 0.1219
vn -0.6681 -0.4486 0.5936
vn 0.9347 0.2829 0.2152
vn -0.7768 -0.4420 0.4486
vn 0.9130 0.2360 0.3326
vn -0.8384 -0.4285 0.3369
vn 0.8569 0.1633 0.4889
vn -0.8766 -0.4132 0.2467
vn 0.7170 0.0421 0.6958
vn -0.9020 -0.3973 0.1691
vn 0.3998 -0.1469 0.9048
vn 0.8834 0.3145 0.3473
vn -0.8602 -0.3734 0.3472
vn 0.8162 0.2721 0.5097
vn -0.8911 -0.3764 0.2535
vn 0.6618 0.1901 0.7252
vn -0.9103 -0.3761 0.1730
vn 0.3298 0.0377 0.9433
vn 0.9289 0.3692 -0.0277
vn -0.9223 -0.3736 0.0994
vn -0.1508 -0.1552 0.9763
vn 0.9308 0.3626 0.0467
vn -0.5191 -0.2838 0.8062
vn 0.9267 0.3530 0.1287
vn -0.7114 -0.3409 0.6146
vn 0.9136 0.3383 0.2254
vn -0.8079 -0.3641 0.4634
vn -0.2263 0.0324 0.9735
vn 0.9221 0.3841 0.0463
vn -0.5793 -0.1341 0.8040
vn 0.9117 0.3903 0.1282
vn -0.7556 -0.2310 0.6129
vn 0.8911 0.3943 0.2246
vn -0.8397 -0.2849 0.4622
vn 0.8516 0.3937 0.3461
vn -0.8827 -0.3174 0.3464
vn 0.7720 0.3819 0.5081
vn -0.9061 -0.3390 0.2530
vn 0.6016 0.3397 0.7229
vn -0.9189 -0.3546 0.1727
vn 0.2543 0.2252 0.9405
vn 0.9261 0.3762 -0.0278
vn -0.9251 -0.3666 0.0993
vn -0.9050 -0.2629 0.3344
vn 0.7263 0.4880 0.4841
vn -0.9211 -0.3026 0.2450
vn 0.5393 0.4838 0.6892
vn -0.9276 -0.3337 0.1682
vn 0.1775 0.4058 0.8966
vn 0.9233 0.3830 -0.0293
vn -0.9279 -0.3598 0.0978
vn -0.3008 0.2139 0.9294
vn 0.9134 0.4050 0.0418
vn -0.6379 0.0115 0.7700
vn 0.8964 0.4266 0.1203
vn -0.7987 -0.1239 0.5888
vn 0.8681 0.4486 0.2127
vn -0.8711 -0.2076 0.4451
vn 0.8188 0.4704 0.3291
vn -0.6924 0.1463 0.7065
vn 0.8814 0.4604 0.1053
vn -0.8392 -0.0240 0.5433
vn 0.8454 0.4991 0.1903
vn -0.9007 -0.1354 0.4129
vn 0.7864 0.5415 0.2971
vn -0.9262 -0.2118 0.3119
vn 0.6811 0.5860 0.4390
vn -0.9354 -0.2686 0.2301
vn 0.4780 0.6160 0.6261
vn -0.9359 -0.3141 0.1596
vn 0.1033 0.5705 0.8148
vn 0.9205 0.3894 -0.0321
vn -0.9306 -0.3534 0.0950
vn -0.3707 0.3803 0.8473
vn 0.9048 0.4244 0.0332
vn -0.9486 -0.2382 0.2086
vn 0.4208 0.7308 0.5374
vn -0.9435 -0.2967 0.1473
vn 0.0354 0.7123 0.7010
vn 0.9179 0.3951 -0.0361
vn -0.9332 -0.3477 0.0910
vn -0.4332 0.5243 0.7331
vn 0.8969 0.4418 0.0210
vn -0.7410 0.2647 0.6171
vn 0.8674 0.4905 0.0840
vn -0.8755 0.0644 0.4789
vn 0.8242 0.5438 0.1581
vn -0.9275 -0.0712 0.3670
vn 0.7560 0.6043 0.2514
vn -0.9456 -0.1663 0.2796
vn 0.6387 0.6719 0.3750
vn 0.8549 0.5156 0.0570
vn -0.9067 0.1379 0.3986
vn 0.8052 0.5812 0.1177
vn -0.9508 -0.0174 0.3093
vn 0.7289 0.6565 0.1940
vn -0.9625 -0.1281 0.2391
vn 0.6009 0.7429 0.2950
vn -0.9601 -0.2127 0.1816
vn 0.3704 0.8246 0.4277
vn -0.9503 -0.2820 0.1318
vn -0.0233 0.8268 0.5620
vn 0.9157 0.3998 -0.0411
vn -0.9354 -0.3429 0.0860
vn -0.4863 0.6410 0.5938
vn 0.8898 0.4563 0.0055
vn -0.7824 0.3621 0.5068
vn 0.3288 0.8948 0.3020
vn -0.9559 -0.2707 0.1136
vn -0.0711 0.9116 0.4049
vn 0.9138 0.4035 -0.0470
vn -0.9373 -0.3392 0.0800
vn -0.5290 0.7279 0.4363
vn 0.8839 0.4675 -0.0127
vn -0.8157 0.4356 0.3806
vn 0.8445 0.5349 0.0254
vn -0.9321 0.1941 0.3057
vn 0.7894 0.6098 0.0705
vn -0.9699 0.0238 0.2423
vn 0.7063 0.6964 0.1272
vn -0.9765 -0.0988 0.1917
vn 0.5695 0.7966 0.2026
vn -0.9697 -0.1930 0.1500
vn -0.9513 0.2310 0.2041
vn 0.7774 0.6287 0.0184
vn -0.9844 0.0511 0.1686
vn 0.6892 0.7226 0.0537
vn -0.9870 -0.0793 0.1395
vn 0.5458 0.8317 0.1013
vn -0.9769 -0.1799 0.1151
vn 0.2976 0.9403 0.1655
vn -0.9602 -0.2632 0.0936
vn -0.1067 0.9659 0.2357
vn 0.9123 0.4059 -0.0536
vn -0.9387 -0.3368 0.0735
vn -0.5608 0.7837 0.2669
vn 0.8794 0.4749 -0.0327
vn -0.8407 0.4835 0.2436
vn 0.8366 0.5477 -0.0094
vn -0.9630 -0.2598 0.0723
vn -0.1295 0.9898 0.0600
vn 0.9114 0.4071 -0.0605
vn -0.9396 -0.3357 0.0665
vn -0.5816 0.8083 0.0910
vn 0.8765 0.4783 -0.0540
vn -0.8573 0.5050 0.1005
vn 0.8315 0.5535 -0.0463
vn -0.9639 0.2477 0.0973
vn 0.7698 0.6373 -0.0367
vn -0.9938 0.0635 0.0909
vn 0.6783 0.7344 -0.0239
vn -0.9939 -0.0704 0.0844
vn 0.5308 0.8475 -0.0053
vn -0.9816 -0.1740 0.0782
vn 0.2777 0.9604 0.0226
vn 0.7667 0.6352 -0.0927
vn -0.9981 0.0606 0.0121
vn 0.6740 0.7316 -0.1027
vn -0.9970 -0.0724 0.0283
vn 0.5250 0.8435 -0.1135
vn -0.9837 -0.1753 0.0407
vn 0.2699 0.9551 -0.1222
vn -0.9641 -0.2606 0.0507
vn -0.1391 0.9833 -0.1176
vn 0.9110 0.4068 -0.0676
vn -0.9400 -0.3359 0.0595
vn -0.5912 0.8018 -0.0866
vn 0.8754 0.4775 -0.0756
vn -0.8651 0.4997 -0.0443
vn 0.8295 0.5522 -0.0838
vn -0.9698 0.2438 -0.0109
vn -0.1352 0.9466 -0.2926
vn 0.9112 0.4052 -0.0745
vn -0.9398 -0.3375 0.0526
vn -0.5894 0.7644 -0.2614
vn 0.8760 0.4726 -0.0967
vn -0.8640 0.4678 -0.1864
vn 0.8306 0.5437 -0.1205
vn -0.9686 0.2193 -0.1169
vn 0.7685 0.6226 -0.1476
vn -0.9970 0.0426 -0.0651
vn 0.6766 0.7141 -0.1800
vn -0.9960 -0.0853 -0.0264
vn 0.5285 0.8200 -0.2197
vn -0.9829 -0.1840 0.0040
vn 0.2743 0.9245 -0.2645
vn -0.9636 -0.2655 0.0296
vn -0.9904 0.0099 -0.1377
vn 0.6858 0.6825 -0.2528
vn -0.9910 -0.1086 -0.0779
vn 0.5413 0.7775 -0.3201
vn -0.9794 -0.1996 -0.0304
vn 0.2909 0.8691 -0.4000
vn -0.9615 -0.2745 0.0098
vn -0.1178 0.8800 -0.4602
vn 0.9119 0.4023 -0.0810
vn -0.9391 -0.3405 0.0461
vn -0.5757 0.6962 -0.4288
vn 0.8783 0.4637 -0.1165
vn -0.8536 0.4099 -0.3214
vn 0.8348 0.5283 -0.1550
vn -0.9604 0.1750 -0.2170
vn 0.7749 0.5999 -0.1992
vn -0.9379 -0.3446 0.0403
vn -0.5498 0.5980 -0.5832
vn 0.8823 0.4512 -0.1343
vn -0.8337 0.3273 -0.4448
vn 0.8418 0.5067 -0.1860
vn -0.9448 0.1121 -0.3077
vn 0.7856 0.5679 -0.2456
vn -0.9785 -0.0362 -0.2032
vn 0.7012 0.6378 -0.3185
vn -0.9821 -0.1414 -0.1242
vn 0.5628 0.7170 -0.4112
vn -0.9732 -0.2215 -0.0613
vn 0.3190 0.7898 -0.5239
vn -0.9579 -0.2871 -0.0080
vn -0.0869 0.7837 -0.6150
vn 0.9132 0.3982 -0.0868
vn -0.9695 -0.1825 -0.1635
vn 0.5920 0.6403 -0.4894
vn -0.9645 -0.2490 -0.0875
vn 0.3578 0.6881 -0.6313
vn -0.9527 -0.3029 -0.0230
vn -0.0429 0.6592 -0.7507
vn 0.9149 0.3930 -0.0917
vn -0.9362 -0.3497 0.0354
vn -0.5115 0.4712 -0.7185
vn 0.8877 0.4355 -0.1494
vn -0.8041 0.2219 -0.5515
vn 0.8514 0.4796 -0.2122
vn -0.9222 0.0328 -0.3854
vn 0.8003 0.5276 -0.2850
vn -0.9613 -0.0940 -0.2590
vn 0.7222 0.5815 -0.3745
vn 0.8944 0.4173 -0.1611
vn -0.7650 0.0972 -0.6367
vn 0.8632 0.4481 -0.2327
vn -0.8926 -0.0602 -0.4468
vn 0.8181 0.4806 -0.3159
vn -0.9393 -0.1616 -0.3027
vn 0.7478 0.5154 -0.4185
vn -0.9535 -0.2303 -0.1942
vn 0.6277 0.5498 -0.5511
vn -0.9536 -0.2809 -0.1080
vn 0.4055 0.5669 -0.7171
vn -0.9464 -0.3212 -0.0348
vn 0.0129 0.5093 -0.8605
vn 0.9171 0.3871 -0.0955
vn -0.9341 -0.3557 0.0316
vn -0.4611 0.3191 -0.8280
vn 0.6681 0.4486 -0.5936
vn -0.9409 -0.3160 -0.1219
vn 0.4602 0.4302 -0.7766
vn -0.9389 -0.3414 -0.0427
vn 0.0784 0.3388 -0.9376
vn 0.9196 0.3805 -0.0981
vn -0.9316 -0.3623 0.0290
vn -0.3998 0.1469 -0.9048
vn 0.9020 0.3973 -0.1691
vn -0.7170 -0.0421 -0.6958
vn 0.8766 0.4132 -0.2467
vn -0.8569 -0.1633 -0.4889
vn 0.8384 0.4285 -0.3369
vn -0.9130 -0.2360 -0.3326
vn 0.7768 0.4420 -0.4486
vn -0.9347 -0.2829 -0.2152
vn -0.6618 -0.1901 -0.7252
vn 0.8911 0.3764 -0.2535
vn -0.8162 -0.2721 -0.5097
vn 0.8602 0.3734 -0.3472
vn -0.8834 -0.3145 -0.3473
vn 0.8079 0.3641 -0.4634
vn -0.9136 -0.3384 -0.2254
vn 0.7114 0.3409 -0.6146
vn -0.9267 -0.3530 -0.1287
vn 0.5191 0.2838 -0.8062
vn -0.9308 -0.3626 -0.0466
vn 0.1508 0.1552 -0.9763
vn 0.9223 0.3736 -0.0994
vn -0.9289 -0.3692 0.0277
vn -0.3298 -0.0377 -0.9433
vn 0.9103 0.3761 -0.1730
vn 0.9486 0.2382 -0.2086
vn 0.9067 -0.1379 -0.3986
vn -0.8445 -0.5349 -0.0255
vn 0.5608 -0.7837 -0.2669
vn 0.9939 0.0704 -0.0843
vn -0.8754 -0.4775 0.0756
vn 0.1391 -0.9833 0.1176
vn -0.6766 -0.7141 0.1799
vn -0.8877 -0.4355 0.1494
vn -0.8181 -0.4806 0.3159
vn 0.9308 0.3626 0.0466
vn -0.9050 -0.2629 0.3345
vn 0.1775 0.4058 0.8965
vn -0.6924 0.1464 0.7065
vn 0.9048 0.4245 0.0332
vn -0.9485 -0.2382 0.2086
vn 0.8674 0.4905 0.0839
vn 0.7289 0.6566 0.1940
vn 0.8445 0.5349 0.0255
vn 0.8794 0.4749 -0.0328
vn -0.9939 -0.0704 0.0843
vn 0.8754 0.4775 -0.0755
vn 0.8418 0.5067 -0.1859
vn -0.7649 0.0972 -0.6367
vn -0.9136 -0.3383 -0.2254
vn -0.9308 -0.3626 -0.0467
vn 0.9348 -0.3072 -0.1781
vn -0.7099 -0.0001 -0.7043
vn 0.9108 -0.3227 -0.2575
vn -0.8630 0.1003 -0.4952
vn 0.8738 -0.3381 -0.3496
vn -0.9277 0.1624 -0.3360
vn 0.8129 -0.3529 -0.4633
vn -0.9550 0.2033 -0.2160
vn 0.7042 -0.3636 -0.6098
vn -0.9651 0.2326 -0.1204
vn 0.4949 -0.3567 -0.7924
vn -0.9660 0.2554 -0.0392
vn 0.1097 -0.2941 -0.9495
vn 0.9508 -0.2914 -0.1053
vn -0.9610 0.2745 0.0344
vn -0.3773 -0.1500 -0.9139
vn 0.9487 -0.2990 -0.1028
vn -0.9630 0.2669 0.0370
vn -0.4264 -0.3455 -0.8359
vn 0.9284 -0.3304 -0.1701
vn -0.7477 -0.1592 -0.6447
vn 0.8994 -0.3630 -0.2435
vn -0.8914 -0.0180 -0.4529
vn 0.8564 -0.3982 -0.3286
vn -0.9489 0.0766 -0.3061
vn 0.7880 -0.4375 -0.4331
vn -0.9704 0.1425 -0.1950
vn 0.6694 -0.4800 -0.5670
vn -0.9756 0.1920 -0.1065
vn 0.4481 -0.5131 -0.7321
vn -0.9722 0.2321 -0.0312
vn 0.0549 -0.4880 -0.8711
vn 0.7650 -0.5140 -0.3881
vn -0.9826 0.0868 -0.1640
vn 0.6370 -0.5839 -0.5033
vn -0.9842 0.1547 -0.0859
vn 0.4052 -0.6504 -0.6425
vn -0.9774 0.2107 -0.0194
vn 0.0084 -0.6556 -0.7551
vn 0.9469 -0.3060 -0.0989
vn -0.9648 0.2599 0.0408
vn -0.4631 -0.5160 -0.7206
vn 0.9226 -0.3517 -0.1583
vn -0.7745 -0.3012 -0.5563
vn 0.8891 -0.3998 -0.2228
vn -0.9122 -0.1254 -0.3901
vn 0.8405 -0.4529 -0.2972
vn -0.9652 -0.0019 -0.2617
vn -0.4870 -0.6539 -0.5790
vn 0.9179 -0.3702 -0.1430
vn -0.7906 -0.4199 -0.4457
vn 0.8804 -0.4317 -0.1961
vn -0.9255 -0.2171 -0.3105
vn 0.8270 -0.5001 -0.2570
vn -0.9763 -0.0698 -0.2049
vn 0.7450 -0.5793 -0.3307
vn -0.9915 0.0382 -0.1241
vn 0.6089 -0.6713 -0.4226
vn -0.9907 0.1222 -0.0593
vn 0.3690 -0.7631 -0.5305
vn -0.9814 0.1919 -0.0042
vn -0.0275 -0.7900 -0.6125
vn 0.9454 -0.3121 -0.0939
vn -0.9662 0.2538 0.0458
vn -0.9970 -0.0012 -0.0771
vn 0.5870 -0.7396 -0.3293
vn -0.9950 0.0956 -0.0279
vn 0.3417 -0.8488 -0.4034
vn -0.9842 0.1766 0.0139
vn -0.0519 -0.8894 -0.4541
vn 0.9443 -0.3170 -0.0880
vn -0.9672 0.2488 0.0517
vn -0.4994 -0.7570 -0.4214
vn 0.9143 -0.3853 -0.1249
vn -0.7973 -0.5117 -0.3201
vn 0.8738 -0.4576 -0.1646
vn -0.9318 -0.2900 -0.2183
vn 0.8164 -0.5380 -0.2097
vn -0.9825 -0.1246 -0.1384
vn 0.7294 -0.6313 -0.2636
vn 0.9121 -0.3964 -0.1046
vn -0.7965 -0.5755 -0.1856
vn 0.8696 -0.4765 -0.1294
vn -0.9322 -0.3422 -0.1176
vn 0.8096 -0.5656 -0.1571
vn -0.9843 -0.1644 -0.0650
vn 0.7191 -0.6686 -0.1895
vn -0.9992 -0.0301 -0.0249
vn 0.5726 -0.7876 -0.2276
vn -0.9971 0.0761 0.0071
vn 0.3244 -0.9073 -0.2675
vn -0.9856 0.1654 0.0341
vn -0.0649 -0.9554 -0.2881
vn 0.9437 -0.3207 -0.0814
vn -0.9677 0.2451 0.0583
vn -0.5021 -0.8260 -0.2562
vn 0.5665 -0.8150 -0.1215
vn -0.9969 0.0643 0.0443
vn 0.3179 -0.9395 -0.1278
vn -0.9858 0.1585 0.0556
vn -0.0671 -0.9905 -0.1200
vn 0.9435 -0.3229 -0.0744
vn -0.9678 0.2429 0.0654
vn -0.4969 -0.8633 -0.0886
vn 0.9114 -0.4030 -0.0831
vn -0.7898 -0.6116 -0.0468
vn 0.8681 -0.4878 -0.0920
vn -0.9279 -0.3727 -0.0122
vn 0.8069 -0.5819 -0.1014
vn -0.9821 -0.1881 0.0126
vn 0.7148 -0.6903 -0.1115
vn -0.9984 -0.0475 0.0306
vn -0.7785 -0.6208 0.0925
vn 0.8694 -0.4911 -0.0538
vn -0.9196 -0.3813 0.0945
vn 0.8086 -0.5866 -0.0446
vn -0.9765 -0.1951 0.0916
vn 0.7170 -0.6964 -0.0322
vn -0.9948 -0.0528 0.0872
vn 0.5693 -0.8220 -0.0143
vn -0.9947 0.0607 0.0825
vn 0.3221 -0.9466 0.0120
vn -0.9846 0.1564 0.0776
vn -0.0590 -0.9972 0.0467
vn 0.9438 -0.3235 -0.0671
vn -0.9675 0.2422 0.0726
vn -0.4849 -0.8711 0.0779
vn 0.9123 -0.4050 -0.0610
vn -0.9906 0.0653 0.1201
vn 0.3372 -0.9296 0.1491
vn -0.9822 0.1592 0.0994
vn -0.0410 -0.9768 0.2100
vn 0.9446 -0.3227 -0.0600
vn -0.9667 0.2431 0.0797
vn -0.4670 -0.8508 0.2412
vn 0.9147 -0.4023 -0.0393
vn -0.7634 -0.6038 0.2295
vn 0.8736 -0.4864 -0.0162
vn -0.9080 -0.3682 0.1997
vn 0.8148 -0.5796 0.0113
vn -0.9679 -0.1854 0.1695
vn 0.7255 -0.6867 0.0458
vn -0.9886 -0.0458 0.1431
vn 0.5808 -0.8089 0.0909
vn -0.8935 -0.3338 0.3005
vn 0.8251 -0.5613 0.0643
vn -0.9567 -0.1593 0.2438
vn 0.7403 -0.6615 0.1198
vn -0.9802 -0.0269 0.1963
vn 0.6009 -0.7761 0.1912
vn -0.9847 0.0782 0.1558
vn 0.3628 -0.8886 0.2806
vn -0.9787 0.1666 0.1199
vn -0.0134 -0.9297 0.3680
vn 0.9458 -0.3202 -0.0533
vn -0.9655 0.2455 0.0864
vn -0.4432 -0.8025 0.3994
vn 0.9185 -0.3950 -0.0187
vn -0.7449 -0.5608 0.3615
vn 0.8804 -0.4739 0.0195
vn -0.9741 0.1784 0.1386
vn 0.0237 -0.8550 0.5181
vn 0.9474 -0.3164 -0.0472
vn -0.9640 0.2494 0.0925
vn -0.4135 -0.7256 0.5500
vn 0.9236 -0.3834 -0.0001
vn -0.7227 -0.4920 0.4855
vn 0.8895 -0.4539 0.0518
vn -0.8760 -0.2785 0.3937
vn 0.8392 -0.5320 0.1125
vn -0.9428 -0.1174 0.3120
vn 0.7606 -0.6216 0.1875
vn -0.9696 0.0034 0.2447
vn 0.6288 -0.7239 0.2837
vn -0.9772 0.0986 0.1883
vn 0.3982 -0.8237 0.4036
vn 0.8564 -0.4927 0.1541
vn -0.9265 -0.0611 0.3714
vn 0.7855 -0.5678 0.2463
vn -0.9570 0.0441 0.2866
vn 0.6634 -0.6531 0.3652
vn -0.9682 0.1260 0.2162
vn 0.4426 -0.7346 0.5143
vn -0.9687 0.1942 0.1547
vn 0.0702 -0.7511 0.6564
vn 0.9494 -0.3113 -0.0420
vn -0.9621 0.2545 0.0977
vn -0.3773 -0.6187 0.6891
vn 0.9298 -0.3678 0.0159
vn -0.6964 -0.3974 0.5976
vn 0.9007 -0.4272 0.0796
vn -0.8554 -0.2035 0.4762
vn 0.1253 -0.6170 0.7770
vn 0.9516 -0.3051 -0.0378
vn -0.9600 0.2608 0.1019
vn -0.3342 -0.4809 0.8106
vn 0.9367 -0.3489 0.0286
vn -0.6654 -0.2781 0.6927
vn 0.9132 -0.3946 0.1018
vn -0.8315 -0.1107 0.5445
vn 0.8758 -0.4447 0.1874
vn -0.9076 0.0080 0.4197
vn 0.8137 -0.5015 0.2939
vn -0.9427 0.0935 0.3204
vn 0.7029 -0.5648 0.4323
vn -0.9580 0.1593 0.2386
vn 0.4942 -0.6214 0.6080
vn -0.9625 0.2133 0.1674
vn -0.8864 0.0873 0.4546
vn 0.8437 -0.4248 0.3282
vn -0.9267 0.1501 0.3444
vn 0.7452 -0.4613 0.4815
vn -0.9468 0.1971 0.2544
vn 0.5505 -0.4859 0.6789
vn -0.9558 0.2351 0.1764
vn 0.1873 -0.4530 0.8716
vn 0.9539 -0.2980 -0.0349
vn -0.9577 0.2679 0.1048
vn -0.2842 -0.3135 0.9061
vn 0.9442 -0.3273 0.0376
vn -0.6292 -0.1367 0.7651
vn 0.9265 -0.3574 0.1174
vn -0.8039 -0.0027 0.5947
vn 0.8964 -0.3896 0.2112
vn 0.9563 -0.2904 -0.0333
vn -0.9554 0.2755 0.1064
vn -0.2283 -0.1212 0.9660
vn 0.9517 -0.3040 0.0424
vn -0.5879 0.0218 0.8086
vn 0.9400 -0.3170 0.1260
vn -0.7730 0.1160 0.6237
vn 0.9172 -0.3294 0.2242
vn -0.8631 0.1737 0.4742
vn 0.8738 -0.3404 0.3472
vn -0.9096 0.2113 0.3577
vn 0.7878 -0.3460 0.5096
vn -0.9350 0.2380 0.2630
vn 0.6079 -0.3322 0.7212
vn -0.9488 0.2586 0.1813
vn 0.2531 -0.2637 0.9308
vn 0.9023 -0.2516 0.3500
vn -0.8917 0.2749 0.3595
vn 0.8278 -0.2237 0.5144
vn -0.9228 0.2805 0.2641
vn 0.6623 -0.1671 0.7304
vn -0.9417 0.2830 0.1819
vn 0.3181 -0.0581 0.9463
vn 0.9587 -0.2824 -0.0332
vn -0.9530 0.2835 0.1066
vn -0.1689 0.0860 0.9819
vn 0.9591 -0.2797 0.0430
vn -0.5424 0.1895 0.8184
vn 0.9531 -0.2748 0.1270
vn -0.7394 0.2402 0.6290
vn 0.9370 -0.2664 0.2258
vn -0.8383 0.2636 0.4772
vn -0.1097 0.2941 0.9495
vn 0.9660 -0.2554 0.0392
vn -0.4949 0.3567 0.7924
vn 0.9651 -0.2326 0.1204
vn -0.7042 0.3636 0.6098
vn 0.9550 -0.2033 0.2160
vn -0.8129 0.3529 0.4633
vn 0.9277 -0.1624 0.3360
vn -0.8738 0.3381 0.3496
vn 0.8630 -0.1003 0.4952
vn -0.9108 0.3227 0.2575
vn 0.7099 0.0001 0.7043
vn -0.9348 0.3072 0.1781
vn 0.3773 0.1500 0.9139
vn 0.9610 -0.2745 -0.0344
vn -0.9508 0.2914 0.1053
vn -0.8564 0.3982 0.3286
vn 0.8914 0.0180 0.4529
vn -0.8994 0.3630 0.2435
vn 0.7477 0.1592 0.6447
vn -0.9284 0.3304 0.1701
vn 0.4264 0.3455 0.8359
vn 0.9630 -0.2669 -0.0370
vn -0.9487 0.2990 0.1028
vn -0.0549 0.4880 0.8711
vn 0.9722 -0.2321 0.0312
vn -0.4481 0.5131 0.7321
vn 0.9756 -0.1920 0.1065
vn -0.6694 0.4800 0.5670
vn 0.9704 -0.1425 0.1950
vn -0.7880 0.4375 0.4331
vn 0.9489 -0.0766 0.3061
vn -0.4052 0.6504 0.6425
vn 0.9842 -0.1547 0.0859
vn -0.6370 0.5839 0.5033
vn 0.9826 -0.0868 0.1640
vn -0.7650 0.5140 0.3881
vn 0.9652 0.0019 0.2617
vn -0.8405 0.4529 0.2972
vn 0.9122 0.1253 0.3901
vn -0.8891 0.3998 0.2228
vn 0.7745 0.3012 0.5562
vn -0.9226 0.3517 0.1583
vn 0.4631 0.5160 0.7206
vn 0.9648 -0.2599 -0.0409
vn -0.9469 0.3060 0.0989
vn -0.0084 0.6556 0.7551
vn 0.9774 -0.2107 0.0194
vn -0.8804 0.4317 0.1961
vn 0.7906 0.4199 0.4457
vn -0.9179 0.3702 0.1430
vn 0.4870 0.6539 0.5790
vn 0.9662 -0.2538 -0.0458
vn -0.9454 0.3120 0.0939
vn 0.0275 0.7900 0.6126
vn 0.9814 -0.1919 0.0042
vn -0.3690 0.7631 0.5305
vn 0.9907 -0.1222 0.0593
vn -0.6089 0.6713 0.4226
vn 0.9915 -0.0382 0.1241
vn -0.7450 0.5793 0.3307
vn 0.9763 0.0698 0.2049
vn -0.8270 0.5001 0.2570
vn 0.9255 0.2171 0.3105
vn 0.9950 -0.0956 0.0279
vn -0.5870 0.7396 0.3293
vn 0.9970 0.0012 0.0771
vn -0.7294 0.6313 0.2636
vn 0.9825 0.1246 0.1384
vn -0.8164 0.5380 0.2097
vn 0.9318 0.2900 0.2183
vn -0.8738 0.4576 0.1645
vn 0.7973 0.5117 0.3201
vn -0.9143 0.3853 0.1249
vn 0.4994 0.7570 0.4214
vn 0.9672 -0.2488 -0.0517
vn -0.9443 0.3170 0.0880
vn 0.0519 0.8894 0.4541
vn 0.9842 -0.1766 -0.0139
vn -0.3417 0.8488 0.4034
vn 0.7965 0.5755 0.1856
vn -0.9121 0.3964 0.1047
vn 0.5021 0.8260 0.2562
vn 0.9677 -0.2451 -0.0583
vn -0.9437 0.3207 0.0814
vn 0.0649 0.9554 0.2881
vn 0.9856 -0.1654 -0.0341
vn -0.3244 0.9073 0.2675
vn 0.9971 -0.0761 -0.0070
vn -0.5726 0.7876 0.2276
vn 0.9992 0.0301 0.0249
vn -0.7191 0.6686 0.1895
vn 0.9843 0.1644 0.0650
vn -0.8096 0.5656 0.1571
vn 0.9322 0.3422 0.1176
vn -0.8696 0.4765 0.1294
vn -0.5665 0.8150 0.1215
vn 0.9984 0.0475 -0.0306
vn -0.7148 0.6903 0.1115
vn 0.9821 0.1881 -0.0126
vn -0.8069 0.5819 0.1014
vn 0.9279 0.3727 0.0122
vn -0.8681 0.4878 0.0920
vn 0.7898 0.6116 0.0468
vn -0.9114 0.4030 0.0831
vn 0.4969 0.8633 0.0886
vn 0.9679 -0.2429 -0.0653
vn -0.9435 0.3229 0.0744
vn 0.0671 0.9905 0.1200
vn 0.9858 -0.1585 -0.0556
vn -0.3179 0.9395 0.1278
vn 0.9969 -0.0643 -0.0443
vn -0.9123 0.4050 0.0610
vn 0.4849 0.8711 -0.0779
vn 0.9675 -0.2422 -0.0726
vn -0.9438 0.3235 0.0671
vn 0.0590 0.9972 -0.0467
vn 0.9846 -0.1564 -0.0776
vn -0.3221 0.9466 -0.0120
vn 0.9947 -0.0607 -0.0825
vn -0.5693 0.8220 0.0143
vn 0.9948 0.0528 -0.0872
vn -0.7170 0.6964 0.0322
vn 0.9765 0.1951 -0.0916
vn -0.8086 0.5866 0.0446
vn 0.9196 0.3813 -0.0945
vn -0.8694 0.4911 0.0538
vn 0.7785 0.6208 -0.0925
vn 0.9886 0.0458 -0.1431
vn -0.7255 0.6867 -0.0458
vn 0.9679 0.1854 -0.1695
vn -0.8148 0.5796 -0.0113
vn 0.9080 0.3682 -0.1997
vn -0.8736 0.4864 0.0161
vn 0.7634 0.6038 -0.2295
vn -0.9147 0.4023 0.0393
vn 0.4670 0.8508 -0.2412
vn 0.9667 -0.2431 -0.0797
vn -0.9446 0.3227 0.0600
vn 0.0410 0.9768 -0.2100
vn 0.9822 -0.1591 -0.0994
vn -0.3372 0.9296 -0.1491
vn 0.9906 -0.0653 -0.1201
vn -0.5808 0.8089 -0.0909
vn 0.4432 0.8025 -0.3994
vn 0.9655 -0.2455 -0.0864
vn -0.9458 0.3202 0.0533
vn 0.0134 0.9297 -0.3680
vn 0.9787 -0.1666 -0.1199
vn -0.3628 0.8886 -0.2806
vn 0.9847 -0.0782 -0.1558
vn -0.6009 0.7761 -0.1912
vn 0.9802 0.0269 -0.1963
vn -0.7403 0.6615 -0.1198
vn 0.9567 0.1593 -0.2438
vn -0.8251 0.5613 -0.0643
vn 0.8935 0.3338 -0.3005
vn -0.8804 0.4739 -0.0195
vn 0.7449 0.5608 -0.3615
vn -0.9185 0.3950 0.0188
vn -0.7606 0.6216 -0.1875
vn 0.9428 0.1174 -0.3120
vn -0.8392 0.5320 -0.1125
vn 0.8760 0.2785 -0.3937
vn -0.8895 0.4539 -0.0518
vn 0.7227 0.4920 -0.4855
vn -0.9236 0.3834 0.0001
vn 0.4135 0.7256 -0.5500
vn 0.9640 -0.2494 -0.0925
vn -0.9474 0.3164 0.0472
vn -0.0237 0.8550 -0.5181
vn 0.9742 -0.1784 -0.1386
vn -0.3982 0.8237 -0.4036
vn 0.9772 -0.0986 -0.1883
vn -0.6288 0.7239 -0.2837
vn 0.9696 -0.0034 -0.2447
vn -0.9494 0.3113 0.0420
vn -0.0702 0.7511 -0.6564
vn 0.9687 -0.1942 -0.1547
vn -0.4426 0.7346 -0.5143
vn 0.9682 -0.1260 -0.2162
vn -0.6634 0.6531 -0.3652
vn 0.9570 -0.0440 -0.2866
vn -0.7855 0.5678 -0.2463
vn 0.9265 0.0611 -0.3714
vn -0.8564 0.4927 -0.1541
vn 0.8554 0.2035 -0.4762
vn -0.9007 0.4272 -0.0796
vn 0.6964 0.3974 -0.5976
vn -0.9298 0.3678 -0.0159
vn 0.3773 0.6187 -0.6891
vn 0.9621 -0.2545 -0.0977
vn -0.8758 0.4447 -0.1874
vn 0.8315 0.1107 -0.5445
vn -0.9132 0.3946 -0.1018
vn 0.6654 0.2781 -0.6927
vn -0.9367 0.3489 -0.0286
vn 0.3342 0.4809 -0.8106
vn 0.9600 -0.2608 -0.1019
vn -0.9516 0.3051 0.0378
vn -0.1253 0.6169 -0.7770
vn 0.9625 -0.2133 -0.1674
vn -0.4942 0.6214 -0.6080
vn 0.9580 -0.1593 -0.2385
vn -0.7029 0.5648 -0.4323
vn 0.9427 -0.0935 -0.3204
vn -0.8137 0.5015 -0.2939
vn 0.9076 -0.0080 -0.4197
vn 0.9558 -0.2351 -0.1764
vn -0.5505 0.4859 -0.6789
vn 0.9468 -0.1971 -0.2544
vn -0.7452 0.4613 -0.4815
vn 0.9267 -0.1501 -0.3444
vn -0.8437 0.4248 -0.3282
vn 0.8864 -0.0873 -0.4546
vn -0.8964 0.3896 -0.2112
vn 0.8039 0.0027 -0.5947
vn -0.9265 0.3574 -0.1174
vn 0.6292 0.1367 -0.7651
vn -0.9442 0.3273 -0.0376
vn 0.2842 0.3135 -0.9061
vn 0.9577 -0.2679 -0.1048
vn -0.9539 0.2980 0.0349
vn -0.1873 0.4530 -0.8716
vn 0.7730 -0.1160 -0.6237
vn -0.9400 0.3170 -0.1260
vn 0.5879 -0.0218 -0.8086
vn -0.9517 0.3040 -0.0424
vn 0.2283 0.1212 -0.9660
vn 0.9554 -0.2755 -0.1064
vn -0.9563 0.2904 0.0333
vn -0.2531 0.2637 -0.9308
vn 0.9488 -0.2586 -0.1813
vn -0.6079 0.3322 -0.7212
vn 0.9350 -0.2380 -0.2630
vn -0.7878 0.3460 -0.5096
vn 0.9096 -0.2113 -0.3577
vn -0.8738 0.3404 -0.3472
vn 0.8631 -0.1737 -0.4742
vn -0.9172 0.3294 -0.2242
vn -0.6623 0.1671 -0.7304
vn 0.9228 -0.2805 -0.2641
vn -0.8278 0.2237 -0.5144
vn 0.8917 -0.2749 -0.3595
vn -0.9023 0.2516 -0.3500
vn 0.8383 -0.2636 -0.4772
vn -0.9370 0.2664 -0.2258
vn 0.7394 -0.2402 -0.6290
vn -0.9531 0.2748 -0.1270
vn 0.5425 -0.1895 -0.8184
vn -0.9591 0.2797 -0.0430
vn 0.1689 -0.0860 -0.9819
vn 0.9530 -0.2835 -0.1066
vn -0.9587 0.2824 0.0332
vn -0.3181 0.0581 -0.9463
vn 0.9417 -0.2830 -0.1819
vn 0.9284 -0.3304 -0.1702
vn 0.7649 -0.5140 -0.3881
vn -0.7745 -0.3012 -0.5562
vn 0.8738 -0.4576 -0.1645
vn 0.9121 -0.3964 -0.1047
vn -0.7897 -0.6116 -0.0468
vn -0.9822 0.1592 0.0993
vn 0.9146 -0.4023 -0.0393
vn 0.8736 -0.4864 -0.0161
vn 0.3627 -0.8886 0.2806
vn 0.7606 -0.6216 0.1874
vn -0.9687 0.1942 0.1546
vn 0.1253 -0.6169 0.7770
vn -0.9580 0.1593 0.2385
vn 0.8279 -0.2237 0.5144
vn 0.9531 -0.2748 0.1269
vn -0.1096 0.2941 0.9495
vn -0.7649 0.5140 0.3881
vn 0.0275 0.7900 0.6125
vn -0.8738 0.4576 0.1646
vn -0.9121 0.3964 0.1046
vn 0.9971 -0.0761 -0.0071
vn 0.9822 -0.1592 -0.0994
vn 0.7448 0.5608 -0.3615
vn -0.9185 0.3950 0.0187
vn 0.9741 -0.1784 -0.1386
vn 0.9570 -0.0441 -0.2866
vn 0.9580 -0.1593 -0.2386
vn 0.5424 -0.1895 -0.8184
vt 0.276956 0.838365
vt 0.265424 0.815301
vt 0.276956 0.815301
vt 0.276956 0.976751
vt 0.271190 0.999815
vt 0.265424 0.976751
vt 0.271190 0.630786
vt 0.276956 0.653851
vt 0.265424 0.653851
vt 0.265424 0.792237
vt 0.276956 0.792237
vt 0.276956 0.953687
vt 0.265424 0.953687
vt 0.265424 0.769172
vt 0.276956 0.769172
vt 0.276956 0.930622
vt 0.265424 0.930622
vt 0.265424 0.746108
vt 0.276956 0.746108
vt 0.276956 0.907558
vt 0.265424 0.907558
vt 0.265424 0.723044
vt 0.276956 0.723044
vt 0.276956 0.884494
vt 0.265424 0.884494
vt 0.265424 0.699979
vt 0.276956 0.699979
vt 0.276956 0.861430
vt 0.265424 0.861430
vt 0.265424 0.676915
vt 0.276956 0.676915
vt 0.265424 0.838365
vt 0.253892 0.699979
vt 0.253892 0.676915
vt 0.253892 0.861430
vt 0.253892 0.838365
vt 0.253892 0.653851
vt 0.253892 0.815301
vt 0.259658 0.999815
vt 0.253892 0.976751
vt 0.259658 0.630786
vt 0.253892 0.792237
vt 0.253892 0.953687
vt 0.253892 0.769172
vt 0.253892 0.930622
vt 0.253892 0.746108
vt 0.253892 0.907558
vt 0.253892 0.723044
vt 0.253892 0.884494
vt 0.242360 0.769172
vt 0.242360 0.746108
vt 0.242360 0.907558
vt 0.242360 0.723044
vt 0.242360 0.884494
vt 0.242360 0.699979
vt 0.242360 0.861430
vt 0.242360 0.676915
vt 0.242360 0.838365
vt 0.242360 0.653851
vt 0.242360 0.815301
vt 0.248126 0.999815
vt 0.242360 0.976751
vt 0.248126 0.630786
vt 0.242360 0.792237
vt 0.242360 0.953687
vt 0.242360 0.930622
vt 0.230828 0.653851
vt 0.230828 0.838365
vt 0.230828 0.815301
vt 0.236594 0.999815
vt 0.230828 0.976751
vt 0.236594 0.630786
vt 0.230828 0.792237
vt 0.230828 0.953687
vt 0.230828 0.769172
vt 0.230828 0.930622
vt 0.230828 0.746108
vt 0.230828 0.907558
vt 0.230828 0.723044
vt 0.230828 0.884494
vt 0.230828 0.699979
vt 0.230828 0.861430
vt 0.230828 0.676915
vt 0.219295 0.907558
vt 0.219295 0.723044
vt 0.219295 0.884494
vt 0.219295 0.699979
vt 0.219295 0.861430
vt 0.219295 0.676915
vt 0.219295 0.838365
vt 0.219295 0.653851
vt 0.219295 0.815301
vt 0.225062 0.999815
vt 0.219295 0.976751
vt 0.225062 0.630786
vt 0.219295 0.792237
vt 0.219295 0.953687
vt 0.219295 0.769172
vt 0.219295 0.930622
vt 0.219295 0.746108
vt 0.207763 0.838365
vt 0.207763 0.815301
vt 0.213529 0.999815
vt 0.207763 0.976751
vt 0.213529 0.630786
vt 0.207763 0.653851
vt 0.207763 0.792237
vt 0.207763 0.953687
vt 0.207763 0.769172
vt 0.207763 0.930622
vt 0.207763 0.746108
vt 0.207763 0.907558
vt 0.207763 0.723044
vt 0.207763 0.884494
vt 0.207763 0.699979
vt 0.207763 0.861430
vt 0.207763 0.676915
vt 0.196231 0.723044
vt 0.196231 0.907558
vt 0.196231 0.884494
vt 0.196231 0.699979
vt 0.196231 0.861430
vt 0.196231 0.676915
vt 0.196231 0.838365
vt 0.196231 0.653851
vt 0.196231 0.815301
vt 0.201997 0.999815
vt 0.196231 0.976751
vt 0.201997 0.630786
vt 0.196231 0.792237
vt 0.196231 0.953687
vt 0.196231 0.769172
vt 0.196231 0.930622
vt 0.196231 0.746108
vt 0.190465 0.999815
vt 0.184699 0.976751
vt 0.190465 0.630786
vt 0.184699 0.653851
vt 0.184699 0.792237
vt 0.184699 0.953687
vt 0.184699 0.769172
vt 0.184699 0.930622
vt 0.184699 0.746108
vt 0.184699 0.907558
vt 0.184699 0.723044
vt 0.184699 0.884494
vt 0.184699 0.699979
vt 0.184699 0.861430
vt 0.184699 0.676915
vt 0.184699 0.838365
vt 0.184699 0.815301
vt 0.173167 0.907558
vt 0.173167 0.884494
vt 0.173167 0.723044
vt 0.173167 0.699979
vt 0.173167 0.861430
vt 0.173167 0.676915
vt 0.173167 0.838365
vt 0.173167 0.653851
vt 0.173167 0.815301
vt 0.178933 0.999815
vt 0.173167 0.976751
vt 0.178933 0.630786
vt 0.173167 0.792237
vt 0.173167 0.953687
vt 0.173167 0.769172
vt 0.173167 0.930622
vt 0.173167 0.746108
vt 0.161635 0.792237
vt 0.161635 0.953687
vt 0.161635 0.769172
vt 0.161635 0.930622
vt 0.161635 0.746108
vt 0.161635 0.907558
vt 0.161635 0.723044
vt 0.161635 0.884494
vt 0.161635 0.699979
vt 0.161635 0.861430
vt 0.161635 0.676915
vt 0.161635 0.838365
vt 0.161635 0.653851
vt 0.161635 0.815301
vt 0.167401 0.999815
vt 0.161635 0.976751
vt 0.167401 0.630786
vt 0.150103 0.723044
vt 0.150103 0.699979
vt 0.150103 0.861430
vt 0.150103 0.676915
vt 0.150103 0.838365
vt 0.150103 0.653851
vt 0.150103 0.815301
vt 0.155869 0.999815
vt 0.150103 0.976751
vt 0.155869 0.630786
vt 0.150103 0.792237
vt 0.150103 0.953687
vt 0.150103 0.769172
vt 0.150103 0.930622
vt 0.150103 0.746108
vt 0.150103 0.907558
vt 0.150103 0.884494
vt 0.138570 0.769172
vt 0.138570 0.930622
vt 0.138570 0.746108
vt 0.138570 0.907558
vt 0.138570 0.723044
vt 0.138570 0.884494
vt 0.138570 0.699979
vt 0.138570 0.861430
vt 0.138570 0.676915
vt 0.138570 0.838365
vt 0.138570 0.653851
vt 0.138570 0.815301
vt 0.144336 0.999815
vt 0.138570 0.976751
vt 0.144336 0.630786
vt 0.138570 0.792237
vt 0.138570 0.953687
vt 0.127038 0.676915
vt 0.127038 0.861430
vt 0.127038 0.838365
vt 0.127038 0.653851
vt 0.127038 0.815301
vt 0.132804 0.999815
vt 0.127038 0.976751
vt 0.132804 0.630786
vt 0.127038 0.792237
vt 0.127038 0.953687
vt 0.127038 0.769172
vt 0.127038 0.930622
vt 0.127038 0.746108
vt 0.127038 0.907558
vt 0.127038 0.723044
vt 0.127038 0.884494
vt 0.127038 0.699979
vt 0.115506 0.930622
vt 0.115506 0.769172
vt 0.115506 0.746108
vt 0.115506 0.907558
vt 0.115506 0.723044
vt 0.115506 0.884494
vt 0.115506 0.699979
vt 0.115506 0.861430
vt 0.115506 0.676915
vt 0.115506 0.838365
vt 0.115506 0.653851
vt 0.115506 0.815301
vt 0.121272 0.999815
vt 0.115506 0.976751
vt 0.121272 0.630786
vt 0.115506 0.792237
vt 0.115506 0.953687
vt 0.103974 0.861430
vt 0.103974 0.838365
vt 0.103974 0.653851
vt 0.103974 0.815301
vt 0.109740 0.999815
vt 0.103974 0.976751
vt 0.109740 0.630786
vt 0.103974 0.792237
vt 0.103974 0.953687
vt 0.103974 0.769172
vt 0.103974 0.930622
vt 0.103974 0.746108
vt 0.103974 0.907558
vt 0.103974 0.723044
vt 0.103974 0.884494
vt 0.103974 0.699979
vt 0.103974 0.676915
vt 0.092442 0.769172
vt 0.092442 0.746108
vt 0.092442 0.907558
vt 0.092442 0.723044
vt 0.092442 0.884494
vt 0.092442 0.699979
vt 0.092442 0.861430
vt 0.092442 0.676915
vt 0.092442 0.838365
vt 0.092442 0.653851
vt 0.092442 0.815301
vt 0.098208 0.999815
vt 0.092442 0.976751
vt 0.098208 0.630786
vt 0.092442 0.792237
vt 0.092442 0.953687
vt 0.092442 0.930622
vt 0.080910 0.653851
vt 0.080910 0.838365
vt 0.080910 0.815301
vt 0.086676 0.999815
vt 0.080910 0.976751
vt 0.086676 0.630786
vt 0.080910 0.792237
vt 0.080910 0.953687
vt 0.080910 0.769172
vt 0.080910 0.930622
vt 0.080910 0.746108
vt 0.080910 0.907558
vt 0.080910 0.723044
vt 0.080910 0.884494
vt 0.080910 0.699979
vt 0.080910 0.861430
vt 0.080910 0.676915
vt 0.069378 0.907558
vt 0.069377 0.723044
vt 0.069378 0.884494
vt 0.069377 0.699979
vt 0.069378 0.861430
vt 0.069377 0.676915
vt 0.069377 0.838365
vt 0.069377 0.653851
vt 0.069377 0.815301
vt 0.075144 0.999815
vt 0.069378 0.976751
vt 0.075144 0.630786
vt 0.069377 0.792237
vt 0.069378 0.953687
vt 0.069378 0.769172
vt 0.069377 0.930622
vt 0.069377 0.746108
vt 0.057845 0.838365
vt 0.057845 0.815301
vt 0.063611 0.999815
vt 0.057845 0.976751
vt 0.063611 0.630786
vt 0.057845 0.653851
vt 0.057845 0.792237
vt 0.057845 0.953687
vt 0.057845 0.769172
vt 0.057845 0.930623
vt 0.057845 0.746108
vt 0.057845 0.907558
vt 0.057845 0.723044
vt 0.057845 0.884494
vt 0.057845 0.699979
vt 0.057845 0.861430
vt 0.057845 0.676915
vt 0.046313 0.723044
vt 0.046313 0.907558
vt 0.046313 0.884494
vt 0.046313 0.699979
vt 0.046313 0.861430
vt 0.046313 0.676915
vt 0.046313 0.838365
vt 0.046313 0.653851
vt 0.046313 0.815301
vt 0.052079 0.999815
vt 0.046313 0.976751
vt 0.052079 0.630786
vt 0.046313 0.792237
vt 0.046313 0.953687
vt 0.046313 0.769172
vt 0.046313 0.930623
vt 0.046313 0.746108
vt 0.040547 0.630786
vt 0.034781 0.653851
vt 0.034781 0.792237
vt 0.034781 0.953687
vt 0.034781 0.769172
vt 0.034781 0.930623
vt 0.034781 0.746108
vt 0.034781 0.907558
vt 0.034781 0.723044
vt 0.034781 0.884494
vt 0.034781 0.699979
vt 0.034781 0.861430
vt 0.034781 0.676915
vt 0.034781 0.838365
vt 0.034781 0.815301
vt 0.040547 0.999815
vt 0.034781 0.976751
vt 0.023249 0.723044
vt 0.023249 0.699979
vt 0.023249 0.861430
vt 0.023249 0.676915
vt 0.023249 0.838365
vt 0.023249 0.653851
vt 0.023249 0.815301
vt 0.029015 0.999815
vt 0.023249 0.976751
vt 0.029015 0.630786
vt 0.023249 0.792237
vt 0.023249 0.953687
vt 0.023249 0.769172
vt 0.023249 0.930623
vt 0.023249 0.746108
vt 0.023249 0.907558
vt 0.023249 0.884494
vt 0.011717 0.953687
vt 0.011717 0.769172
vt 0.011717 0.930623
vt 0.011717 0.746108
vt 0.011717 0.907558
vt 0.011717 0.723044
vt 0.011717 0.884494
vt 0.011717 0.699979
vt 0.011717 0.861430
vt 0.011717 0.676915
vt 0.011717 0.838365
vt 0.011717 0.653851
vt 0.011717 0.815301
vt 0.017483 0.999815
vt 0.011717 0.976751
vt 0.017483 0.630786
vt 0.011717 0.792237
vt 0.000185 0.861430
vt 0.000185 0.676915
vt 0.000185 0.838365
vt 0.000185 0.653851
vt 0.000185 0.815301
vt 0.005951 0.999815
vt 0.000185 0.976751
vt 0.005951 0.630786
vt 0.000185 0.792237
vt 0.000185 0.953687
vt 0.000185 0.769172
vt 0.000185 0.930623
vt 0.000185 0.746108
vt 0.000185 0.907558
vt 0.000185 0.723044
vt 0.000185 0.884494
vt 0.000185 0.699979
vt 0.369213 0.792237
vt 0.357681 0.769172
vt 0.369213 0.769172
vt 0.369213 0.930623
vt 0.357681 0.953687
vt 0.357681 0.930623
vt 0.369213 0.746108
vt 0.357681 0.746108
vt 0.357681 0.907558
vt 0.369213 0.907558
vt 0.357681 0.723044
vt 0.369213 0.723044
vt 0.369213 0.884494
vt 0.357681 0.884494
vt 0.369213 0.699979
vt 0.357681 0.699979
vt 0.357681 0.861430
vt 0.369213 0.861430
vt 0.357681 0.676915
vt 0.369213 0.676915
vt 0.369213 0.838365
vt 0.357681 0.838365
vt 0.357681 0.653851
vt 0.369213 0.653851
vt 0.369213 0.815301
vt 0.357681 0.815301
vt 0.369213 0.976751
vt 0.363447 0.999815
vt 0.357681 0.976751
vt 0.363447 0.630786
vt 0.357681 0.792237
vt 0.369213 0.953687
vt 0.346149 0.676915
vt 0.346149 0.861430
vt 0.346149 0.838365
vt 0.346149 0.653851
vt 0.346149 0.815301
vt 0.351915 0.999815
vt 0.346149 0.976751
vt 0.351915 0.630786
vt 0.346149 0.792237
vt 0.346149 0.953687
vt 0.346149 0.769172
vt 0.346149 0.930623
vt 0.346149 0.746108
vt 0.346149 0.907558
vt 0.346149 0.723044
vt 0.346149 0.884494
vt 0.346149 0.699979
vt 0.334617 0.930623
vt 0.334617 0.769172
vt 0.334617 0.746108
vt 0.334617 0.907558
vt 0.334617 0.723044
vt 0.334617 0.884494
vt 0.334617 0.699979
vt 0.334617 0.861430
vt 0.334617 0.676915
vt 0.334617 0.838365
vt 0.334617 0.653851
vt 0.334617 0.815301
vt 0.340383 0.999815
vt 0.334617 0.976751
vt 0.340383 0.630786
vt 0.334617 0.792237
vt 0.334617 0.953687
vt 0.323085 0.861430
vt 0.323085 0.838365
vt 0.323085 0.653851
vt 0.323085 0.815301
vt 0.328851 0.999815
vt 0.323085 0.976751
vt 0.328851 0.630786
vt 0.323085 0.792237
vt 0.323085 0.953687
vt 0.323085 0.769172
vt 0.323085 0.930623
vt 0.323085 0.746108
vt 0.323085 0.907558
vt 0.323085 0.723044
vt 0.323085 0.884494
vt 0.323085 0.699979
vt 0.323085 0.676915
vt 0.311553 0.769172
vt 0.311553 0.746108
vt 0.311553 0.907558
vt 0.311553 0.723044
vt 0.311553 0.884494
vt 0.311553 0.699979
vt 0.311553 0.861430
vt 0.311553 0.676915
vt 0.311553 0.838365
vt 0.311553 0.653851
vt 0.311553 0.815301
vt 0.317319 0.999815
vt 0.311553 0.976751
vt 0.317319 0.630786
vt 0.311553 0.792237
vt 0.311553 0.953687
vt 0.311553 0.930623
vt 0.300021 0.653851
vt 0.300021 0.838365
vt 0.300021 0.815301
vt 0.305787 0.999815
vt 0.300021 0.976751
vt 0.305787 0.630786
vt 0.300021 0.792237
vt 0.300021 0.953687
vt 0.300021 0.769172
vt 0.300021 0.930623
vt 0.300021 0.746108
vt 0.300021 0.907558
vt 0.300021 0.723044
vt 0.300021 0.884494
vt 0.300021 0.699979
vt 0.300021 0.861430
vt 0.300021 0.676915
vt 0.288488 0.723044
vt 0.288488 0.907558
vt 0.288488 0.884494
vt 0.288488 0.699979
vt 0.288488 0.861430
vt 0.288488 0.676915
vt 0.288488 0.838365
vt 0.288488 0.653851
vt 0.288488 0.815301
vt 0.294254 0.999815
vt 0.288488 0.976751
vt 0.294254 0.630786
vt 0.288488 0.792237
vt 0.288488 0.953687
vt 0.288488 0.769172
vt 0.288488 0.930623
vt 0.288488 0.746108
vt 0.282722 0.999815
vt 0.282722 0.630786
vt 0.092442 0.046313
vt 0.103974 0.023249
vt 0.103974 0.046313
vt 0.092442 0.207763
vt 0.103974 0.230828
vt 0.092442 0.230828
vt 0.092442 0.069377
vt 0.103974 0.069377
vt 0.103974 0.253892
vt 0.092442 0.253892
vt 0.092442 0.092442
vt 0.103974 0.092442
vt 0.103974 0.276956
vt 0.092442 0.276956
vt 0.092442 0.115506
vt 0.103974 0.115506
vt 0.103974 0.300021
vt 0.092442 0.300021
vt 0.092442 0.138570
vt 0.103974 0.138570
vt 0.103974 0.323085
vt 0.092442 0.323085
vt 0.092442 0.161635
vt 0.103974 0.161635
vt 0.103974 0.346149
vt 0.092442 0.346149
vt 0.103974 0.184699
vt 0.092442 0.184699
vt 0.092442 0.023249
vt 0.098208 0.000185
vt 0.098208 0.369214
vt 0.103974 0.207763
vt 0.109740 0.000185
vt 0.115506 0.023249
vt 0.109740 0.369214
vt 0.115506 0.346149
vt 0.115506 0.207763
vt 0.115506 0.046313
vt 0.115506 0.230828
vt 0.115506 0.069377
vt 0.115506 0.253892
vt 0.115506 0.092442
vt 0.115506 0.276956
vt 0.115506 0.115506
vt 0.115506 0.300021
vt 0.115506 0.138570
vt 0.115506 0.323085
vt 0.115506 0.161635
vt 0.115506 0.184699
vt 0.127038 0.115506
vt 0.127038 0.276956
vt 0.127038 0.300021
vt 0.127038 0.138570
vt 0.127038 0.323085
vt 0.127038 0.161635
vt 0.127038 0.346149
vt 0.127038 0.184699
vt 0.121272 0.000185
vt 0.127038 0.023249
vt 0.121272 0.369214
vt 0.127038 0.207763
vt 0.127038 0.046313
vt 0.127038 0.230828
vt 0.127038 0.069377
vt 0.127038 0.253892
vt 0.127038 0.092442
vt 0.138570 0.207763
vt 0.138570 0.046313
vt 0.138570 0.230828
vt 0.138570 0.069377
vt 0.138570 0.253892
vt 0.138570 0.092442
vt 0.138570 0.276956
vt 0.138570 0.115506
vt 0.138570 0.300021
vt 0.138570 0.138570
vt 0.138570 0.323085
vt 0.138570 0.161635
vt 0.138570 0.346149
vt 0.138570 0.184699
vt 0.132804 0.000185
vt 0.138570 0.023249
vt 0.132804 0.369214
vt 0.150103 0.300021
vt 0.150103 0.138570
vt 0.150103 0.323085
vt 0.150103 0.161635
vt 0.150103 0.346149
vt 0.150103 0.184699
vt 0.144336 0.000185
vt 0.150103 0.023249
vt 0.144337 0.369214
vt 0.150103 0.207763
vt 0.150103 0.046313
vt 0.150103 0.230828
vt 0.150103 0.069377
vt 0.150103 0.253892
vt 0.150103 0.092442
vt 0.150103 0.276956
vt 0.150103 0.115506
vt 0.161635 0.046313
vt 0.161635 0.230828
vt 0.161635 0.069377
vt 0.161635 0.253892
vt 0.161635 0.092442
vt 0.161635 0.276956
vt 0.161635 0.115506
vt 0.161635 0.300021
vt 0.161635 0.138570
vt 0.161635 0.323085
vt 0.161635 0.161635
vt 0.161635 0.346149
vt 0.161635 0.184699
vt 0.155869 0.000185
vt 0.161635 0.023249
vt 0.155869 0.369214
vt 0.161635 0.207763
vt 0.173167 0.138570
vt 0.173167 0.300021
vt 0.173167 0.323085
vt 0.173167 0.161635
vt 0.173167 0.346149
vt 0.173167 0.184699
vt 0.167401 0.000185
vt 0.173167 0.023249
vt 0.167401 0.369214
vt 0.173167 0.207763
vt 0.173167 0.046313
vt 0.173167 0.230828
vt 0.173167 0.069377
vt 0.173167 0.253892
vt 0.173167 0.092442
vt 0.173167 0.276956
vt 0.173167 0.115506
vt 0.184699 0.230828
vt 0.184699 0.069377
vt 0.184699 0.253892
vt 0.184699 0.092442
vt 0.184699 0.276956
vt 0.184699 0.115506
vt 0.184699 0.300021
vt 0.184699 0.138570
vt 0.184699 0.323085
vt 0.184699 0.161635
vt 0.184699 0.346149
vt 0.184699 0.184699
vt 0.178933 0.000185
vt 0.184699 0.023249
vt 0.178933 0.369214
vt 0.184699 0.207763
vt 0.184699 0.046313
vt 0.196231 0.323085
vt 0.196231 0.138570
vt 0.196231 0.161635
vt 0.196231 0.346149
vt 0.196231 0.184699
vt 0.190465 0.000185
vt 0.196231 0.023249
vt 0.190465 0.369214
vt 0.196231 0.207763
vt 0.196231 0.046313
vt 0.196231 0.230828
vt 0.196231 0.069377
vt 0.196231 0.253892
vt 0.196231 0.092442
vt 0.196231 0.276956
vt 0.196231 0.115506
vt 0.196231 0.300021
vt 0.207763 0.230828
vt 0.207763 0.253892
vt 0.207763 0.092442
vt 0.207763 0.276956
vt 0.207763 0.115506
vt 0.207763 0.300021
vt 0.207763 0.138570
vt 0.207763 0.323085
vt 0.207763 0.161635
vt 0.207763 0.346149
vt 0.207763 0.184699
vt 0.201997 0.000185
vt 0.207763 0.023249
vt 0.201997 0.369214
vt 0.207763 0.207763
vt 0.207763 0.046313
vt 0.207763 0.069377
vt 0.219296 0.346149
vt 0.219296 0.161635
vt 0.219296 0.184699
vt 0.213529 0.000185
vt 0.219296 0.023249
vt 0.213529 0.369214
vt 0.219296 0.207763
vt 0.219296 0.046313
vt 0.219296 0.230828
vt 0.219296 0.069377
vt 0.219296 0.253892
vt 0.219296 0.092442
vt 0.219296 0.276956
vt 0.219296 0.115506
vt 0.219296 0.300021
vt 0.219296 0.138570
vt 0.219296 0.323085
vt 0.230828 0.092442
vt 0.230828 0.276956
vt 0.230828 0.115506
vt 0.230828 0.300021
vt 0.230828 0.138570
vt 0.230828 0.323085
vt 0.230828 0.161635
vt 0.230828 0.346149
vt 0.230828 0.184699
vt 0.225062 0.000185
vt 0.230828 0.023249
vt 0.225062 0.369214
vt 0.230828 0.207763
vt 0.230828 0.046313
vt 0.230828 0.230828
vt 0.230828 0.069377
vt 0.230828 0.253892
vt 0.242360 0.161635
vt 0.242360 0.184699
vt 0.236594 0.000185
vt 0.242360 0.023249
vt 0.236594 0.369214
vt 0.242360 0.346149
vt 0.242360 0.207763
vt 0.242360 0.046313
vt 0.242360 0.230828
vt 0.242360 0.069377
vt 0.242360 0.253892
vt 0.242360 0.092442
vt 0.242360 0.276956
vt 0.242360 0.115506
vt 0.242360 0.300021
vt 0.242360 0.138570
vt 0.242360 0.323085
vt 0.253892 0.276956
vt 0.253892 0.092442
vt 0.253892 0.115506
vt 0.253892 0.300021
vt 0.253892 0.138570
vt 0.253892 0.323085
vt 0.253892 0.161635
vt 0.253892 0.346149
vt 0.253892 0.184699
vt 0.248126 0.000185
vt 0.253892 0.023249
vt 0.248126 0.369214
vt 0.253892 0.207763
vt 0.253892 0.046313
vt 0.253892 0.230828
vt 0.253892 0.069377
vt 0.253892 0.253892
vt 0.259658 0.000185
vt 0.265424 0.023249
vt 0.259658 0.369214
vt 0.265424 0.346149
vt 0.265424 0.207763
vt 0.265424 0.046313
vt 0.265424 0.230828
vt 0.265424 0.069377
vt 0.265424 0.253892
vt 0.265424 0.092442
vt 0.265424 0.276956
vt 0.265424 0.115506
vt 0.265424 0.300021
vt 0.265424 0.138570
vt 0.265424 0.323085
vt 0.265424 0.161635
vt 0.265424 0.184699
vt 0.276956 0.092442
vt 0.276956 0.115506
vt 0.276956 0.276956
vt 0.276956 0.300021
vt 0.276956 0.138570
vt 0.276956 0.323085
vt 0.276956 0.161635
vt 0.276956 0.346149
vt 0.276956 0.184699
vt 0.271190 0.000185
vt 0.276956 0.023249
vt 0.271190 0.369213
vt 0.276956 0.207763
vt 0.276956 0.046313
vt 0.276956 0.230828
vt 0.276956 0.069377
vt 0.276956 0.253892
vt 0.288488 0.207763
vt 0.288488 0.046313
vt 0.288488 0.230828
vt 0.288488 0.069377
vt 0.288488 0.253892
vt 0.288488 0.092442
vt 0.288488 0.276956
vt 0.288488 0.115506
vt 0.288488 0.300021
vt 0.288488 0.138570
vt 0.288488 0.323085
vt 0.288488 0.161635
vt 0.288488 0.346149
vt 0.288489 0.184699
vt 0.282722 0.000185
vt 0.288488 0.023249
vt 0.282722 0.369213
vt 0.300021 0.276956
vt 0.300021 0.300021
vt 0.300021 0.138570
vt 0.300021 0.323085
vt 0.300021 0.161635
vt 0.300021 0.346149
vt 0.300021 0.184699
vt 0.294254 0.000185
vt 0.300021 0.023249
vt 0.294255 0.369213
vt 0.300021 0.207763
vt 0.300021 0.046313
vt 0.300021 0.230828
vt 0.300021 0.069377
vt 0.300021 0.253892
vt 0.300021 0.092442
vt 0.300021 0.115506
vt 0.311553 0.230828
vt 0.311553 0.069377
vt 0.311553 0.253892
vt 0.311553 0.092442
vt 0.311553 0.276956
vt 0.311553 0.115506
vt 0.311553 0.300021
vt 0.311553 0.138570
vt 0.311553 0.323085
vt 0.311553 0.161635
vt 0.311553 0.346149
vt 0.311553 0.184699
vt 0.305787 0.000185
vt 0.311553 0.023249
vt 0.305787 0.369213
vt 0.311553 0.207763
vt 0.311553 0.046313
vt 0.323085 0.323085
vt 0.323085 0.138570
vt 0.323085 0.161635
vt 0.323085 0.346149
vt 0.323085 0.184699
vt 0.317319 0.000185
vt 0.323085 0.023249
vt 0.317319 0.369213
vt 0.323085 0.207763
vt 0.323085 0.046313
vt 0.323085 0.230828
vt 0.323085 0.069377
vt 0.323085 0.253892
vt 0.323085 0.092442
vt 0.323085 0.276956
vt 0.323085 0.115506
vt 0.323085 0.300021
vt 0.334617 0.069377
vt 0.334617 0.230828
vt 0.334617 0.253892
vt 0.334617 0.092442
vt 0.334617 0.276956
vt 0.334617 0.115506
vt 0.334617 0.300021
vt 0.334617 0.138570
vt 0.334617 0.323085
vt 0.334617 0.161635
vt 0.334617 0.346149
vt 0.334617 0.184699
vt 0.328851 0.000185
vt 0.334617 0.023249
vt 0.328851 0.369213
vt 0.334617 0.207763
vt 0.334617 0.046313
vt 0.346149 0.138570
vt 0.346149 0.161635
vt 0.346149 0.346149
vt 0.346149 0.184699
vt 0.340383 0.000185
vt 0.346149 0.023249
vt 0.340383 0.369213
vt 0.346149 0.207763
vt 0.346149 0.046313
vt 0.346149 0.230828
vt 0.346149 0.069377
vt 0.346149 0.253892
vt 0.346149 0.092442
vt 0.346149 0.276956
vt 0.346149 0.115506
vt 0.346149 0.300021
vt 0.346149 0.323085
vt 0.357681 0.230828
vt 0.357681 0.253892
vt 0.357681 0.092442
vt 0.357681 0.276956
vt 0.357681 0.115506
vt 0.357681 0.300021
vt 0.357681 0.138570
vt 0.357681 0.323085
vt 0.357681 0.161635
vt 0.357681 0.346149
vt 0.357681 0.184699
vt 0.351915 0.000185
vt 0.357681 0.023249
vt 0.351915 0.369213
vt 0.357681 0.207763
vt 0.357681 0.046313
vt 0.357681 0.069377
vt 0.369214 0.346149
vt 0.369214 0.161635
vt 0.369214 0.184699
vt 0.363447 0.000185
vt 0.369214 0.023249
vt 0.363447 0.369213
vt 0.369214 0.207763
vt 0.369214 0.046313
vt 0.369214 0.230828
vt 0.369214 0.069377
vt 0.369214 0.253892
vt 0.369214 0.092442
vt 0.369214 0.276956
vt 0.369214 0.115506
vt 0.369214 0.300021
vt 0.369214 0.138570
vt 0.369214 0.323085
vt 0.000185 0.069377
vt 0.011717 0.092442
vt 0.000185 0.092442
vt 0.000185 0.253892
vt 0.011717 0.276956
vt 0.000185 0.276956
vt 0.000185 0.115506
vt 0.011717 0.115506
vt 0.000185 0.300021
vt 0.011717 0.300021
vt 0.011717 0.138570
vt 0.000185 0.138570
vt 0.011717 0.323085
vt 0.000185 0.323085
vt 0.000185 0.161635
vt 0.011717 0.161635
vt 0.011717 0.346149
vt 0.000185 0.346149
vt 0.000185 0.184699
vt 0.011717 0.184699
vt 0.000185 0.023249
vt 0.005951 0.000185
vt 0.011717 0.023249
vt 0.005951 0.369214
vt 0.011717 0.207763
vt 0.000185 0.207763
vt 0.011717 0.046313
vt 0.000185 0.046313
vt 0.011717 0.230828
vt 0.000185 0.230828
vt 0.011717 0.069377
vt 0.011717 0.253892
vt 0.023249 0.161635
vt 0.023249 0.184699
vt 0.017483 0.000185
vt 0.023249 0.023249
vt 0.017483 0.369214
vt 0.023249 0.346149
vt 0.023249 0.207763
vt 0.023249 0.046313
vt 0.023249 0.230828
vt 0.023249 0.069377
vt 0.023249 0.253892
vt 0.023249 0.092442
vt 0.023249 0.276956
vt 0.023249 0.115506
vt 0.023249 0.300021
vt 0.023249 0.138570
vt 0.023249 0.323085
vt 0.034781 0.276956
vt 0.034781 0.092442
vt 0.034781 0.115506
vt 0.034781 0.300021
vt 0.034781 0.138570
vt 0.034781 0.323085
vt 0.034781 0.161635
vt 0.034781 0.346149
vt 0.034781 0.184699
vt 0.029015 0.000185
vt 0.034781 0.023249
vt 0.029015 0.369214
vt 0.034781 0.207763
vt 0.034781 0.046313
vt 0.034781 0.230828
vt 0.034781 0.069377
vt 0.034781 0.253892
vt 0.040547 0.369214
vt 0.046313 0.346149
vt 0.046313 0.207763
vt 0.046313 0.046313
vt 0.046313 0.230828
vt 0.046313 0.069377
vt 0.046313 0.253892
vt 0.046313 0.092442
vt 0.046313 0.276956
vt 0.046313 0.115506
vt 0.046313 0.300021
vt 0.046313 0.138570
vt 0.046313 0.323085
vt 0.046313 0.161635
vt 0.046313 0.184699
vt 0.040547 0.000185
vt 0.046313 0.023249
vt 0.057845 0.276956
vt 0.057845 0.300021
vt 0.057845 0.138570
vt 0.057845 0.323085
vt 0.057845 0.161635
vt 0.057845 0.346149
vt 0.057845 0.184699
vt 0.052079 0.000185
vt 0.057845 0.023249
vt 0.052079 0.369214
vt 0.057845 0.207763
vt 0.057845 0.046313
vt 0.057845 0.230828
vt 0.057845 0.069377
vt 0.057845 0.253892
vt 0.057845 0.092442
vt 0.057845 0.115506
vt 0.069377 0.023249
vt 0.069377 0.046313
vt 0.069377 0.230828
vt 0.069377 0.069377
vt 0.069377 0.253892
vt 0.069377 0.092442
vt 0.069377 0.276956
vt 0.069377 0.115506
vt 0.069377 0.300021
vt 0.069377 0.138570
vt 0.069377 0.323085
vt 0.069377 0.161635
vt 0.069378 0.346149
vt 0.069377 0.184699
vt 0.063611 0.000185
vt 0.063611 0.369214
vt 0.069377 0.207763
vt 0.080910 0.138570
vt 0.080910 0.323085
vt 0.080910 0.161635
vt 0.080910 0.346149
vt 0.080910 0.184699
vt 0.075144 0.000185
vt 0.080910 0.023249
vt 0.075144 0.369214
vt 0.080910 0.207763
vt 0.080910 0.046313
vt 0.080910 0.230828
vt 0.080910 0.069377
vt 0.080910 0.253892
vt 0.080910 0.092442
vt 0.080910 0.276956
vt 0.080910 0.115506
vt 0.080910 0.300021
vt 0.086676 0.000185
vt 0.086676 0.369214
vt 0.930623 0.092442
vt 0.953687 0.103974
vt 0.930623 0.103974
vt 0.769172 0.092442
vt 0.746108 0.103974
vt 0.746108 0.092442
vt 0.907558 0.092442
vt 0.907558 0.103974
vt 0.723044 0.103974
vt 0.723044 0.092442
vt 0.884494 0.092442
vt 0.884494 0.103974
vt 0.699979 0.103974
vt 0.699979 0.092442
vt 0.861430 0.092442
vt 0.861430 0.103974
vt 0.676915 0.103974
vt 0.676915 0.092442
vt 0.838365 0.092442
vt 0.838365 0.103974
vt 0.653851 0.103974
vt 0.653851 0.092442
vt 0.815301 0.103974
vt 0.815301 0.092442
vt 0.976751 0.092442
vt 0.999815 0.098208
vt 0.976751 0.103974
vt 0.630787 0.098208
vt 0.792237 0.103974
vt 0.792237 0.092442
vt 0.953687 0.092442
vt 0.769172 0.103974
vt 0.953687 0.115506
vt 0.769172 0.115506
vt 0.930623 0.115506
vt 0.746108 0.115506
vt 0.907558 0.115506
vt 0.723044 0.115506
vt 0.884494 0.115506
vt 0.699979 0.115506
vt 0.861430 0.115506
vt 0.676915 0.115506
vt 0.838365 0.115506
vt 0.653851 0.115506
vt 0.815301 0.115506
vt 0.999815 0.109740
vt 0.976751 0.115506
vt 0.630787 0.109740
vt 0.792237 0.115506
vt 0.861430 0.127038
vt 0.676915 0.127038
vt 0.838365 0.127038
vt 0.653851 0.127038
vt 0.815301 0.127038
vt 0.999815 0.121272
vt 0.976751 0.127038
vt 0.630787 0.121272
vt 0.792237 0.127038
vt 0.953687 0.127038
vt 0.769172 0.127038
vt 0.930623 0.127038
vt 0.746108 0.127038
vt 0.907558 0.127038
vt 0.723044 0.127038
vt 0.884494 0.127038
vt 0.699979 0.127038
vt 0.769172 0.138571
vt 0.930623 0.138571
vt 0.746108 0.138571
vt 0.907558 0.138571
vt 0.723044 0.138571
vt 0.884494 0.138571
vt 0.699979 0.138571
vt 0.861430 0.138571
vt 0.676915 0.138571
vt 0.838365 0.138571
vt 0.653851 0.138571
vt 0.815301 0.138571
vt 0.999815 0.132804
vt 0.976751 0.138570
vt 0.630787 0.132804
vt 0.792237 0.138571
vt 0.953687 0.138571
vt 0.699979 0.150103
vt 0.676915 0.150103
vt 0.861430 0.150103
vt 0.838365 0.150103
vt 0.653851 0.150103
vt 0.815301 0.150103
vt 0.999815 0.144337
vt 0.976751 0.150103
vt 0.630787 0.144337
vt 0.792237 0.150103
vt 0.953687 0.150103
vt 0.769172 0.150103
vt 0.930623 0.150103
vt 0.746108 0.150103
vt 0.907558 0.150103
vt 0.723044 0.150103
vt 0.884494 0.150103
vt 0.930623 0.161635
vt 0.769172 0.161635
vt 0.746108 0.161635
vt 0.907558 0.161635
vt 0.723044 0.161635
vt 0.884494 0.161635
vt 0.699979 0.161635
vt 0.861430 0.161635
vt 0.676915 0.161635
vt 0.838365 0.161635
vt 0.653851 0.161635
vt 0.815301 0.161635
vt 0.999815 0.155869
vt 0.976751 0.161635
vt 0.630787 0.155869
vt 0.792237 0.161635
vt 0.953687 0.161635
vt 0.861430 0.173167
vt 0.838365 0.173167
vt 0.653851 0.173167
vt 0.815301 0.173167
vt 0.999815 0.167401
vt 0.976751 0.173167
vt 0.630787 0.167401
vt 0.792237 0.173167
vt 0.953687 0.173167
vt 0.769172 0.173167
vt 0.930623 0.173167
vt 0.746108 0.173167
vt 0.907558 0.173167
vt 0.723044 0.173167
vt 0.884494 0.173167
vt 0.699979 0.173167
vt 0.676915 0.173167
vt 0.769172 0.184699
vt 0.746108 0.184699
vt 0.907558 0.184699
vt 0.723044 0.184699
vt 0.884494 0.184699
vt 0.699979 0.184699
vt 0.861430 0.184699
vt 0.676915 0.184699
vt 0.838365 0.184699
vt 0.653851 0.184699
vt 0.815301 0.184699
vt 0.999815 0.178933
vt 0.976751 0.184699
vt 0.630787 0.178933
vt 0.792237 0.184699
vt 0.953687 0.184699
vt 0.930623 0.184699
vt 0.653851 0.196231
vt 0.838365 0.196231
vt 0.815301 0.196231
vt 0.999815 0.190465
vt 0.976751 0.196231
vt 0.630787 0.190465
vt 0.792237 0.196231
vt 0.953687 0.196231
vt 0.769172 0.196231
vt 0.930623 0.196231
vt 0.746108 0.196231
vt 0.907558 0.196231
vt 0.723044 0.196231
vt 0.884494 0.196231
vt 0.699979 0.196231
vt 0.861430 0.196231
vt 0.676915 0.196231
vt 0.723044 0.207763
vt 0.907558 0.207763
vt 0.884494 0.207763
vt 0.699979 0.207763
vt 0.861430 0.207763
vt 0.676915 0.207763
vt 0.838365 0.207763
vt 0.653851 0.207763
vt 0.815301 0.207763
vt 0.999815 0.201997
vt 0.976751 0.207763
vt 0.630787 0.201997
vt 0.792237 0.207763
vt 0.953687 0.207763
vt 0.769172 0.207763
vt 0.930623 0.207763
vt 0.746108 0.207763
vt 0.999815 0.213529
vt 0.976751 0.219296
vt 0.630787 0.213530
vt 0.653851 0.219296
vt 0.792237 0.219296
vt 0.953687 0.219296
vt 0.769172 0.219296
vt 0.930623 0.219296
vt 0.746108 0.219296
vt 0.907558 0.219296
vt 0.723044 0.219296
vt 0.884494 0.219296
vt 0.699979 0.219296
vt 0.861430 0.219296
vt 0.676915 0.219296
vt 0.838365 0.219296
vt 0.815301 0.219296
vt 0.907558 0.230828
vt 0.884494 0.230828
vt 0.699979 0.230828
vt 0.861430 0.230828
vt 0.676915 0.230828
vt 0.838365 0.230828
vt 0.653851 0.230828
vt 0.815301 0.230828
vt 0.999815 0.225062
vt 0.976751 0.230828
vt 0.630787 0.225062
vt 0.792237 0.230828
vt 0.953687 0.230828
vt 0.769172 0.230828
vt 0.930623 0.230828
vt 0.746108 0.230828
vt 0.723044 0.230828
vt 0.792237 0.242360
vt 0.976751 0.242360
vt 0.953687 0.242360
vt 0.769172 0.242360
vt 0.930623 0.242360
vt 0.746108 0.242360
vt 0.907558 0.242360
vt 0.723044 0.242360
vt 0.884494 0.242360
vt 0.699979 0.242360
vt 0.861430 0.242360
vt 0.676915 0.242360
vt 0.838365 0.242360
vt 0.653851 0.242360
vt 0.815301 0.242360
vt 0.999815 0.236594
vt 0.630787 0.236594
vt 0.723044 0.253892
vt 0.699979 0.253892
vt 0.861430 0.253892
vt 0.676915 0.253892
vt 0.838365 0.253892
vt 0.653851 0.253892
vt 0.815301 0.253892
vt 0.999815 0.248126
vt 0.976751 0.253892
vt 0.630787 0.248126
vt 0.792237 0.253892
vt 0.953687 0.253892
vt 0.769172 0.253892
vt 0.930623 0.253892
vt 0.746108 0.253892
vt 0.907558 0.253892
vt 0.884494 0.253892
vt 0.953687 0.265424
vt 0.769172 0.265424
vt 0.930623 0.265424
vt 0.746108 0.265424
vt 0.907558 0.265424
vt 0.723044 0.265424
vt 0.884494 0.265424
vt 0.699979 0.265424
vt 0.861430 0.265424
vt 0.676915 0.265424
vt 0.838365 0.265424
vt 0.653851 0.265424
vt 0.815301 0.265424
vt 0.999815 0.259658
vt 0.976751 0.265424
vt 0.630787 0.259658
vt 0.792237 0.265424
vt 0.861430 0.276956
vt 0.676915 0.276956
vt 0.838365 0.276956
vt 0.653851 0.276956
vt 0.815301 0.276956
vt 0.999815 0.271190
vt 0.976751 0.276956
vt 0.630787 0.271190
vt 0.792237 0.276956
vt 0.953687 0.276956
vt 0.769172 0.276956
vt 0.930623 0.276956
vt 0.746108 0.276956
vt 0.907558 0.276956
vt 0.723044 0.276956
vt 0.884494 0.276956
vt 0.699979 0.276956
vt 0.769172 0.288488
vt 0.930623 0.288489
vt 0.746108 0.288488
vt 0.907558 0.288489
vt 0.723044 0.288488
vt 0.884494 0.288489
vt 0.699979 0.288488
vt 0.861430 0.288489
vt 0.676915 0.288488
vt 0.838365 0.288489
vt 0.653851 0.288488
vt 0.815301 0.288488
vt 0.999815 0.282722
vt 0.976751 0.288489
vt 0.630787 0.282722
vt 0.792237 0.288488
vt 0.953687 0.288489
vt 0.676915 0.300021
vt 0.861430 0.300021
vt 0.838365 0.300021
vt 0.653851 0.300021
vt 0.815301 0.300021
vt 0.999815 0.294255
vt 0.976751 0.300021
vt 0.630787 0.294255
vt 0.792237 0.300021
vt 0.953687 0.300021
vt 0.769172 0.300021
vt 0.930623 0.300021
vt 0.746108 0.300021
vt 0.907558 0.300021
vt 0.723044 0.300021
vt 0.884494 0.300021
vt 0.699979 0.300021
vt 0.769172 0.311553
vt 0.746108 0.311553
vt 0.907558 0.311553
vt 0.723044 0.311553
vt 0.884494 0.311553
vt 0.699979 0.311553
vt 0.861430 0.311553
vt 0.676915 0.311553
vt 0.838365 0.311553
vt 0.653851 0.311553
vt 0.815301 0.311553
vt 0.999815 0.305787
vt 0.976751 0.311553
vt 0.630787 0.305787
vt 0.792237 0.311553
vt 0.953687 0.311553
vt 0.930623 0.311553
vt 0.676915 0.323085
vt 0.653851 0.323085
vt 0.838365 0.323085
vt 0.815301 0.323085
vt 0.999815 0.317319
vt 0.976751 0.323085
vt 0.630787 0.317319
vt 0.792237 0.323085
vt 0.953687 0.323085
vt 0.769172 0.323085
vt 0.930623 0.323085
vt 0.746108 0.323085
vt 0.907558 0.323085
vt 0.723044 0.323085
vt 0.884494 0.323085
vt 0.699979 0.323085
vt 0.861430 0.323085
vt 0.907558 0.334617
vt 0.723044 0.334617
vt 0.884494 0.334617
vt 0.699979 0.334617
vt 0.861430 0.334617
vt 0.676915 0.334617
vt 0.838365 0.334617
vt 0.653851 0.334617
vt 0.815301 0.334617
vt 0.999815 0.328851
vt 0.976751 0.334617
vt 0.630787 0.328851
vt 0.792237 0.334617
vt 0.953687 0.334617
vt 0.769172 0.334617
vt 0.930623 0.334617
vt 0.746108 0.334617
vt 0.838365 0.346149
vt 0.815301 0.346149
vt 0.999815 0.340383
vt 0.976751 0.346149
vt 0.630787 0.340383
vt 0.653851 0.346149
vt 0.792237 0.346149
vt 0.953687 0.346149
vt 0.769172 0.346149
vt 0.930623 0.346149
vt 0.746108 0.346149
vt 0.907558 0.346149
vt 0.723044 0.346149
vt 0.884494 0.346149
vt 0.699979 0.346149
vt 0.861430 0.346149
vt 0.676915 0.346149
vt 0.723044 0.357681
vt 0.907558 0.357681
vt 0.884494 0.357681
vt 0.699979 0.357681
vt 0.861430 0.357681
vt 0.676915 0.357681
vt 0.838365 0.357681
vt 0.653851 0.357681
vt 0.815301 0.357681
vt 0.999815 0.351915
vt 0.976751 0.357681
vt 0.630787 0.351915
vt 0.792237 0.357681
vt 0.953687 0.357681
vt 0.769172 0.357681
vt 0.930623 0.357681
vt 0.746108 0.357681
vt 0.999815 0.363447
vt 0.976751 0.369214
vt 0.630787 0.363447
vt 0.653851 0.369214
vt 0.792237 0.369214
vt 0.953687 0.369214
vt 0.769172 0.369214
vt 0.930623 0.369214
vt 0.746108 0.369214
vt 0.907558 0.369214
vt 0.723044 0.369214
vt 0.884494 0.369214
vt 0.699979 0.369214
vt 0.861430 0.369214
vt 0.676915 0.369214
vt 0.838365 0.369214
vt 0.815301 0.369214
vt 0.884494 0.000185
vt 0.907558 0.011717
vt 0.884494 0.011717
vt 0.699979 0.000185
vt 0.723044 0.011717
vt 0.699979 0.011717
vt 0.861430 0.011717
vt 0.861430 0.000185
vt 0.676915 0.011717
vt 0.676915 0.000185
vt 0.838365 0.000185
vt 0.838365 0.011717
vt 0.653851 0.011717
vt 0.653851 0.000185
vt 0.815301 0.000185
vt 0.815301 0.011717
vt 0.976751 0.000185
vt 0.999815 0.005951
vt 0.976751 0.011717
vt 0.630787 0.005951
vt 0.792237 0.011717
vt 0.792237 0.000185
vt 0.953687 0.011717
vt 0.953687 0.000185
vt 0.769172 0.011717
vt 0.769172 0.000185
vt 0.930623 0.000185
vt 0.930623 0.011717
vt 0.746108 0.000185
vt 0.746108 0.011717
vt 0.907558 0.000185
vt 0.723044 0.000185
vt 0.792237 0.023249
vt 0.953687 0.023249
vt 0.769172 0.023249
vt 0.930623 0.023249
vt 0.746108 0.023249
vt 0.907558 0.023249
vt 0.723044 0.023249
vt 0.884494 0.023249
vt 0.699979 0.023249
vt 0.861430 0.023249
vt 0.676915 0.023249
vt 0.838365 0.023249
vt 0.653851 0.023249
vt 0.815301 0.023249
vt 0.999815 0.017483
vt 0.976751 0.023249
vt 0.630787 0.017483
vt 0.723044 0.034781
vt 0.699979 0.034781
vt 0.861430 0.034781
vt 0.676915 0.034781
vt 0.838365 0.034781
vt 0.653851 0.034781
vt 0.815301 0.034781
vt 0.999815 0.029015
vt 0.976751 0.034781
vt 0.630787 0.029015
vt 0.792237 0.034781
vt 0.953687 0.034781
vt 0.769172 0.034781
vt 0.930623 0.034781
vt 0.746108 0.034781
vt 0.907558 0.034781
vt 0.884494 0.034781
vt 0.769172 0.046313
vt 0.953687 0.046313
vt 0.930623 0.046313
vt 0.746108 0.046313
vt 0.907558 0.046313
vt 0.723044 0.046313
vt 0.884494 0.046313
vt 0.699979 0.046313
vt 0.861430 0.046313
vt 0.676915 0.046313
vt 0.838365 0.046313
vt 0.653851 0.046313
vt 0.815301 0.046313
vt 0.999815 0.040547
vt 0.976751 0.046313
vt 0.630787 0.040547
vt 0.792237 0.046313
vt 0.676915 0.057845
vt 0.861430 0.057845
vt 0.838365 0.057845
vt 0.653851 0.057845
vt 0.815301 0.057845
vt 0.999815 0.052079
vt 0.976751 0.057845
vt 0.630787 0.052079
vt 0.792237 0.057845
vt 0.953687 0.057845
vt 0.769172 0.057845
vt 0.930623 0.057845
vt 0.746108 0.057845
vt 0.907558 0.057845
vt 0.723044 0.057845
vt 0.884494 0.057845
vt 0.699979 0.057845
vt 0.930623 0.069378
vt 0.769172 0.069378
vt 0.746108 0.069378
vt 0.907558 0.069378
vt 0.723044 0.069378
vt 0.884494 0.069378
vt 0.699979 0.069378
vt 0.861430 0.069378
vt 0.676915 0.069378
vt 0.838365 0.069378
vt 0.653851 0.069378
vt 0.815301 0.069378
vt 0.999815 0.063612
vt 0.976751 0.069378
vt 0.630787 0.063612
vt 0.792237 0.069378
vt 0.953687 0.069378
vt 0.861430 0.080910
vt 0.838365 0.080910
vt 0.676915 0.080910
vt 0.653851 0.080910
vt 0.815301 0.080910
vt 0.999815 0.075144
vt 0.976751 0.080910
vt 0.630787 0.075144
vt 0.792237 0.080910
vt 0.953687 0.080910
vt 0.769172 0.080910
vt 0.930623 0.080910
vt 0.746108 0.080910
vt 0.907558 0.080910
vt 0.723044 0.080910
vt 0.884494 0.080910
vt 0.699979 0.080910
vt 0.999815 0.086676
vt 0.630787 0.086676
vt 0.467382 0.663089
vt 0.442919 0.671243
vt 0.459228 0.654934
vt 0.581544 0.548927
vt 0.589699 0.524463
vt 0.597853 0.532618
vt 0.483691 0.646780
vt 0.475537 0.638626
vt 0.606008 0.508154
vt 0.614162 0.516309
vt 0.500000 0.630471
vt 0.491846 0.622317
vt 0.622317 0.491846
vt 0.630471 0.500000
vt 0.516309 0.614162
vt 0.508155 0.606008
vt 0.638626 0.475537
vt 0.646780 0.483691
vt 0.532618 0.597853
vt 0.524463 0.589699
vt 0.654934 0.459228
vt 0.663089 0.467382
vt 0.548927 0.581544
vt 0.540772 0.573390
vt 0.671243 0.442919
vt 0.679398 0.451073
vt 0.557081 0.557081
vt 0.565236 0.565236
vt 0.451073 0.679398
vt 0.430687 0.691629
vt 0.691629 0.430687
vt 0.573390 0.540772
vt 0.422533 0.683475
vt 0.434765 0.663089
vt 0.683475 0.422533
vt 0.663089 0.434764
vt 0.565236 0.532618
vt 0.451073 0.646780
vt 0.581544 0.516309
vt 0.467382 0.630471
vt 0.597853 0.500000
vt 0.483691 0.614162
vt 0.614162 0.483691
vt 0.500000 0.597853
vt 0.630471 0.467382
vt 0.516309 0.581544
vt 0.646780 0.451073
vt 0.532618 0.565235
vt 0.548927 0.548927
vt 0.491846 0.589699
vt 0.606008 0.475537
vt 0.622317 0.459228
vt 0.508154 0.573390
vt 0.638626 0.442919
vt 0.524463 0.557081
vt 0.654934 0.426610
vt 0.540772 0.540772
vt 0.414378 0.675321
vt 0.426610 0.654934
vt 0.675320 0.414378
vt 0.557081 0.524463
vt 0.442919 0.638626
vt 0.573390 0.508154
vt 0.459228 0.622317
vt 0.589699 0.491846
vt 0.475537 0.606008
vt 0.548927 0.516309
vt 0.434765 0.630471
vt 0.565236 0.500000
vt 0.451073 0.614162
vt 0.581544 0.483691
vt 0.467382 0.597853
vt 0.597853 0.467382
vt 0.483691 0.581544
vt 0.614162 0.451073
vt 0.500000 0.565236
vt 0.630471 0.434764
vt 0.516309 0.548927
vt 0.646780 0.418456
vt 0.532618 0.532618
vt 0.406224 0.667166
vt 0.418456 0.646780
vt 0.667166 0.406224
vt 0.606008 0.442919
vt 0.491846 0.557081
vt 0.622317 0.426610
vt 0.508154 0.540772
vt 0.638626 0.410301
vt 0.524463 0.524463
vt 0.398070 0.659012
vt 0.410301 0.638626
vt 0.659012 0.398070
vt 0.540772 0.508154
vt 0.426610 0.622317
vt 0.557081 0.491846
vt 0.442919 0.606008
vt 0.573390 0.475537
vt 0.459228 0.589699
vt 0.589699 0.459228
vt 0.475537 0.573390
vt 0.418456 0.614162
vt 0.548927 0.483691
vt 0.434765 0.597853
vt 0.565236 0.467382
vt 0.451073 0.581544
vt 0.581544 0.451073
vt 0.467382 0.565236
vt 0.597853 0.434765
vt 0.483691 0.548927
vt 0.614162 0.418456
vt 0.500000 0.532618
vt 0.630471 0.402147
vt 0.516309 0.516309
vt 0.389915 0.650857
vt 0.402147 0.630471
vt 0.650857 0.389915
vt 0.532618 0.500000
vt 0.475537 0.540772
vt 0.589699 0.426610
vt 0.606008 0.410301
vt 0.491846 0.524463
vt 0.622317 0.393992
vt 0.508154 0.508154
vt 0.381761 0.642703
vt 0.393992 0.622317
vt 0.642703 0.381761
vt 0.524463 0.491846
vt 0.410301 0.606008
vt 0.540772 0.475537
vt 0.426610 0.589699
vt 0.557081 0.459228
vt 0.442919 0.573390
vt 0.573390 0.442919
vt 0.459228 0.557081
vt 0.532618 0.467382
vt 0.418456 0.581544
vt 0.548927 0.451073
vt 0.434764 0.565236
vt 0.565236 0.434764
vt 0.451073 0.548927
vt 0.581544 0.418456
vt 0.467382 0.532618
vt 0.597853 0.402147
vt 0.483691 0.516309
vt 0.614162 0.385838
vt 0.500000 0.500000
vt 0.373606 0.634548
vt 0.385838 0.614162
vt 0.634548 0.373606
vt 0.516309 0.483691
vt 0.402147 0.597853
vt 0.589699 0.393992
vt 0.459228 0.524463
vt 0.475537 0.508154
vt 0.606008 0.377683
vt 0.491846 0.491846
vt 0.365452 0.626394
vt 0.377683 0.606008
vt 0.626394 0.365452
vt 0.508154 0.475537
vt 0.393992 0.589699
vt 0.524463 0.459228
vt 0.410301 0.573390
vt 0.540772 0.442919
vt 0.426610 0.557081
vt 0.557081 0.426610
vt 0.442919 0.540772
vt 0.573390 0.410301
vt 0.516309 0.451073
vt 0.532618 0.434764
vt 0.418456 0.548927
vt 0.548927 0.418456
vt 0.434764 0.532618
vt 0.565236 0.402147
vt 0.451073 0.516309
vt 0.581544 0.385838
vt 0.467382 0.500000
vt 0.597853 0.369529
vt 0.483691 0.483691
vt 0.357297 0.618239
vt 0.369529 0.597853
vt 0.618239 0.357297
vt 0.500000 0.467382
vt 0.385838 0.581544
vt 0.402147 0.565236
vt 0.589699 0.361374
vt 0.459228 0.491846
vt 0.475537 0.475537
vt 0.349143 0.610085
vt 0.361374 0.589699
vt 0.610085 0.349143
vt 0.491846 0.459228
vt 0.377683 0.573390
vt 0.508154 0.442919
vt 0.393992 0.557081
vt 0.524463 0.426610
vt 0.410301 0.540772
vt 0.540772 0.410301
vt 0.426610 0.524463
vt 0.557081 0.393992
vt 0.442919 0.508154
vt 0.573390 0.377683
vt 0.402147 0.532618
vt 0.532618 0.402147
vt 0.418456 0.516309
vt 0.548927 0.385838
vt 0.434765 0.500000
vt 0.565236 0.369529
vt 0.451073 0.483691
vt 0.581544 0.353220
vt 0.467382 0.467382
vt 0.340988 0.601931
vt 0.353220 0.581544
vt 0.601930 0.340988
vt 0.483691 0.451073
vt 0.369529 0.565236
vt 0.500000 0.434765
vt 0.385838 0.548927
vt 0.516309 0.418456
vt 0.442919 0.475537
vt 0.459228 0.459228
vt 0.332834 0.593776
vt 0.345066 0.573390
vt 0.593776 0.332834
vt 0.573390 0.345066
vt 0.475537 0.442919
vt 0.361375 0.557081
vt 0.491846 0.426610
vt 0.377683 0.540772
vt 0.508155 0.410301
vt 0.393992 0.524463
vt 0.524463 0.393992
vt 0.410301 0.508154
vt 0.540772 0.377683
vt 0.426610 0.491846
vt 0.557081 0.361374
vt 0.516309 0.385838
vt 0.385838 0.516309
vt 0.402147 0.500000
vt 0.532618 0.369529
vt 0.418456 0.483691
vt 0.548927 0.353220
vt 0.434764 0.467382
vt 0.565236 0.336911
vt 0.451073 0.451073
vt 0.324680 0.585622
vt 0.336911 0.565236
vt 0.585622 0.324680
vt 0.467382 0.434764
vt 0.353220 0.548927
vt 0.483691 0.418456
vt 0.369529 0.532618
vt 0.500000 0.402147
vt 0.316525 0.577467
vt 0.328757 0.557081
vt 0.577467 0.316525
vt 0.557081 0.328757
vt 0.459228 0.426610
vt 0.345066 0.540772
vt 0.475537 0.410301
vt 0.361374 0.524463
vt 0.491846 0.393992
vt 0.377683 0.508155
vt 0.508155 0.377683
vt 0.393992 0.491846
vt 0.524463 0.361375
vt 0.410301 0.475537
vt 0.540772 0.345066
vt 0.426610 0.459228
vt 0.442919 0.442919
vt 0.369529 0.500000
vt 0.385838 0.483691
vt 0.500000 0.369529
vt 0.516309 0.353220
vt 0.402147 0.467382
vt 0.532618 0.336911
vt 0.418456 0.451073
vt 0.548927 0.320602
vt 0.434765 0.434764
vt 0.308371 0.569313
vt 0.320602 0.548927
vt 0.569313 0.308371
vt 0.451073 0.418456
vt 0.336911 0.532618
vt 0.467382 0.402147
vt 0.353220 0.516309
vt 0.483691 0.385838
vt 0.442919 0.410301
vt 0.328757 0.524463
vt 0.459228 0.393992
vt 0.345066 0.508155
vt 0.475537 0.377683
vt 0.361374 0.491846
vt 0.491846 0.361374
vt 0.377683 0.475537
vt 0.508154 0.345066
vt 0.393992 0.459228
vt 0.524463 0.328757
vt 0.410301 0.442919
vt 0.540772 0.312448
vt 0.426610 0.426610
vt 0.300216 0.561158
vt 0.312448 0.540772
vt 0.561158 0.300216
vt 0.483691 0.353220
vt 0.500000 0.336911
vt 0.385838 0.451073
vt 0.516309 0.320602
vt 0.402147 0.434765
vt 0.532618 0.304293
vt 0.418456 0.418456
vt 0.292062 0.553004
vt 0.304293 0.532618
vt 0.553004 0.292062
vt 0.434765 0.402147
vt 0.320602 0.516309
vt 0.451073 0.385838
vt 0.336911 0.500000
vt 0.467382 0.369529
vt 0.353220 0.483691
vt 0.369529 0.467382
vt 0.442919 0.377683
vt 0.328757 0.491846
vt 0.459228 0.361374
vt 0.345066 0.475537
vt 0.475537 0.345066
vt 0.361375 0.459228
vt 0.491845 0.328757
vt 0.377683 0.442919
vt 0.508154 0.312448
vt 0.393992 0.426610
vt 0.524463 0.296139
vt 0.410301 0.410301
vt 0.283907 0.544850
vt 0.296139 0.524463
vt 0.544849 0.283907
vt 0.426610 0.393992
vt 0.312448 0.508154
vt 0.500000 0.304293
vt 0.369529 0.434765
vt 0.385838 0.418456
vt 0.516309 0.287984
vt 0.402147 0.402147
vt 0.275753 0.536695
vt 0.287985 0.516309
vt 0.536695 0.275753
vt 0.418456 0.385838
vt 0.304293 0.500000
vt 0.434765 0.369529
vt 0.320602 0.483691
vt 0.451073 0.353220
vt 0.336911 0.467382
vt 0.467382 0.336911
vt 0.353220 0.451073
vt 0.483691 0.320602
vt 0.312448 0.475537
vt 0.426610 0.361374
vt 0.442919 0.345066
vt 0.328757 0.459228
vt 0.459228 0.328757
vt 0.345066 0.442919
vt 0.475537 0.312448
vt 0.361375 0.426610
vt 0.491846 0.296139
vt 0.377683 0.410301
vt 0.508154 0.279830
vt 0.393992 0.393992
vt 0.267598 0.528541
vt 0.279830 0.508155
vt 0.528541 0.267598
vt 0.410301 0.377683
vt 0.296139 0.491846
vt 0.353220 0.418456
vt 0.369529 0.402147
vt 0.500000 0.271676
vt 0.385838 0.385838
vt 0.259444 0.520386
vt 0.271676 0.500000
vt 0.520386 0.259444
vt 0.402147 0.369529
vt 0.287985 0.483691
vt 0.418456 0.353220
vt 0.304293 0.467382
vt 0.434765 0.336911
vt 0.320602 0.451073
vt 0.451073 0.320602
vt 0.336911 0.434765
vt 0.467382 0.304293
vt 0.483691 0.287985
vt 0.410301 0.345066
vt 0.426610 0.328757
vt 0.312448 0.442919
vt 0.442919 0.312448
vt 0.328757 0.426610
vt 0.459228 0.296139
vt 0.345066 0.410301
vt 0.475537 0.279830
vt 0.361374 0.393992
vt 0.491846 0.263521
vt 0.377683 0.377683
vt 0.251290 0.512232
vt 0.263521 0.491846
vt 0.512232 0.251290
vt 0.393992 0.361374
vt 0.279830 0.475537
vt 0.296139 0.459228
vt 0.483691 0.255367
vt 0.353220 0.385838
vt 0.369529 0.369529
vt 0.243135 0.504077
vt 0.255367 0.483691
vt 0.504077 0.243135
vt 0.385838 0.353220
vt 0.271676 0.467382
vt 0.402147 0.336911
vt 0.287984 0.451073
vt 0.418456 0.320602
vt 0.304293 0.434765
vt 0.434765 0.304293
vt 0.320602 0.418456
vt 0.451073 0.287985
vt 0.336911 0.402147
vt 0.467382 0.271676
vt 0.548927 0.712016
vt 0.557081 0.687552
vt 0.565236 0.695707
vt 0.679398 0.581544
vt 0.687552 0.557081
vt 0.695707 0.565235
vt 0.581544 0.679398
vt 0.573390 0.671243
vt 0.712016 0.548927
vt 0.703861 0.540772
vt 0.589699 0.654934
vt 0.597853 0.663089
vt 0.720170 0.524463
vt 0.728324 0.532618
vt 0.614162 0.646780
vt 0.606008 0.638626
vt 0.736479 0.508154
vt 0.744633 0.516309
vt 0.630471 0.630471
vt 0.622317 0.622317
vt 0.516309 0.744633
vt 0.495923 0.756865
vt 0.508154 0.736479
vt 0.756865 0.495923
vt 0.638626 0.606008
vt 0.646780 0.614162
vt 0.524463 0.720170
vt 0.532618 0.728324
vt 0.654934 0.589699
vt 0.663089 0.597853
vt 0.540772 0.703861
vt 0.671243 0.573390
vt 0.597853 0.630471
vt 0.614162 0.614162
vt 0.487768 0.748711
vt 0.500000 0.728324
vt 0.748710 0.487768
vt 0.728324 0.500000
vt 0.630471 0.597853
vt 0.516309 0.712015
vt 0.646780 0.581544
vt 0.532618 0.695707
vt 0.663089 0.565235
vt 0.548927 0.679398
vt 0.679398 0.548927
vt 0.565236 0.663089
vt 0.695707 0.532618
vt 0.581544 0.646780
vt 0.712016 0.516309
vt 0.671243 0.540772
vt 0.540772 0.671243
vt 0.557081 0.654934
vt 0.687552 0.524463
vt 0.573390 0.638626
vt 0.703861 0.508154
vt 0.589699 0.622317
vt 0.720170 0.491846
vt 0.606008 0.606008
vt 0.479614 0.740556
vt 0.491846 0.720170
vt 0.740556 0.479614
vt 0.622317 0.589699
vt 0.508155 0.703861
vt 0.638626 0.573390
vt 0.524463 0.687552
vt 0.654934 0.557081
vt 0.732402 0.471459
vt 0.712016 0.483691
vt 0.614162 0.581544
vt 0.500000 0.695707
vt 0.630471 0.565235
vt 0.516309 0.679398
vt 0.646780 0.548927
vt 0.532618 0.663089
vt 0.663089 0.532618
vt 0.548927 0.646780
vt 0.679398 0.516309
vt 0.565236 0.630471
vt 0.695707 0.500000
vt 0.581544 0.614162
vt 0.597853 0.597853
vt 0.471460 0.732402
vt 0.483691 0.712016
vt 0.654934 0.524463
vt 0.671243 0.508154
vt 0.557081 0.622317
vt 0.687552 0.491846
vt 0.573390 0.606008
vt 0.703861 0.475537
vt 0.589699 0.589699
vt 0.463305 0.724247
vt 0.475537 0.703861
vt 0.724247 0.463305
vt 0.606008 0.573390
vt 0.491846 0.687552
vt 0.622317 0.557081
vt 0.508154 0.671243
vt 0.638626 0.540772
vt 0.524463 0.654934
vt 0.540772 0.638626
vt 0.467382 0.695707
vt 0.483691 0.679398
vt 0.614162 0.548927
vt 0.500000 0.663089
vt 0.630471 0.532618
vt 0.516309 0.646780
vt 0.646780 0.516309
vt 0.532618 0.630471
vt 0.663089 0.500000
vt 0.548927 0.614162
vt 0.679398 0.483691
vt 0.565236 0.597853
vt 0.695707 0.467382
vt 0.581544 0.581544
vt 0.455151 0.716093
vt 0.716093 0.455151
vt 0.597853 0.565236
vt 0.540772 0.606008
vt 0.671243 0.475537
vt 0.557081 0.589699
vt 0.687552 0.459228
vt 0.573390 0.573390
vt 0.446996 0.707938
vt 0.459228 0.687552
vt 0.707938 0.446996
vt 0.589699 0.557081
vt 0.475537 0.671243
vt 0.606008 0.540772
vt 0.491845 0.654934
vt 0.622317 0.524463
vt 0.508155 0.638626
vt 0.638626 0.508154
vt 0.524463 0.622317
vt 0.654934 0.491846
vt 0.438842 0.699784
vt 0.699784 0.438842
vt 0.723044 0.676915
vt 0.734576 0.653851
vt 0.734576 0.676915
vt 0.723044 0.838365
vt 0.734576 0.861429
vt 0.723044 0.861429
vt 0.723044 0.699980
vt 0.734576 0.699980
vt 0.734576 0.884494
vt 0.723044 0.884494
vt 0.723044 0.723044
vt 0.734576 0.723044
vt 0.734576 0.907558
vt 0.723044 0.907558
vt 0.723044 0.746108
vt 0.734576 0.746108
vt 0.734576 0.930622
vt 0.723044 0.930622
vt 0.723044 0.769172
vt 0.734576 0.769172
vt 0.734576 0.953686
vt 0.723044 0.953686
vt 0.723044 0.792237
vt 0.734576 0.792237
vt 0.734576 0.976751
vt 0.723044 0.976751
vt 0.734576 0.815301
vt 0.723044 0.815301
vt 0.723044 0.653851
vt 0.728810 0.630787
vt 0.728810 0.999815
vt 0.734576 0.838365
vt 0.740342 0.630787
vt 0.746108 0.653851
vt 0.740342 0.999815
vt 0.746108 0.976751
vt 0.746108 0.838365
vt 0.746108 0.676915
vt 0.746108 0.861429
vt 0.746108 0.699980
vt 0.746108 0.884494
vt 0.746108 0.723044
vt 0.746108 0.907558
vt 0.746108 0.746108
vt 0.746108 0.930622
vt 0.746108 0.769172
vt 0.746108 0.953686
vt 0.746108 0.792237
vt 0.746108 0.815301
vt 0.757640 0.746108
vt 0.757640 0.907558
vt 0.757640 0.930622
vt 0.757640 0.769172
vt 0.757640 0.953686
vt 0.757640 0.792237
vt 0.757640 0.976751
vt 0.757640 0.815301
vt 0.751874 0.630787
vt 0.757640 0.653851
vt 0.751874 0.999815
vt 0.757640 0.838365
vt 0.757640 0.676915
vt 0.757640 0.861429
vt 0.757640 0.699980
vt 0.757640 0.884494
vt 0.757640 0.723044
vt 0.769172 0.838365
vt 0.769172 0.676915
vt 0.769172 0.861429
vt 0.769172 0.699980
vt 0.769172 0.884494
vt 0.769172 0.723044
vt 0.769172 0.907558
vt 0.769173 0.746108
vt 0.769172 0.930622
vt 0.769172 0.769172
vt 0.769173 0.953686
vt 0.769172 0.792237
vt 0.769172 0.976751
vt 0.769172 0.815301
vt 0.763406 0.630787
vt 0.769172 0.653851
vt 0.763406 0.999815
vt 0.780705 0.930622
vt 0.780705 0.769172
vt 0.780705 0.953686
vt 0.780705 0.792237
vt 0.780705 0.976751
vt 0.780705 0.815301
vt 0.774939 0.630787
vt 0.780705 0.653851
vt 0.774939 0.999815
vt 0.780705 0.838365
vt 0.780705 0.676915
vt 0.780705 0.861429
vt 0.780705 0.699980
vt 0.780705 0.884494
vt 0.780705 0.723044
vt 0.780705 0.907558
vt 0.780705 0.746108
vt 0.792237 0.676915
vt 0.792237 0.861429
vt 0.792237 0.699980
vt 0.792237 0.884494
vt 0.792237 0.723044
vt 0.792237 0.907558
vt 0.792237 0.746108
vt 0.792237 0.930622
vt 0.792237 0.769172
vt 0.792237 0.953686
vt 0.792237 0.792237
vt 0.792237 0.976751
vt 0.792237 0.815301
vt 0.786471 0.630787
vt 0.792237 0.653851
vt 0.786471 0.999815
vt 0.792237 0.838365
vt 0.803769 0.769172
vt 0.803769 0.930622
vt 0.803769 0.953686
vt 0.803769 0.792237
vt 0.803769 0.976751
vt 0.803769 0.815301
vt 0.798003 0.630787
vt 0.803769 0.653851
vt 0.798003 0.999815
vt 0.803769 0.838365
vt 0.803769 0.676915
vt 0.803769 0.861429
vt 0.803769 0.699980
vt 0.803769 0.884494
vt 0.803769 0.723044
vt 0.803769 0.907558
vt 0.803769 0.746108
vt 0.815301 0.861429
vt 0.815301 0.699980
vt 0.815301 0.884494
vt 0.815301 0.723044
vt 0.815301 0.907558
vt 0.815301 0.746108
vt 0.815301 0.930622
vt 0.815301 0.769172
vt 0.815301 0.953686
vt 0.815301 0.792237
vt 0.815301 0.976751
vt 0.815301 0.815301
vt 0.809535 0.630787
vt 0.815301 0.653851
vt 0.809535 0.999815
vt 0.815301 0.838365
vt 0.815301 0.676915
vt 0.826833 0.953686
vt 0.826833 0.769172
vt 0.826833 0.792237
vt 0.826833 0.976751
vt 0.826833 0.815301
vt 0.821067 0.630787
vt 0.826833 0.653851
vt 0.821067 0.999815
vt 0.826833 0.838365
vt 0.826833 0.676915
vt 0.826833 0.861429
vt 0.826833 0.699980
vt 0.826833 0.884494
vt 0.826833 0.723044
vt 0.826833 0.907558
vt 0.826833 0.746108
vt 0.826833 0.930622
vt 0.838365 0.861429
vt 0.838365 0.884494
vt 0.838365 0.723044
vt 0.838365 0.907558
vt 0.838365 0.746108
vt 0.838365 0.930622
vt 0.838365 0.769172
vt 0.838365 0.953686
vt 0.838365 0.792237
vt 0.838365 0.976751
vt 0.838365 0.815301
vt 0.832599 0.630787
vt 0.838365 0.653851
vt 0.832599 0.999815
vt 0.838365 0.838365
vt 0.838365 0.676915
vt 0.838365 0.699980
vt 0.849897 0.976751
vt 0.849897 0.792237
vt 0.849897 0.815301
vt 0.844131 0.630787
vt 0.849897 0.653851
vt 0.844131 0.999815
vt 0.849897 0.838365
vt 0.849897 0.676915
vt 0.849897 0.861429
vt 0.849897 0.699980
vt 0.849897 0.884494
vt 0.849897 0.723044
vt 0.849897 0.907558
vt 0.849897 0.746108
vt 0.849897 0.930622
vt 0.849897 0.769172
vt 0.849897 0.953686
vt 0.861429 0.723044
vt 0.861430 0.907558
vt 0.861429 0.746108
vt 0.861430 0.930622
vt 0.861429 0.769172
vt 0.861430 0.953686
vt 0.861429 0.792237
vt 0.861430 0.976751
vt 0.861430 0.815301
vt 0.855663 0.630787
vt 0.861429 0.653851
vt 0.855663 0.999815
vt 0.861430 0.838365
vt 0.861429 0.676915
vt 0.861430 0.861429
vt 0.861430 0.699980
vt 0.861430 0.884494
vt 0.872962 0.792237
vt 0.872962 0.815301
vt 0.867196 0.630787
vt 0.872962 0.653851
vt 0.867196 0.999815
vt 0.872962 0.976751
vt 0.872962 0.838365
vt 0.872962 0.676915
vt 0.872962 0.861429
vt 0.872962 0.699980
vt 0.872962 0.884494
vt 0.872962 0.723044
vt 0.872962 0.907558
vt 0.872962 0.746108
vt 0.872962 0.930622
vt 0.872962 0.769172
vt 0.872962 0.953686
vt 0.884494 0.907558
vt 0.884494 0.723044
vt 0.884494 0.746108
vt 0.884494 0.930622
vt 0.884494 0.769172
vt 0.884494 0.953686
vt 0.884494 0.792237
vt 0.884494 0.976751
vt 0.884494 0.815301
vt 0.878728 0.630787
vt 0.884494 0.653851
vt 0.878728 0.999815
vt 0.884494 0.838365
vt 0.884494 0.676915
vt 0.884494 0.861429
vt 0.884494 0.699980
vt 0.884494 0.884494
vt 0.890260 0.630787
vt 0.896026 0.653851
vt 0.890260 0.999815
vt 0.896026 0.976751
vt 0.896026 0.838365
vt 0.896026 0.676915
vt 0.896026 0.861429
vt 0.896026 0.699980
vt 0.896026 0.884494
vt 0.896026 0.723044
vt 0.896026 0.907558
vt 0.896026 0.746108
vt 0.896026 0.930622
vt 0.896026 0.769172
vt 0.896026 0.953686
vt 0.896026 0.792237
vt 0.896026 0.815301
vt 0.907558 0.723044
vt 0.907558 0.746108
vt 0.907558 0.907558
vt 0.907558 0.930622
vt 0.907558 0.769172
vt 0.907558 0.953686
vt 0.907558 0.792237
vt 0.907558 0.976751
vt 0.907558 0.815301
vt 0.901792 0.630787
vt 0.907558 0.653851
vt 0.901792 0.999815
vt 0.907558 0.838365
vt 0.907558 0.676915
vt 0.907558 0.861429
vt 0.907558 0.699980
vt 0.907558 0.884494
vt 0.919090 0.838365
vt 0.919090 0.676915
vt 0.919090 0.861429
vt 0.919090 0.699980
vt 0.919090 0.884494
vt 0.919090 0.723044
vt 0.919090 0.907558
vt 0.919090 0.746108
vt 0.919090 0.930622
vt 0.919090 0.769172
vt 0.919090 0.953686
vt 0.919090 0.792237
vt 0.919090 0.976751
vt 0.919090 0.815301
vt 0.913324 0.630787
vt 0.919090 0.653851
vt 0.913324 0.999815
vt 0.930622 0.907558
vt 0.930622 0.930622
vt 0.930622 0.769172
vt 0.930622 0.953686
vt 0.930622 0.792237
vt 0.930622 0.976751
vt 0.930622 0.815301
vt 0.924856 0.630787
vt 0.930622 0.653851
vt 0.924856 0.999815
vt 0.930622 0.838365
vt 0.930622 0.676915
vt 0.930622 0.861429
vt 0.930622 0.699980
vt 0.930622 0.884494
vt 0.930622 0.723044
vt 0.930622 0.746108
vt 0.942154 0.861429
vt 0.942154 0.699979
vt 0.942154 0.884494
vt 0.942154 0.723044
vt 0.942154 0.907558
vt 0.942154 0.746108
vt 0.942154 0.930622
vt 0.942154 0.769172
vt 0.942154 0.953686
vt 0.942154 0.792237
vt 0.942155 0.976751
vt 0.942154 0.815301
vt 0.936388 0.630787
vt 0.942154 0.653851
vt 0.936388 0.999815
vt 0.942154 0.838365
vt 0.942154 0.676915
vt 0.953687 0.953686
vt 0.953687 0.769172
vt 0.953687 0.792237
vt 0.953687 0.976751
vt 0.953687 0.815301
vt 0.947921 0.630787
vt 0.953687 0.653851
vt 0.947921 0.999815
vt 0.953687 0.838365
vt 0.953687 0.676915
vt 0.953687 0.861429
vt 0.953687 0.699979
vt 0.953687 0.884494
vt 0.953687 0.723044
vt 0.953687 0.907558
vt 0.953687 0.746108
vt 0.953687 0.930622
vt 0.965219 0.699979
vt 0.965219 0.861429
vt 0.965219 0.884494
vt 0.965219 0.723044
vt 0.965219 0.907558
vt 0.965219 0.746108
vt 0.965219 0.930622
vt 0.965219 0.769172
vt 0.965219 0.953686
vt 0.965219 0.792237
vt 0.965219 0.976751
vt 0.965219 0.815301
vt 0.959453 0.630787
vt 0.965219 0.653851
vt 0.959453 0.999815
vt 0.965219 0.838365
vt 0.965219 0.676915
vt 0.976751 0.769172
vt 0.976751 0.792237
vt 0.976751 0.976751
vt 0.976751 0.815301
vt 0.970985 0.630787
vt 0.976751 0.653851
vt 0.970985 0.999815
vt 0.976751 0.838365
vt 0.976751 0.676915
vt 0.976751 0.861429
vt 0.976751 0.699979
vt 0.976751 0.884494
vt 0.976751 0.723044
vt 0.976751 0.907558
vt 0.976751 0.746108
vt 0.976751 0.930622
vt 0.976751 0.953686
vt 0.988283 0.861429
vt 0.988283 0.884494
vt 0.988283 0.723044
vt 0.988283 0.907558
vt 0.988283 0.746108
vt 0.988283 0.930622
vt 0.988283 0.769172
vt 0.988283 0.953686
vt 0.988283 0.792237
vt 0.988283 0.976751
vt 0.988283 0.815301
vt 0.982517 0.630787
vt 0.988283 0.653851
vt 0.982517 0.999815
vt 0.988283 0.838365
vt 0.988283 0.676915
vt 0.988283 0.699979
vt 0.999815 0.976751
vt 0.999815 0.792237
vt 0.999815 0.815301
vt 0.994049 0.630787
vt 0.999815 0.653851
vt 0.994049 0.999815
vt 0.999815 0.838365
vt 0.999815 0.676915
vt 0.999815 0.861429
vt 0.999815 0.699979
vt 0.999815 0.884494
vt 0.999815 0.723044
vt 0.999815 0.907558
vt 0.999815 0.746108
vt 0.999815 0.930622
vt 0.999815 0.769172
vt 0.999815 0.953686
vt 0.630787 0.699979
vt 0.642319 0.723044
vt 0.630787 0.723044
vt 0.630787 0.884494
vt 0.642319 0.907558
vt 0.630787 0.907558
vt 0.630787 0.746108
vt 0.642319 0.746108
vt 0.630787 0.930622
vt 0.642319 0.930622
vt 0.642319 0.769172
vt 0.630787 0.769172
vt 0.642319 0.953686
vt 0.630787 0.953686
vt 0.630787 0.792237
vt 0.642319 0.792237
vt 0.642319 0.976751
vt 0.630787 0.976751
vt 0.630787 0.815301
vt 0.642319 0.815301
vt 0.630787 0.653851
vt 0.636553 0.630787
vt 0.642319 0.653851
vt 0.636553 0.999815
vt 0.642319 0.838365
vt 0.630787 0.838365
vt 0.642319 0.676915
vt 0.630787 0.676915
vt 0.642319 0.861429
vt 0.630787 0.861429
vt 0.642319 0.699979
vt 0.642319 0.884494
vt 0.653851 0.792237
vt 0.653851 0.815301
vt 0.648085 0.630787
vt 0.653851 0.653851
vt 0.648085 0.999815
vt 0.653851 0.976751
vt 0.653851 0.838365
vt 0.653851 0.676915
vt 0.653851 0.861429
vt 0.653851 0.699979
vt 0.653851 0.884494
vt 0.653851 0.723044
vt 0.653851 0.907558
vt 0.653851 0.746108
vt 0.653851 0.930622
vt 0.653851 0.769172
vt 0.653851 0.953686
vt 0.665383 0.907558
vt 0.665383 0.723044
vt 0.665383 0.746108
vt 0.665383 0.930622
vt 0.665383 0.769172
vt 0.665383 0.953686
vt 0.665383 0.792237
vt 0.665383 0.976751
vt 0.665383 0.815301
vt 0.659617 0.630787
vt 0.665383 0.653851
vt 0.659617 0.999815
vt 0.665383 0.838365
vt 0.665383 0.676915
vt 0.665383 0.861429
vt 0.665383 0.699979
vt 0.665383 0.884494
vt 0.671149 0.999815
vt 0.676915 0.976751
vt 0.676915 0.838365
vt 0.676915 0.676915
vt 0.676915 0.861429
vt 0.676915 0.699979
vt 0.676915 0.884494
vt 0.676915 0.723044
vt 0.676915 0.907558
vt 0.676915 0.746108
vt 0.676915 0.930622
vt 0.676915 0.769172
vt 0.676915 0.953686
vt 0.676915 0.792237
vt 0.676915 0.815301
vt 0.671149 0.630787
vt 0.676915 0.653851
vt 0.688448 0.907558
vt 0.688448 0.930622
vt 0.688448 0.769172
vt 0.688448 0.953686
vt 0.688448 0.792237
vt 0.688448 0.976751
vt 0.688448 0.815301
vt 0.682681 0.630787
vt 0.688447 0.653851
vt 0.682682 0.999815
vt 0.688448 0.838365
vt 0.688447 0.676915
vt 0.688448 0.861429
vt 0.688448 0.699979
vt 0.688448 0.884494
vt 0.688448 0.723044
vt 0.688448 0.746108
vt 0.699980 0.653851
vt 0.699980 0.676915
vt 0.699980 0.861429
vt 0.699980 0.699979
vt 0.699980 0.884494
vt 0.699980 0.723044
vt 0.699980 0.907558
vt 0.699980 0.746108
vt 0.699980 0.930622
vt 0.699980 0.769172
vt 0.699980 0.953686
vt 0.699980 0.792237
vt 0.699980 0.976751
vt 0.699980 0.815301
vt 0.694214 0.630787
vt 0.694214 0.999815
vt 0.699980 0.838365
vt 0.711512 0.769172
vt 0.711512 0.953686
vt 0.711512 0.792237
vt 0.711512 0.976751
vt 0.711512 0.815301
vt 0.705746 0.630787
vt 0.711512 0.653851
vt 0.705746 0.999815
vt 0.711512 0.838365
vt 0.711512 0.676915
vt 0.711512 0.861429
vt 0.711512 0.699979
vt 0.711512 0.884494
vt 0.711512 0.723044
vt 0.711512 0.907558
vt 0.711512 0.746108
vt 0.711512 0.930622
vt 0.717278 0.630787
vt 0.717278 0.999815
s 0
usemtl マテリアル
f 3/1/1 14/2/1 4/3/1
f 474/4/2 82/5/2 7/6/2
f 308/7/3 482/8/3 21/9/3
f 4/3/4 15/10/4 5/11/4
f 475/12/5 7/6/5 8/13/5
f 5/11/6 16/14/6 478/15/6
f 1/16/7 8/13/7 9/17/7
f 478/15/8 17/18/8 6/19/8
f 476/20/9 9/17/9 10/21/9
f 6/19/10 18/22/10 479/23/10
f 2/24/11 10/21/11 11/25/11
f 479/23/12 19/26/12 480/27/12
f 477/28/13 11/25/13 12/29/13
f 480/27/14 20/30/14 481/31/14
f 3/1/15 12/29/15 13/32/15
f 481/31/16 21/9/16 482/8/16
f 20/30/17 34/33/17 35/34/17
f 13/32/18 27/35/18 28/36/18
f 20/30/19 36/37/19 21/9/19
f 13/32/20 29/38/20 14/2/20
f 7/6/21 82/39/21 22/40/21
f 308/41/22 21/9/22 36/37/22
f 14/2/23 30/42/23 15/10/23
f 7/6/24 23/43/24 8/13/24
f 15/10/25 31/44/25 16/14/25
f 8/13/26 24/45/26 9/17/26
f 16/14/27 32/46/27 17/18/27
f 9/17/28 25/47/28 10/21/28
f 17/18/29 33/48/29 18/22/29
f 10/21/30 26/49/30 11/25/30
f 19/26/31 33/48/31 34/33/31
f 11/25/32 27/35/32 12/29/32
f 32/46/33 46/50/33 47/51/33
f 24/45/34 40/52/34 25/47/34
f 33/48/35 47/51/35 48/53/35
f 25/47/36 41/54/36 26/49/36
f 34/33/37 48/53/37 49/55/37
f 26/49/38 42/56/38 27/35/38
f 34/33/39 50/57/39 35/34/39
f 27/35/40 43/58/40 28/36/40
f 35/34/41 51/59/41 36/37/41
f 28/36/42 44/60/42 29/38/42
f 22/40/43 82/61/43 37/62/43
f 308/63/44 36/37/44 51/59/44
f 30/42/45 44/60/45 45/64/45
f 22/40/46 38/65/46 23/43/46
f 30/42/47 46/50/47 31/44/47
f 23/43/48 39/66/48 24/45/48
f 50/57/49 66/67/49 51/59/49
f 44/60/50 58/68/50 59/69/50
f 37/62/51 82/70/51 52/71/51
f 308/72/52 51/59/52 66/67/52
f 44/60/53 60/73/53 45/64/53
f 37/62/54 53/74/54 38/65/54
f 45/64/55 61/75/55 46/50/55
f 38/65/56 54/76/56 39/66/56
f 47/51/57 61/75/57 62/77/57
f 39/66/58 55/78/58 40/52/58
f 47/51/59 63/79/59 48/53/59
f 40/52/60 56/80/60 41/54/60
f 48/53/61 64/81/61 49/55/61
f 41/54/62 57/82/62 42/56/62
f 49/55/63 65/83/63 50/57/63
f 43/58/64 57/82/64 58/68/64
f 54/76/65 70/84/65 55/78/65
f 62/77/66 78/85/66 63/79/66
f 56/80/67 70/84/67 71/86/67
f 63/79/68 79/87/68 64/81/68
f 56/80/69 72/88/69 57/82/69
f 65/83/70 79/87/70 80/89/70
f 58/68/71 72/88/71 73/90/71
f 65/83/72 81/91/72 66/67/72
f 59/69/73 73/90/73 74/92/73
f 52/71/74 82/93/74 67/94/74
f 308/95/75 66/67/75 81/91/75
f 59/69/76 75/96/76 60/73/76
f 52/71/77 68/97/77 53/74/77
f 60/73/78 76/98/78 61/75/78
f 53/74/79 69/99/79 54/76/79
f 62/77/80 76/98/80 77/100/80
f 74/92/81 89/101/81 90/102/81
f 67/94/82 82/103/82 83/104/82
f 308/105/83 81/91/83 97/106/83
f 74/92/84 91/107/84 75/96/84
f 67/94/85 84/108/85 68/97/85
f 75/96/86 92/109/86 76/98/86
f 68/97/87 85/110/87 69/99/87
f 77/100/88 92/109/88 93/111/88
f 69/99/89 86/112/89 70/84/89
f 77/100/90 94/113/90 78/85/90
f 71/86/91 86/112/91 87/114/91
f 78/85/92 95/115/92 79/87/92
f 71/86/93 88/116/93 72/88/93
f 79/87/94 96/117/94 80/89/94
f 73/90/95 88/116/95 89/101/95
f 81/91/96 96/117/96 97/106/96
f 93/111/97 109/118/97 94/113/97
f 87/114/98 101/119/98 102/120/98
f 95/115/99 109/118/99 110/121/99
f 87/114/100 103/122/100 88/116/100
f 96/117/101 110/121/101 111/123/101
f 89/101/102 103/122/102 104/124/102
f 96/117/103 112/125/103 97/106/103
f 90/102/104 104/124/104 105/126/104
f 83/104/105 82/127/105 98/128/105
f 308/129/106 97/106/106 112/125/106
f 90/102/107 106/130/107 91/107/107
f 84/108/108 98/128/108 99/131/108
f 91/107/109 107/132/109 92/109/109
f 84/108/110 100/133/110 85/110/110
f 93/111/111 107/132/111 108/134/111
f 85/110/112 101/119/112 86/112/112
f 98/128/113 82/135/113 113/136/113
f 308/137/114 112/125/114 127/138/114
f 105/126/115 121/139/115 106/130/115
f 99/131/116 113/136/116 114/140/116
f 106/130/117 122/141/117 107/132/117
f 99/131/118 115/142/118 100/133/118
f 108/134/119 122/141/119 123/143/119
f 100/133/120 116/144/120 101/119/120
f 108/134/121 124/145/121 109/118/121
f 102/120/122 116/144/122 117/146/122
f 110/121/123 124/145/123 125/147/123
f 102/120/124 118/148/124 103/122/124
f 110/121/125 126/149/125 111/123/125
f 104/124/126 118/148/126 119/150/126
f 111/123/127 127/138/127 112/125/127
f 105/126/128 119/150/128 120/151/128
f 117/146/129 131/152/129 132/153/129
f 125/147/130 139/154/130 140/155/130
f 117/146/131 133/156/131 118/148/131
f 125/147/132 141/157/132 126/149/132
f 119/150/133 133/156/133 134/158/133
f 126/149/134 142/159/134 127/138/134
f 120/151/135 134/158/135 135/160/135
f 113/136/136 82/161/136 128/162/136
f 308/163/137 127/138/137 142/159/137
f 120/151/138 136/164/138 121/139/138
f 113/136/139 129/165/139 114/140/139
f 121/139/140 137/166/140 122/141/140
f 114/140/141 130/167/141 115/142/141
f 123/143/142 137/166/142 138/168/142
f 115/142/143 131/152/143 116/144/143
f 123/143/144 139/154/144 124/145/144
f 135/160/145 151/169/145 136/164/145
f 128/162/146 144/170/146 129/165/146
f 136/164/147 152/171/147 137/166/147
f 130/167/148 144/170/148 145/172/148
f 138/168/149 152/171/149 153/173/149
f 130/167/150 146/174/150 131/152/150
f 138/168/151 154/175/151 139/154/151
f 132/153/152 146/174/152 147/176/152
f 140/155/153 154/175/153 155/177/153
f 132/153/154 148/178/154 133/156/154
f 140/155/155 156/179/155 141/157/155
f 134/158/156 148/178/156 149/180/156
f 142/159/157 156/179/157 157/181/157
f 135/160/158 149/180/158 150/182/158
f 128/162/159 82/183/159 143/184/159
f 308/185/160 142/159/160 157/181/160
f 155/177/161 169/186/161 170/187/161
f 147/176/162 163/188/162 148/178/162
f 155/177/163 171/189/163 156/179/163
f 149/180/164 163/188/164 164/190/164
f 156/179/165 172/191/165 157/181/165
f 150/182/166 164/190/166 165/192/166
f 143/184/167 82/193/167 158/194/167
f 308/195/168 157/181/168 172/191/168
f 150/182/169 166/196/169 151/169/169
f 143/184/170 159/197/170 144/170/170
f 151/169/171 167/198/171 152/171/171
f 145/172/172 159/197/172 160/199/172
f 153/173/173 167/198/173 168/200/173
f 145/172/174 161/201/174 146/174/174
f 153/173/175 169/186/175 154/175/175
f 147/176/176 161/201/176 162/202/176
f 166/196/177 182/203/177 167/198/177
f 159/197/178 175/204/178 160/199/178
f 168/200/179 182/203/179 183/205/179
f 160/199/180 176/206/180 161/201/180
f 168/200/181 184/207/181 169/186/181
f 162/202/182 176/206/182 177/208/182
f 169/186/183 185/209/183 170/187/183
f 162/202/184 178/210/184 163/188/184
f 171/189/185 185/209/185 186/211/185
f 164/190/186 178/210/186 179/212/186
f 172/191/187 186/211/187 187/213/187
f 165/192/188 179/212/188 180/214/188
f 158/194/189 82/215/189 173/216/189
f 308/217/190 172/191/190 187/213/190
f 165/192/191 181/218/191 166/196/191
f 158/194/192 174/219/192 159/197/192
f 185/209/193 201/220/193 186/211/193
f 179/212/194 193/221/194 194/222/194
f 186/211/195 202/223/195 187/213/195
f 180/214/196 194/222/196 195/224/196
f 173/216/197 82/225/197 188/226/197
f 308/227/198 187/213/198 202/223/198
f 180/214/199 196/228/199 181/218/199
f 174/219/200 188/226/200 189/229/200
f 181/218/201 197/230/201 182/203/201
f 175/204/202 189/229/202 190/231/202
f 183/205/203 197/230/203 198/232/203
f 175/204/204 191/233/204 176/206/204
f 183/205/205 199/234/205 184/207/205
f 177/208/206 191/233/206 192/235/206
f 185/209/207 199/234/207 200/236/207
f 177/208/208 193/221/208 178/210/208
f 189/229/209 205/237/209 190/231/209
f 198/232/210 212/238/210 213/239/210
f 190/231/211 206/240/211 191/233/211
f 198/232/212 214/241/212 199/234/212
f 192/235/213 206/240/213 207/242/213
f 200/236/214 214/241/214 215/243/214
f 192/235/215 208/244/215 193/221/215
f 200/236/216 216/245/216 201/220/216
f 194/222/217 208/244/217 209/246/217
f 201/220/218 217/247/218 202/223/218
f 195/224/219 209/246/219 210/248/219
f 188/226/220 82/249/220 203/250/220
f 308/251/221 202/223/221 217/247/221
f 195/224/222 211/252/222 196/228/222
f 188/226/223 204/253/223 189/229/223
f 196/228/224 212/238/224 197/230/224
f 209/246/225 223/254/225 224/255/225
f 216/245/226 232/256/226 217/247/226
f 210/248/227 224/255/227 225/257/227
f 203/250/228 82/258/228 218/259/228
f 308/260/229 217/247/229 232/256/229
f 210/248/230 226/261/230 211/252/230
f 203/250/231 219/262/231 204/253/231
f 211/252/232 227/263/232 212/238/232
f 204/253/233 220/264/233 205/237/233
f 213/239/234 227/263/234 228/265/234
f 205/237/235 221/266/235 206/240/235
f 213/239/236 229/267/236 214/241/236
f 207/242/237 221/266/237 222/268/237
f 215/243/238 229/267/238 230/269/238
f 207/242/239 223/254/239 208/244/239
f 215/243/240 231/270/240 216/245/240
f 228/265/241 242/271/241 243/272/241
f 220/264/242 236/273/242 221/266/242
f 228/265/243 244/274/243 229/267/243
f 222/268/244 236/273/244 237/275/244
f 230/269/245 244/274/245 245/276/245
f 222/268/246 238/277/246 223/254/246
f 230/269/247 246/278/247 231/270/247
f 224/255/248 238/277/248 239/279/248
f 232/256/249 246/278/249 247/280/249
f 225/257/250 239/279/250 240/281/250
f 218/259/251 82/282/251 233/283/251
f 308/284/252 232/256/252 247/280/252
f 225/257/253 241/285/253 226/261/253
f 218/259/254 234/286/254 219/262/254
f 226/261/255 242/271/255 227/263/255
f 220/264/256 234/286/256 235/287/256
f 246/278/257 262/288/257 247/280/257
f 240/281/258 254/289/258 255/290/258
f 233/283/259 82/291/259 248/292/259
f 308/293/260 247/280/260 262/288/260
f 240/281/261 256/294/261 241/285/261
f 233/283/262 249/295/262 234/286/262
f 241/285/263 257/296/263 242/271/263
f 234/286/264 250/297/264 235/287/264
f 243/272/265 257/296/265 258/298/265
f 235/287/266 251/299/266 236/273/266
f 243/272/267 259/300/267 244/274/267
f 237/275/268 251/299/268 252/301/268
f 245/276/269 259/300/269 260/302/269
f 237/275/270 253/303/270 238/277/270
f 245/276/271 261/304/271 246/278/271
f 239/279/272 253/303/272 254/289/272
f 250/297/273 266/305/273 251/299/273
f 258/298/274 274/306/274 259/300/274
f 252/301/275 266/305/275 267/307/275
f 260/302/276 274/306/276 275/308/276
f 252/301/277 268/309/277 253/303/277
f 260/302/278 276/310/278 261/304/278
f 254/289/279 268/309/279 269/311/279
f 261/304/280 277/312/280 262/288/280
f 255/290/281 269/311/281 270/313/281
f 248/292/282 82/314/282 263/315/282
f 308/316/283 262/288/283 277/312/283
f 255/290/284 271/317/284 256/294/284
f 249/295/285 263/315/285 264/318/285
f 256/294/286 272/319/286 257/296/286
f 249/295/287 265/320/287 250/297/287
f 258/298/288 272/319/288 273/321/288
f 270/313/289 284/322/289 285/323/289
f 263/315/290 82/324/290 278/325/290
f 308/326/291 277/312/291 292/327/291
f 270/313/292 286/328/292 271/317/292
f 264/318/293 278/325/293 279/329/293
f 271/317/294 287/330/294 272/319/294
f 264/318/295 280/331/295 265/320/295
f 273/321/296 287/330/296 288/332/296
f 265/320/297 281/333/297 266/305/297
f 273/321/298 289/334/298 274/306/298
f 267/307/299 281/333/299 282/335/299
f 275/308/300 289/334/300 290/336/300
f 267/307/301 283/337/301 268/309/301
f 275/308/302 291/338/302 276/310/302
f 269/311/303 283/337/303 284/322/303
f 277/312/304 291/338/304 292/327/304
f 288/332/305 304/339/305 289/334/305
f 282/335/306 296/340/306 297/341/306
f 290/336/307 304/339/307 305/342/307
f 282/335/308 298/343/308 283/337/308
f 290/336/309 306/344/309 291/338/309
f 284/322/310 298/343/310 299/345/310
f 292/327/311 306/344/311 307/346/311
f 285/323/312 299/345/312 300/347/312
f 278/325/313 82/348/313 293/349/313
f 308/350/314 292/327/314 307/346/314
f 285/323/315 301/351/315 286/328/315
f 278/325/316 294/352/316 279/329/316
f 286/328/317 302/353/317 287/330/317
f 279/329/318 295/354/318 280/331/318
f 288/332/319 302/353/319 303/355/319
f 280/331/320 296/340/320 281/333/320
f 308/356/321 307/346/321 323/357/321
f 300/347/322 317/358/322 301/351/322
f 293/349/323 310/359/323 294/352/323
f 301/351/324 318/360/324 302/353/324
f 294/352/325 311/361/325 295/354/325
f 303/355/326 318/360/326 319/362/326
f 295/354/327 312/363/327 296/340/327
f 303/355/328 320/364/328 304/339/328
f 297/341/329 312/363/329 313/365/329
f 305/342/330 320/364/330 321/366/330
f 297/341/331 314/367/331 298/343/331
f 305/342/332 322/368/332 306/344/332
f 299/345/333 314/367/333 315/369/333
f 306/344/334 323/357/334 307/346/334
f 300/347/335 315/369/335 316/370/335
f 293/349/336 82/371/336 309/372/336
f 321/366/337 335/373/337 336/374/337
f 313/365/338 329/375/338 314/367/338
f 321/366/339 337/376/339 322/368/339
f 315/369/340 329/375/340 330/377/340
f 322/368/341 338/378/341 323/357/341
f 316/370/342 330/377/342 331/379/342
f 309/372/343 82/380/343 324/381/343
f 308/382/344 323/357/344 338/378/344
f 316/370/345 332/383/345 317/358/345
f 309/372/346 325/384/346 310/359/346
f 317/358/347 333/385/347 318/360/347
f 310/359/348 326/386/348 311/361/348
f 319/362/349 333/385/349 334/387/349
f 311/361/350 327/388/350 312/363/350
f 319/362/351 335/373/351 320/364/351
f 312/363/352 328/389/352 313/365/352
f 324/381/353 340/390/353 325/384/353
f 332/383/354 348/391/354 333/385/354
f 325/384/355 341/392/355 326/386/355
f 334/387/356 348/391/356 349/393/356
f 326/386/357 342/394/357 327/388/357
f 334/387/358 350/395/358 335/373/358
f 328/389/359 342/394/359 343/396/359
f 336/374/360 350/395/360 351/397/360
f 328/389/361 344/398/361 329/375/361
f 336/374/362 352/399/362 337/376/362
f 330/377/363 344/398/363 345/400/363
f 337/376/364 353/401/364 338/378/364
f 331/379/365 345/400/365 346/402/365
f 324/381/366 82/403/366 339/404/366
f 308/405/367 338/378/367 353/401/367
f 331/379/368 347/406/368 332/383/368
f 343/396/369 359/407/369 344/398/369
f 351/397/370 367/408/370 352/399/370
f 345/400/371 359/407/371 360/409/371
f 352/399/372 368/410/372 353/401/372
f 346/402/373 360/409/373 361/411/373
f 339/404/374 82/412/374 354/413/374
f 308/414/375 353/401/375 368/410/375
f 346/402/376 362/415/376 347/406/376
f 339/404/377 355/416/377 340/390/377
f 347/406/378 363/417/378 348/391/378
f 341/392/379 355/416/379 356/418/379
f 349/393/380 363/417/380 364/419/380
f 341/392/381 357/420/381 342/394/381
f 349/393/382 365/421/382 350/395/382
f 343/396/383 357/420/383 358/422/383
f 351/397/384 365/421/384 366/423/384
f 362/424/385 378/425/385 363/426/385
f 356/427/386 370/428/386 371/429/386
f 364/430/387 378/425/387 379/431/387
f 356/427/388 372/432/388 357/433/388
f 364/430/389 380/434/389 365/435/389
f 358/436/390 372/432/390 373/437/390
f 366/438/391 380/434/391 381/439/391
f 358/436/392 374/440/392 359/441/392
f 366/438/393 382/442/393 367/443/393
f 360/444/394 374/440/394 375/445/394
f 367/443/395 383/446/395 368/447/395
f 361/448/396 375/445/396 376/449/396
f 354/450/397 82/451/397 369/452/397
f 308/453/398 368/447/398 383/446/398
f 361/448/399 377/454/399 362/424/399
f 354/450/400 370/428/400 355/455/400
f 381/439/401 397/456/401 382/442/401
f 375/445/402 389/457/402 390/458/402
f 382/442/403 398/459/403 383/446/403
f 376/449/404 390/458/404 391/460/404
f 369/452/405 82/461/405 384/462/405
f 308/463/406 383/446/406 398/459/406
f 376/449/407 392/464/407 377/454/407
f 369/452/408 385/465/408 370/428/408
f 377/454/409 393/466/409 378/425/409
f 371/429/410 385/465/410 386/467/410
f 379/431/411 393/466/411 394/468/411
f 371/429/412 387/469/412 372/432/412
f 379/431/413 395/470/413 380/434/413
f 373/437/414 387/469/414 388/471/414
f 381/439/415 395/470/415 396/472/415
f 373/437/416 389/457/416 374/440/416
f 385/465/417 401/473/417 386/467/417
f 394/468/418 408/474/418 409/475/418
f 386/467/419 402/476/419 387/469/419
f 394/468/420 410/477/420 395/470/420
f 388/471/421 402/476/421 403/478/421
f 396/472/422 410/477/422 411/479/422
f 388/471/423 404/480/423 389/457/423
f 397/456/424 411/479/424 412/481/424
f 390/458/425 404/480/425 405/482/425
f 397/456/426 413/483/426 398/459/426
f 391/460/427 405/482/427 406/484/427
f 384/462/428 82/485/428 399/486/428
f 308/487/429 398/459/429 413/483/429
f 391/460/430 407/488/430 392/464/430
f 385/465/431 399/486/431 400/489/431
f 392/464/432 408/474/432 393/466/432
f 405/482/433 419/490/433 420/491/433
f 412/481/434 428/492/434 413/483/434
f 406/484/435 420/491/435 421/493/435
f 399/486/436 82/494/436 414/495/436
f 308/496/437 413/483/437 428/492/437
f 406/484/438 422/497/438 407/488/438
f 399/486/439 415/498/439 400/489/439
f 407/488/440 423/499/440 408/474/440
f 401/473/441 415/498/441 416/500/441
f 409/475/442 423/499/442 424/501/442
f 401/473/443 417/502/443 402/476/443
f 409/475/444 425/503/444 410/477/444
f 403/478/445 417/502/445 418/504/445
f 411/479/446 425/503/446 426/505/446
f 403/478/447 419/490/447 404/480/447
f 411/479/448 427/506/448 412/481/448
f 424/501/449 438/507/449 439/508/449
f 416/500/450 432/509/450 417/502/450
f 424/501/451 440/510/451 425/503/451
f 418/504/452 432/509/452 433/511/452
f 426/505/453 440/510/453 441/512/453
f 418/504/454 434/513/454 419/490/454
f 426/505/455 442/514/455 427/506/455
f 420/491/456 434/513/456 435/515/456
f 427/506/457 443/516/457 428/492/457
f 421/493/458 435/515/458 436/517/458
f 414/495/459 82/518/459 429/519/459
f 308/520/460 428/492/460 443/516/460
f 421/493/461 437/521/461 422/497/461
f 414/495/462 430/522/462 415/498/462
f 422/497/463 438/507/463 423/499/463
f 416/500/464 430/522/464 431/523/464
f 442/514/465 458/524/465 443/516/465
f 436/517/466 450/525/466 451/526/466
f 429/519/467 82/527/467 444/528/467
f 308/529/468 443/516/468 458/524/468
f 436/517/469 452/530/469 437/521/469
f 430/522/470 444/528/470 445/531/470
f 437/521/471 453/532/471 438/507/471
f 430/522/472 446/533/472 431/523/472
f 439/508/473 453/532/473 454/534/473
f 431/523/474 447/535/474 432/509/474
f 439/508/475 455/536/475 440/510/475
f 433/511/476 447/535/476 448/537/476
f 441/512/477 455/536/477 456/538/477
f 433/511/478 449/539/478 434/513/478
f 441/512/479 457/540/479 442/514/479
f 435/515/480 449/539/480 450/525/480
f 454/534/481 470/541/481 455/536/481
f 448/537/482 462/542/482 463/543/482
f 456/538/483 470/541/483 471/544/483
f 448/537/484 464/545/484 449/539/484
f 456/538/485 472/546/485 457/540/485
f 450/525/486 464/545/486 465/547/486
f 458/524/487 472/546/487 473/548/487
f 451/526/488 465/547/488 466/549/488
f 444/528/489 82/550/489 459/551/489
f 308/552/490 458/524/490 473/548/490
f 451/526/491 467/553/491 452/530/491
f 444/528/492 460/554/492 445/531/492
f 452/530/493 468/555/493 453/532/493
f 446/533/494 460/554/494 461/556/494
f 454/534/495 468/555/495 469/557/495
f 446/533/496 462/542/496 447/535/496
f 459/551/497 82/558/497 474/4/497
f 308/559/498 473/548/498 482/8/498
f 466/549/499 5/11/499 467/553/499
f 460/554/500 474/4/500 475/12/500
f 467/553/501 478/15/501 468/555/501
f 461/556/502 475/12/502 1/16/502
f 468/555/503 6/19/503 469/557/503
f 462/542/504 1/16/504 476/20/504
f 469/557/505 479/23/505 470/541/505
f 463/543/506 476/20/506 2/24/506
f 471/544/507 479/23/507 480/27/507
f 464/545/508 2/24/508 477/28/508
f 471/544/509 481/31/509 472/546/509
f 465/547/510 477/28/510 3/1/510
f 472/546/511 482/8/511 473/548/511
f 466/549/512 3/1/512 4/3/512
f 3/1/1 13/32/1 14/2/1
f 4/3/4 14/2/4 15/10/4
f 475/12/5 474/4/5 7/6/5
f 5/11/6 15/10/6 16/14/6
f 1/16/7 475/12/7 8/13/7
f 478/15/8 16/14/8 17/18/8
f 476/20/9 1/16/9 9/17/9
f 6/19/10 17/18/10 18/22/10
f 2/24/11 476/20/11 10/21/11
f 479/23/12 18/22/12 19/26/12
f 477/28/13 2/24/13 11/25/13
f 480/27/14 19/26/14 20/30/14
f 3/1/15 477/28/15 12/29/15
f 481/31/16 20/30/16 21/9/16
f 20/30/17 19/26/17 34/33/17
f 13/32/18 12/29/18 27/35/18
f 20/30/19 35/34/19 36/37/19
f 13/32/20 28/36/20 29/38/20
f 14/2/23 29/38/23 30/42/23
f 7/6/24 22/40/24 23/43/24
f 15/10/25 30/42/25 31/44/25
f 8/13/26 23/43/26 24/45/26
f 16/14/27 31/44/27 32/46/27
f 9/17/28 24/45/28 25/47/28
f 17/18/29 32/46/29 33/48/29
f 10/21/30 25/47/30 26/49/30
f 19/26/31 18/22/31 33/48/31
f 11/25/32 26/49/32 27/35/32
f 32/46/513 31/44/513 46/50/513
f 24/45/34 39/66/34 40/52/34
f 33/48/35 32/46/35 47/51/35
f 25/47/36 40/52/36 41/54/36
f 34/33/37 33/48/37 48/53/37
f 26/49/514 41/54/514 42/56/514
f 34/33/39 49/55/39 50/57/39
f 27/35/40 42/56/40 43/58/40
f 35/34/41 50/57/41 51/59/41
f 28/36/42 43/58/42 44/60/42
f 30/42/45 29/38/45 44/60/45
f 22/40/46 37/62/46 38/65/46
f 30/42/47 45/64/47 46/50/47
f 23/43/48 38/65/48 39/66/48
f 50/57/49 65/83/49 66/67/49
f 44/60/50 43/58/50 58/68/50
f 44/60/53 59/69/53 60/73/53
f 37/62/54 52/71/54 53/74/54
f 45/64/55 60/73/55 61/75/55
f 38/65/56 53/74/56 54/76/56
f 47/51/57 46/50/57 61/75/57
f 39/66/58 54/76/58 55/78/58
f 47/51/59 62/77/59 63/79/59
f 40/52/60 55/78/60 56/80/60
f 48/53/61 63/79/61 64/81/61
f 41/54/62 56/80/62 57/82/62
f 49/55/63 64/81/63 65/83/63
f 43/58/64 42/56/64 57/82/64
f 54/76/65 69/99/65 70/84/65
f 62/77/66 77/100/66 78/85/66
f 56/80/67 55/78/67 70/84/67
f 63/79/68 78/85/68 79/87/68
f 56/80/69 71/86/69 72/88/69
f 65/83/70 64/81/70 79/87/70
f 58/68/71 57/82/71 72/88/71
f 65/83/72 80/89/72 81/91/72
f 59/69/73 58/68/73 73/90/73
f 59/69/76 74/92/76 75/96/76
f 52/71/77 67/94/77 68/97/77
f 60/73/78 75/96/78 76/98/78
f 53/74/79 68/97/79 69/99/79
f 62/77/80 61/75/80 76/98/80
f 74/92/81 73/90/81 89/101/81
f 74/92/84 90/102/84 91/107/84
f 67/94/85 83/104/85 84/108/85
f 75/96/86 91/107/86 92/109/86
f 68/97/87 84/108/87 85/110/87
f 77/100/88 76/98/88 92/109/88
f 69/99/89 85/110/89 86/112/89
f 77/100/90 93/111/90 94/113/90
f 71/86/91 70/84/91 86/112/91
f 78/85/92 94/113/92 95/115/92
f 71/86/93 87/114/93 88/116/93
f 79/87/94 95/115/94 96/117/94
f 73/90/95 72/88/95 88/116/95
f 81/91/96 80/89/96 96/117/96
f 93/111/97 108/134/97 109/118/97
f 87/114/98 86/112/98 101/119/98
f 95/115/99 94/113/99 109/118/99
f 87/114/100 102/120/100 103/122/100
f 96/117/101 95/115/101 110/121/101
f 89/101/102 88/116/102 103/122/102
f 96/117/103 111/123/103 112/125/103
f 90/102/515 89/101/515 104/124/515
f 90/102/516 105/126/516 106/130/516
f 84/108/108 83/104/108 98/128/108
f 91/107/109 106/130/109 107/132/109
f 84/108/110 99/131/110 100/133/110
f 93/111/111 92/109/111 107/132/111
f 85/110/112 100/133/112 101/119/112
f 105/126/115 120/151/115 121/139/115
f 99/131/116 98/128/116 113/136/116
f 106/130/117 121/139/117 122/141/117
f 99/131/118 114/140/118 115/142/118
f 108/134/119 107/132/119 122/141/119
f 100/133/120 115/142/120 116/144/120
f 108/134/121 123/143/121 124/145/121
f 102/120/122 101/119/122 116/144/122
f 110/121/123 109/118/123 124/145/123
f 102/120/124 117/146/124 118/148/124
f 110/121/125 125/147/125 126/149/125
f 104/124/126 103/122/126 118/148/126
f 111/123/127 126/149/127 127/138/127
f 105/126/128 104/124/128 119/150/128
f 117/146/129 116/144/129 131/152/129
f 125/147/130 124/145/130 139/154/130
f 117/146/131 132/153/131 133/156/131
f 125/147/132 140/155/132 141/157/132
f 119/150/517 118/148/517 133/156/517
f 126/149/134 141/157/134 142/159/134
f 120/151/135 119/150/135 134/158/135
f 120/151/138 135/160/138 136/164/138
f 113/136/139 128/162/139 129/165/139
f 121/139/518 136/164/518 137/166/518
f 114/140/141 129/165/141 130/167/141
f 123/143/142 122/141/142 137/166/142
f 115/142/143 130/167/143 131/152/143
f 123/143/144 138/168/144 139/154/144
f 135/160/145 150/182/145 151/169/145
f 128/162/146 143/184/146 144/170/146
f 136/164/147 151/169/147 152/171/147
f 130/167/148 129/165/148 144/170/148
f 138/168/149 137/166/149 152/171/149
f 130/167/150 145/172/150 146/174/150
f 138/168/151 153/173/151 154/175/151
f 132/153/152 131/152/152 146/174/152
f 140/155/153 139/154/153 154/175/153
f 132/153/154 147/176/154 148/178/154
f 140/155/155 155/177/155 156/179/155
f 134/158/156 133/156/156 148/178/156
f 142/159/157 141/157/157 156/179/157
f 135/160/158 134/158/158 149/180/158
f 155/177/161 154/175/161 169/186/161
f 147/176/162 162/202/162 163/188/162
f 155/177/163 170/187/163 171/189/163
f 149/180/164 148/178/164 163/188/164
f 156/179/165 171/189/165 172/191/165
f 150/182/166 149/180/166 164/190/166
f 150/182/169 165/192/169 166/196/169
f 143/184/170 158/194/170 159/197/170
f 151/169/171 166/196/171 167/198/171
f 145/172/172 144/170/172 159/197/172
f 153/173/173 152/171/173 167/198/173
f 145/172/174 160/199/174 161/201/174
f 153/173/175 168/200/175 169/186/175
f 147/176/176 146/174/176 161/201/176
f 166/196/177 181/218/177 182/203/177
f 159/197/178 174/219/178 175/204/178
f 168/200/179 167/198/179 182/203/179
f 160/199/180 175/204/180 176/206/180
f 168/200/181 183/205/181 184/207/181
f 162/202/182 161/201/182 176/206/182
f 169/186/183 184/207/183 185/209/183
f 162/202/184 177/208/184 178/210/184
f 171/189/185 170/187/185 185/209/185
f 164/190/186 163/188/186 178/210/186
f 172/191/187 171/189/187 186/211/187
f 165/192/188 164/190/188 179/212/188
f 165/192/191 180/214/191 181/218/191
f 158/194/192 173/216/192 174/219/192
f 185/209/193 200/236/193 201/220/193
f 179/212/194 178/210/194 193/221/194
f 186/211/195 201/220/195 202/223/195
f 180/214/196 179/212/196 194/222/196
f 180/214/199 195/224/199 196/228/199
f 174/219/200 173/216/200 188/226/200
f 181/218/201 196/228/201 197/230/201
f 175/204/202 174/219/202 189/229/202
f 183/205/203 182/203/203 197/230/203
f 175/204/204 190/231/204 191/233/204
f 183/205/205 198/232/205 199/234/205
f 177/208/206 176/206/206 191/233/206
f 185/209/207 184/207/207 199/234/207
f 177/208/208 192/235/208 193/221/208
f 189/229/209 204/253/209 205/237/209
f 198/232/210 197/230/210 212/238/210
f 190/231/211 205/237/211 206/240/211
f 198/232/212 213/239/212 214/241/212
f 192/235/213 191/233/213 206/240/213
f 200/236/214 199/234/214 214/241/214
f 192/235/215 207/242/215 208/244/215
f 200/236/216 215/243/216 216/245/216
f 194/222/217 193/221/217 208/244/217
f 201/220/218 216/245/218 217/247/218
f 195/224/219 194/222/219 209/246/219
f 195/224/222 210/248/222 211/252/222
f 188/226/223 203/250/223 204/253/223
f 196/228/224 211/252/224 212/238/224
f 209/246/225 208/244/225 223/254/225
f 216/245/226 231/270/226 232/256/226
f 210/248/227 209/246/227 224/255/227
f 210/248/230 225/257/230 226/261/230
f 203/250/231 218/259/231 219/262/231
f 211/252/232 226/261/232 227/263/232
f 204/253/233 219/262/233 220/264/233
f 213/239/234 212/238/234 227/263/234
f 205/237/235 220/264/235 221/266/235
f 213/239/236 228/265/236 229/267/236
f 207/242/237 206/240/237 221/266/237
f 215/243/238 214/241/238 229/267/238
f 207/242/239 222/268/239 223/254/239
f 215/243/240 230/269/240 231/270/240
f 228/265/519 227/263/519 242/271/519
f 220/264/242 235/287/242 236/273/242
f 228/265/243 243/272/243 244/274/243
f 222/268/244 221/266/244 236/273/244
f 230/269/245 229/267/245 244/274/245
f 222/268/520 237/275/520 238/277/520
f 230/269/247 245/276/247 246/278/247
f 224/255/248 223/254/248 238/277/248
f 232/256/249 231/270/249 246/278/249
f 225/257/250 224/255/250 239/279/250
f 225/257/253 240/281/253 241/285/253
f 218/259/254 233/283/254 234/286/254
f 226/261/255 241/285/255 242/271/255
f 220/264/256 219/262/256 234/286/256
f 246/278/257 261/304/257 262/288/257
f 240/281/258 239/279/258 254/289/258
f 240/281/261 255/290/261 256/294/261
f 233/283/262 248/292/262 249/295/262
f 241/285/263 256/294/263 257/296/263
f 234/286/264 249/295/264 250/297/264
f 243/272/521 242/271/521 257/296/521
f 235/287/266 250/297/266 251/299/266
f 243/272/267 258/298/267 259/300/267
f 237/275/268 236/273/268 251/299/268
f 245/276/269 244/274/269 259/300/269
f 237/275/522 252/301/522 253/303/522
f 245/276/271 260/302/271 261/304/271
f 239/279/272 238/277/272 253/303/272
f 250/297/273 265/320/273 266/305/273
f 258/298/274 273/321/274 274/306/274
f 252/301/275 251/299/275 266/305/275
f 260/302/276 259/300/276 274/306/276
f 252/301/277 267/307/277 268/309/277
f 260/302/278 275/308/278 276/310/278
f 254/289/279 253/303/279 268/309/279
f 261/304/280 276/310/280 277/312/280
f 255/290/281 254/289/281 269/311/281
f 255/290/284 270/313/284 271/317/284
f 249/295/285 248/292/285 263/315/285
f 256/294/286 271/317/286 272/319/286
f 249/295/287 264/318/287 265/320/287
f 258/298/288 257/296/288 272/319/288
f 270/313/289 269/311/289 284/322/289
f 270/313/292 285/323/292 286/328/292
f 264/318/293 263/315/293 278/325/293
f 271/317/294 286/328/294 287/330/294
f 264/318/295 279/329/295 280/331/295
f 273/321/296 272/319/296 287/330/296
f 265/320/297 280/331/297 281/333/297
f 273/321/298 288/332/298 289/334/298
f 267/307/299 266/305/299 281/333/299
f 275/308/300 274/306/300 289/334/300
f 267/307/301 282/335/301 283/337/301
f 275/308/302 290/336/302 291/338/302
f 269/311/303 268/309/303 283/337/303
f 277/312/304 276/310/304 291/338/304
f 288/332/305 303/355/305 304/339/305
f 282/335/306 281/333/306 296/340/306
f 290/336/307 289/334/307 304/339/307
f 282/335/308 297/341/308 298/343/308
f 290/336/309 305/342/309 306/344/309
f 284/322/310 283/337/310 298/343/310
f 292/327/311 291/338/311 306/344/311
f 285/323/312 284/322/312 299/345/312
f 285/323/315 300/347/315 301/351/315
f 278/325/316 293/349/316 294/352/316
f 286/328/317 301/351/317 302/353/317
f 279/329/318 294/352/318 295/354/318
f 288/332/319 287/330/319 302/353/319
f 280/331/320 295/354/320 296/340/320
f 300/347/322 316/370/322 317/358/322
f 293/349/323 309/372/323 310/359/323
f 301/351/324 317/358/324 318/360/324
f 294/352/325 310/359/325 311/361/325
f 303/355/326 302/353/326 318/360/326
f 295/354/327 311/361/327 312/363/327
f 303/355/328 319/362/328 320/364/328
f 297/341/329 296/340/329 312/363/329
f 305/342/330 304/339/330 320/364/330
f 297/341/331 313/365/331 314/367/331
f 305/342/332 321/366/332 322/368/332
f 299/345/333 298/343/333 314/367/333
f 306/344/334 322/368/334 323/357/334
f 300/347/335 299/345/335 315/369/335
f 321/366/337 320/364/337 335/373/337
f 313/365/338 328/389/338 329/375/338
f 321/366/339 336/374/339 337/376/339
f 315/369/340 314/367/340 329/375/340
f 322/368/341 337/376/341 338/378/341
f 316/370/342 315/369/342 330/377/342
f 316/370/345 331/379/345 332/383/345
f 309/372/346 324/381/346 325/384/346
f 317/358/347 332/383/347 333/385/347
f 310/359/348 325/384/348 326/386/348
f 319/362/349 318/360/349 333/385/349
f 311/361/350 326/386/350 327/388/350
f 319/362/351 334/387/351 335/373/351
f 312/363/352 327/388/352 328/389/352
f 324/381/353 339/404/353 340/390/353
f 332/383/354 347/406/354 348/391/354
f 325/384/355 340/390/355 341/392/355
f 334/387/356 333/385/356 348/391/356
f 326/386/357 341/392/357 342/394/357
f 334/387/358 349/393/358 350/395/358
f 328/389/359 327/388/359 342/394/359
f 336/374/360 335/373/360 350/395/360
f 328/389/361 343/396/361 344/398/361
f 336/374/362 351/397/362 352/399/362
f 330/377/363 329/375/363 344/398/363
f 337/376/364 352/399/364 353/401/364
f 331/379/365 330/377/365 345/400/365
f 331/379/368 346/402/368 347/406/368
f 343/396/369 358/422/369 359/407/369
f 351/397/370 366/423/370 367/408/370
f 345/400/371 344/398/371 359/407/371
f 352/399/372 367/408/372 368/410/372
f 346/402/373 345/400/373 360/409/373
f 346/402/376 361/411/376 362/415/376
f 339/404/377 354/413/377 355/416/377
f 347/406/378 362/415/378 363/417/378
f 341/392/379 340/390/379 355/416/379
f 349/393/380 348/391/380 363/417/380
f 341/392/381 356/418/381 357/420/381
f 349/393/382 364/419/382 365/421/382
f 343/396/383 342/394/383 357/420/383
f 351/397/384 350/395/384 365/421/384
f 362/424/523 377/454/523 378/425/523
f 356/427/386 355/455/386 370/428/386
f 364/430/387 363/426/387 378/425/387
f 356/427/388 371/429/388 372/432/388
f 364/430/524 379/431/524 380/434/524
f 358/436/390 357/433/390 372/432/390
f 366/438/391 365/435/391 380/434/391
f 358/436/392 373/437/392 374/440/392
f 366/438/393 381/439/393 382/442/393
f 360/444/394 359/441/394 374/440/394
f 367/443/395 382/442/395 383/446/395
f 361/448/396 360/444/396 375/445/396
f 361/448/399 376/449/399 377/454/399
f 354/450/400 369/452/400 370/428/400
f 381/439/401 396/472/401 397/456/401
f 375/445/402 374/440/402 389/457/402
f 382/442/403 397/456/403 398/459/403
f 376/449/404 375/445/404 390/458/404
f 376/449/407 391/460/407 392/464/407
f 369/452/408 384/462/408 385/465/408
f 377/454/409 392/464/409 393/466/409
f 371/429/410 370/428/410 385/465/410
f 379/431/411 378/425/411 393/466/411
f 371/429/412 386/467/412 387/469/412
f 379/431/413 394/468/413 395/470/413
f 373/437/414 372/432/414 387/469/414
f 381/439/415 380/434/415 395/470/415
f 373/437/416 388/471/416 389/457/416
f 385/465/417 400/489/417 401/473/417
f 394/468/418 393/466/418 408/474/418
f 386/467/419 401/473/419 402/476/419
f 394/468/420 409/475/420 410/477/420
f 388/471/421 387/469/421 402/476/421
f 396/472/422 395/470/422 410/477/422
f 388/471/423 403/478/423 404/480/423
f 397/456/424 396/472/424 411/479/424
f 390/458/425 389/457/425 404/480/425
f 397/456/426 412/481/426 413/483/426
f 391/460/427 390/458/427 405/482/427
f 391/460/430 406/484/430 407/488/430
f 385/465/431 384/462/431 399/486/431
f 392/464/432 407/488/432 408/474/432
f 405/482/433 404/480/433 419/490/433
f 412/481/434 427/506/434 428/492/434
f 406/484/435 405/482/435 420/491/435
f 406/484/438 421/493/438 422/497/438
f 399/486/439 414/495/439 415/498/439
f 407/488/440 422/497/440 423/499/440
f 401/473/441 400/489/441 415/498/441
f 409/475/442 408/474/442 423/499/442
f 401/473/443 416/500/443 417/502/443
f 409/475/444 424/501/444 425/503/444
f 403/478/445 402/476/445 417/502/445
f 411/479/446 410/477/446 425/503/446
f 403/478/447 418/504/447 419/490/447
f 411/479/448 426/505/448 427/506/448
f 424/501/449 423/499/449 438/507/449
f 416/500/450 431/523/450 432/509/450
f 424/501/451 439/508/451 440/510/451
f 418/504/452 417/502/452 432/509/452
f 426/505/453 425/503/453 440/510/453
f 418/504/454 433/511/454 434/513/454
f 426/505/455 441/512/455 442/514/455
f 420/491/456 419/490/456 434/513/456
f 427/506/457 442/514/457 443/516/457
f 421/493/458 420/491/458 435/515/458
f 421/493/461 436/517/461 437/521/461
f 414/495/462 429/519/462 430/522/462
f 422/497/463 437/521/463 438/507/463
f 416/500/464 415/498/464 430/522/464
f 442/514/465 457/540/465 458/524/465
f 436/517/466 435/515/466 450/525/466
f 436/517/469 451/526/469 452/530/469
f 430/522/470 429/519/470 444/528/470
f 437/521/471 452/530/471 453/532/471
f 430/522/472 445/531/472 446/533/472
f 439/508/473 438/507/473 453/532/473
f 431/523/474 446/533/474 447/535/474
f 439/508/475 454/534/475 455/536/475
f 433/511/476 432/509/476 447/535/476
f 441/512/477 440/510/477 455/536/477
f 433/511/478 448/537/478 449/539/478
f 441/512/479 456/538/479 457/540/479
f 435/515/480 434/513/480 449/539/480
f 454/534/481 469/557/481 470/541/481
f 448/537/482 447/535/482 462/542/482
f 456/538/483 455/536/483 470/541/483
f 448/537/484 463/543/484 464/545/484
f 456/538/485 471/544/485 472/546/485
f 450/525/486 449/539/486 464/545/486
f 458/524/487 457/540/487 472/546/487
f 451/526/488 450/525/488 465/547/488
f 451/526/491 466/549/491 467/553/491
f 444/528/492 459/551/492 460/554/492
f 452/530/493 467/553/493 468/555/493
f 446/533/494 445/531/494 460/554/494
f 454/534/495 453/532/495 468/555/495
f 446/533/496 461/556/496 462/542/496
f 466/549/499 4/3/499 5/11/499
f 460/554/500 459/551/500 474/4/500
f 467/553/501 5/11/501 478/15/501
f 461/556/502 460/554/502 475/12/502
f 468/555/525 478/15/525 6/19/525
f 462/542/504 461/556/504 1/16/504
f 469/557/505 6/19/505 479/23/505
f 463/543/506 462/542/506 476/20/506
f 471/544/507 470/541/507 479/23/507
f 464/545/508 463/543/508 2/24/508
f 471/544/509 480/27/509 481/31/509
f 465/547/510 464/545/510 477/28/510
f 472/546/511 481/31/511 482/8/511
f 466/549/512 465/547/512 3/1/512
f 957/560/526 489/561/526 490/562/526
f 487/563/527 498/564/527 960/565/527
f 483/566/528 490/562/528 491/567/528
f 960/565/529 499/568/529 488/569/529
f 958/570/530 491/567/530 492/571/530
f 488/569/531 500/572/531 961/573/531
f 484/574/532 492/571/532 493/575/532
f 961/573/533 501/576/533 962/577/533
f 959/578/534 493/575/534 494/579/534
f 962/577/535 502/580/535 963/581/535
f 485/582/536 494/579/536 495/583/536
f 963/581/537 503/584/537 964/585/537
f 485/582/538 496/586/538 486/587/538
f 956/588/539 564/589/539 489/561/539
f 790/590/540 964/585/540 503/584/540
f 486/587/541 497/591/541 487/563/541
f 489/561/542 564/592/542 504/593/542
f 790/594/543 503/584/543 518/595/543
f 496/586/544 512/596/544 497/591/544
f 489/561/545 505/597/545 490/562/545
f 497/591/546 513/598/546 498/564/546
f 490/562/547 506/599/547 491/567/547
f 498/564/548 514/600/548 499/568/548
f 491/567/549 507/601/549 492/571/549
f 499/568/550 515/602/550 500/572/550
f 492/571/551 508/603/551 493/575/551
f 501/576/552 515/602/552 516/604/552
f 493/575/553 509/605/553 494/579/553
f 502/580/554 516/604/554 517/606/554
f 495/583/555 509/605/555 510/607/555
f 502/580/556 518/595/556 503/584/556
f 495/583/557 511/608/557 496/586/557
f 507/601/558 523/609/558 508/603/558
f 516/604/559 530/610/559 531/611/559
f 508/603/560 524/612/560 509/605/560
f 516/604/561 532/613/561 517/606/561
f 509/605/562 525/614/562 510/607/562
f 517/606/563 533/615/563 518/595/563
f 510/607/564 526/616/564 511/608/564
f 504/593/565 564/617/565 519/618/565
f 790/619/566 518/595/566 533/615/566
f 512/596/567 526/616/567 527/620/567
f 504/593/568 520/621/568 505/597/568
f 512/596/569 528/622/569 513/598/569
f 505/597/570 521/623/570 506/599/570
f 514/600/571 528/622/571 529/624/571
f 506/599/572 522/625/572 507/601/572
f 515/602/573 529/624/573 530/610/573
f 526/616/574 542/626/574 527/620/574
f 519/618/575 535/627/575 520/621/575
f 527/620/576 543/628/576 528/622/576
f 520/621/577 536/629/577 521/623/577
f 529/624/578 543/628/578 544/630/578
f 521/623/579 537/631/579 522/625/579
f 529/624/580 545/632/580 530/610/580
f 522/625/581 538/633/581 523/609/581
f 530/610/582 546/634/582 531/611/582
f 523/609/583 539/635/583 524/612/583
f 531/611/584 547/636/584 532/613/584
f 525/614/585 539/635/585 540/637/585
f 532/613/586 548/638/586 533/615/586
f 526/616/587 540/637/587 541/639/587
f 519/618/588 564/640/588 534/641/588
f 790/642/589 533/615/589 548/638/589
f 545/632/590 561/643/590 546/634/590
f 538/633/591 554/644/591 539/635/591
f 547/636/592 561/643/592 562/645/592
f 540/637/593 554/644/593 555/646/593
f 547/636/594 563/647/594 548/638/594
f 541/639/595 555/646/595 556/648/595
f 534/641/596 564/649/596 549/650/596
f 790/651/597 548/638/597 563/647/597
f 541/639/598 557/652/598 542/626/598
f 534/641/599 550/653/599 535/627/599
f 542/626/600 558/654/600 543/628/600
f 535/627/601 551/655/601 536/629/601
f 544/630/602 558/654/602 559/656/602
f 536/629/603 552/657/603 537/631/603
f 544/630/604 560/658/604 545/632/604
f 538/633/605 552/657/605 553/659/605
f 549/650/606 566/660/606 550/653/606
f 557/652/607 574/661/607 558/654/607
f 550/653/608 567/662/608 551/655/608
f 559/656/609 574/661/609 575/663/609
f 551/655/610 568/664/610 552/657/610
f 559/656/611 576/665/611 560/658/611
f 553/659/612 568/664/612 569/666/612
f 560/658/613 577/667/613 561/643/613
f 553/659/614 570/668/614 554/644/614
f 561/643/615 578/669/615 562/645/615
f 555/646/616 570/668/616 571/670/616
f 563/647/617 578/669/617 579/671/617
f 556/648/618 571/670/618 572/672/618
f 549/650/619 564/673/619 565/674/619
f 790/675/620 563/647/620 579/671/620
f 556/648/621 573/676/621 557/652/621
f 569/666/622 585/677/622 570/668/622
f 578/669/623 592/678/623 593/679/623
f 571/670/624 585/677/624 586/680/624
f 578/669/625 594/681/625 579/671/625
f 572/672/626 586/680/626 587/682/626
f 565/674/627 564/683/627 580/684/627
f 790/685/628 579/671/628 594/681/628
f 572/672/629 588/686/629 573/676/629
f 566/660/630 580/684/630 581/687/630
f 573/676/631 589/688/631 574/661/631
f 566/660/632 582/689/632 567/662/632
f 575/663/633 589/688/633 590/690/633
f 567/662/634 583/691/634 568/664/634
f 575/663/635 591/692/635 576/665/635
f 569/666/636 583/691/636 584/693/636
f 577/667/637 591/692/637 592/678/637
f 588/686/638 604/694/638 589/688/638
f 581/687/639 597/695/639 582/689/639
f 590/690/640 604/694/640 605/696/640
f 582/689/641 598/697/641 583/691/641
f 590/690/642 606/698/642 591/692/642
f 584/693/643 598/697/643 599/699/643
f 592/678/644 606/698/644 607/700/644
f 584/693/645 600/701/645 585/677/645
f 592/678/646 608/702/646 593/679/646
f 586/680/647 600/701/647 601/703/647
f 593/679/648 609/704/648 594/681/648
f 587/682/649 601/703/649 602/705/649
f 580/684/650 564/706/650 595/707/650
f 790/708/651 594/681/651 609/704/651
f 587/682/652 603/709/652 588/686/652
f 581/687/653 595/707/653 596/710/653
f 607/700/654 623/711/654 608/702/654
f 601/703/655 615/712/655 616/713/655
f 608/702/656 624/714/656 609/704/656
f 602/705/657 616/713/657 617/715/657
f 595/707/658 564/716/658 610/717/658
f 790/718/659 609/704/659 624/714/659
f 602/705/660 618/719/660 603/709/660
f 595/707/661 611/720/661 596/710/661
f 603/709/662 619/721/662 604/694/662
f 596/710/663 612/722/663 597/695/663
f 605/696/664 619/721/664 620/723/664
f 597/695/665 613/724/665 598/697/665
f 605/696/666 621/725/666 606/698/666
f 599/699/667 613/724/667 614/726/667
f 607/700/668 621/725/668 622/727/668
f 599/699/669 615/712/669 600/701/669
f 620/723/670 634/728/670 635/729/670
f 612/722/671 628/730/671 613/724/671
f 620/723/672 636/731/672 621/725/672
f 614/726/673 628/730/673 629/732/673
f 622/727/674 636/731/674 637/733/674
f 614/726/675 630/734/675 615/712/675
f 622/727/676 638/735/676 623/711/676
f 616/713/677 630/734/677 631/736/677
f 624/714/678 638/735/678 639/737/678
f 617/715/679 631/736/679 632/738/679
f 610/717/680 564/739/680 625/740/680
f 790/741/681 624/714/681 639/737/681
f 617/715/682 633/742/682 618/719/682
f 610/717/683 626/743/683 611/720/683
f 618/719/684 634/728/684 619/721/684
f 612/722/685 626/743/685 627/744/685
f 638/735/686 654/745/686 639/737/686
f 632/738/687 646/746/687 647/747/687
f 625/740/688 564/748/688 640/749/688
f 790/750/689 639/737/689 654/745/689
f 632/738/690 648/751/690 633/742/690
f 625/740/691 641/752/691 626/743/691
f 633/742/692 649/753/692 634/728/692
f 627/744/693 641/752/693 642/754/693
f 635/729/694 649/753/694 650/755/694
f 627/744/695 643/756/695 628/730/695
f 635/729/696 651/757/696 636/731/696
f 629/732/697 643/756/697 644/758/697
f 637/733/698 651/757/698 652/759/698
f 629/732/699 645/760/699 630/734/699
f 637/733/700 653/761/700 638/735/700
f 631/736/701 645/760/701 646/746/701
f 642/754/702 658/762/702 643/756/702
f 650/755/703 666/763/703 651/757/703
f 644/758/704 658/762/704 659/764/704
f 651/757/705 667/765/705 652/759/705
f 644/758/706 660/766/706 645/760/706
f 653/761/707 667/765/707 668/767/707
f 646/746/708 660/766/708 661/768/708
f 654/745/709 668/767/709 669/769/709
f 647/747/710 661/768/710 662/770/710
f 640/749/711 564/771/711 655/772/711
f 790/773/712 654/745/712 669/769/712
f 647/747/713 663/774/713 648/751/713
f 640/749/714 656/775/714 641/752/714
f 648/751/715 664/776/715 649/753/715
f 641/752/716 657/777/716 642/754/716
f 650/755/717 664/776/717 665/778/717
f 662/770/718 676/779/718 677/780/718
f 655/772/719 564/781/719 670/782/719
f 790/783/720 669/769/720 684/784/720
f 662/770/721 678/785/721 663/774/721
f 656/775/722 670/782/722 671/786/722
f 663/774/723 679/787/723 664/776/723
f 657/777/724 671/786/724 672/788/724
f 665/778/725 679/787/725 680/789/725
f 657/777/726 673/790/726 658/762/726
f 665/778/727 681/791/727 666/763/727
f 659/764/728 673/790/728 674/792/728
f 667/765/729 681/791/729 682/793/729
f 659/764/730 675/794/730 660/766/730
f 667/765/731 683/795/731 668/767/731
f 661/768/732 675/794/732 676/779/732
f 668/767/733 684/784/733 669/769/733
f 680/789/734 696/796/734 681/791/734
f 674/792/735 688/797/735 689/798/735
f 682/793/736 696/796/736 697/799/736
f 674/792/737 690/800/737 675/794/737
f 682/793/738 698/801/738 683/795/738
f 676/779/739 690/800/739 691/802/739
f 683/795/740 699/803/740 684/784/740
f 677/780/741 691/802/741 692/804/741
f 670/782/742 564/805/742 685/806/742
f 790/807/743 684/784/743 699/803/743
f 677/780/744 693/808/744 678/785/744
f 670/782/745 686/809/745 671/786/745
f 678/785/746 694/810/746 679/787/746
f 671/786/747 687/811/747 672/788/747
f 680/789/748 694/810/748 695/812/748
f 672/788/749 688/797/749 673/790/749
f 685/806/750 564/813/750 700/814/750
f 790/815/751 699/803/751 714/816/751
f 692/804/752 708/817/752 693/808/752
f 685/806/753 701/818/753 686/809/753
f 693/808/754 709/819/754 694/810/754
f 686/809/755 702/820/755 687/811/755
f 695/812/756 709/819/756 710/821/756
f 687/811/757 703/822/757 688/797/757
f 695/812/758 711/823/758 696/796/758
f 689/798/759 703/822/759 704/824/759
f 697/799/760 711/823/760 712/825/760
f 689/798/761 705/826/761 690/800/761
f 697/799/762 713/827/762 698/801/762
f 691/802/763 705/826/763 706/828/763
f 698/801/764 714/816/764 699/803/764
f 692/804/765 706/828/765 707/829/765
f 704/824/766 718/830/766 719/831/766
f 712/825/767 726/832/767 727/833/767
f 704/824/768 720/834/768 705/826/768
f 712/825/769 728/835/769 713/827/769
f 706/828/770 720/834/770 721/836/770
f 714/816/771 728/835/771 729/837/771
f 707/829/772 721/836/772 722/838/772
f 700/814/773 564/839/773 715/840/773
f 790/841/774 714/816/774 729/837/774
f 707/829/775 723/842/775 708/817/775
f 700/814/776 716/843/776 701/818/776
f 708/817/777 724/844/777 709/819/777
f 702/820/778 716/843/778 717/845/778
f 710/821/779 724/844/779 725/846/779
f 702/820/780 718/830/780 703/822/780
f 710/821/781 726/832/781 711/823/781
f 722/838/782 738/847/782 723/842/782
f 715/840/783 731/848/783 716/843/783
f 723/842/784 739/849/784 724/844/784
f 716/843/785 732/850/785 717/845/785
f 725/846/786 739/849/786 740/851/786
f 717/845/787 733/852/787 718/830/787
f 725/846/788 741/853/788 726/832/788
f 719/831/789 733/852/789 734/854/789
f 727/833/790 741/853/790 742/855/790
f 719/831/791 735/856/791 720/834/791
f 727/833/792 743/857/792 728/835/792
f 721/836/793 735/856/793 736/858/793
f 728/835/794 744/859/794 729/837/794
f 722/838/795 736/858/795 737/860/795
f 715/840/796 564/861/796 730/862/796
f 790/863/797 729/837/797 744/859/797
f 742/855/798 756/864/798 757/865/798
f 734/854/799 750/866/799 735/856/799
f 742/855/800 758/867/800 743/857/800
f 736/858/801 750/866/801 751/868/801
f 743/857/802 759/869/802 744/859/802
f 737/860/803 751/868/803 752/870/803
f 730/862/804 564/871/804 745/872/804
f 790/873/805 744/859/805 759/869/805
f 737/860/806 753/874/806 738/847/806
f 731/848/807 745/872/807 746/875/807
f 738/847/808 754/876/808 739/849/808
f 731/848/809 747/877/809 732/850/809
f 740/851/810 754/876/810 755/878/810
f 732/850/811 748/879/811 733/852/811
f 740/851/812 756/864/812 741/853/812
f 734/854/813 748/879/813 749/880/813
f 753/874/814 769/881/814 754/876/814
f 746/875/815 762/882/815 747/877/815
f 755/878/816 769/881/816 770/883/816
f 747/877/817 763/884/817 748/879/817
f 755/878/818 771/885/818 756/864/818
f 749/880/819 763/884/819 764/886/819
f 757/865/820 771/885/820 772/887/820
f 749/880/821 765/888/821 750/866/821
f 757/865/822 773/889/822 758/867/822
f 751/868/823 765/888/823 766/890/823
f 759/869/824 773/889/824 774/891/824
f 752/870/825 766/890/825 767/892/825
f 745/872/826 564/893/826 760/894/826
f 790/895/827 759/869/827 774/891/827
f 752/870/828 768/896/828 753/874/828
f 746/875/829 760/894/829 761/897/829
f 772/887/830 788/898/830 773/889/830
f 766/890/831 780/899/831 781/900/831
f 774/891/832 788/898/832 789/901/832
f 767/892/833 781/900/833 782/902/833
f 760/894/834 564/903/834 775/904/834
f 790/905/835 774/891/835 789/901/835
f 767/892/836 783/906/836 768/896/836
f 760/894/837 776/907/837 761/897/837
f 768/896/838 784/908/838 769/881/838
f 761/897/839 777/909/839 762/882/839
f 770/883/840 784/908/840 785/910/840
f 762/882/841 778/911/841 763/884/841
f 770/883/842 786/912/842 771/885/842
f 764/886/843 778/911/843 779/913/843
f 772/887/844 786/912/844 787/914/844
f 764/886/845 780/899/845 765/888/845
f 776/907/846 793/915/846 777/909/846
f 785/910/847 800/916/847 801/917/847
f 777/909/848 794/918/848 778/911/848
f 785/910/849 802/919/849 786/912/849
f 779/913/850 794/918/850 795/920/850
f 787/914/851 802/919/851 803/921/851
f 779/913/852 796/922/852 780/899/852
f 787/914/853 804/923/853 788/898/853
f 781/900/854 796/922/854 797/924/854
f 788/898/855 805/925/855 789/901/855
f 782/902/856 797/924/856 798/926/856
f 775/904/857 564/927/857 791/928/857
f 790/929/858 789/901/858 805/925/858
f 782/902/859 799/930/859 783/906/859
f 775/904/860 792/931/860 776/907/860
f 783/906/861 800/916/861 784/908/861
f 797/924/862 811/932/862 812/933/862
f 804/923/863 820/934/863 805/925/863
f 798/926/864 812/933/864 813/935/864
f 791/928/865 564/936/865 806/937/865
f 790/938/866 805/925/866 820/934/866
f 798/926/867 814/939/867 799/930/867
f 791/928/868 807/940/868 792/931/868
f 799/930/869 815/941/869 800/916/869
f 792/931/870 808/942/870 793/915/870
f 801/917/871 815/941/871 816/943/871
f 793/915/872 809/944/872 794/918/872
f 801/917/873 817/945/873 802/919/873
f 794/918/874 810/946/874 795/920/874
f 803/921/875 817/945/875 818/947/875
f 795/920/876 811/932/876 796/922/876
f 803/921/877 819/948/877 804/923/877
f 816/943/878 830/949/878 831/950/878
f 808/942/879 824/951/879 809/944/879
f 816/943/880 832/952/880 817/945/880
f 810/946/881 824/951/881 825/953/881
f 818/947/882 832/952/882 833/954/882
f 810/946/883 826/955/883 811/932/883
f 818/947/884 834/956/884 819/948/884
f 812/933/885 826/955/885 827/957/885
f 819/948/886 835/958/886 820/934/886
f 813/935/887 827/957/887 828/959/887
f 806/937/888 564/960/888 821/961/888
f 790/962/889 820/934/889 835/958/889
f 813/935/890 829/963/890 814/939/890
f 806/937/891 822/964/891 807/940/891
f 814/939/892 830/949/892 815/941/892
f 807/940/893 823/965/893 808/942/893
f 834/956/894 850/966/894 835/958/894
f 828/959/895 842/967/895 843/968/895
f 821/961/896 564/969/896 836/970/896
f 790/971/897 835/958/897 850/966/897
f 828/959/898 844/972/898 829/963/898
f 821/961/899 837/973/899 822/964/899
f 829/963/900 845/974/900 830/949/900
f 823/965/901 837/973/901 838/975/901
f 831/950/902 845/974/902 846/976/902
f 823/965/903 839/977/903 824/951/903
f 831/950/904 847/978/904 832/952/904
f 825/953/905 839/977/905 840/979/905
f 833/954/906 847/978/906 848/980/906
f 825/953/907 841/981/907 826/955/907
f 833/954/908 849/982/908 834/956/908
f 827/957/909 841/981/909 842/967/909
f 838/983/910 854/984/910 839/985/910
f 846/986/911 862/987/911 847/988/911
f 840/989/912 854/984/912 855/990/912
f 848/991/913 862/987/913 863/992/913
f 840/989/914 856/993/914 841/994/914
f 848/991/915 864/995/915 849/996/915
f 842/997/916 856/993/916 857/998/916
f 849/996/917 865/999/917 850/1000/917
f 843/1001/918 857/998/918 858/1002/918
f 836/1003/919 564/1004/919 851/1005/919
f 790/1006/920 850/1000/920 865/999/920
f 843/1001/921 859/1007/921 844/1008/921
f 836/1003/922 852/1009/922 837/1010/922
f 844/1008/923 860/1011/923 845/1012/923
f 838/983/924 852/1009/924 853/1013/924
f 846/986/925 860/1011/925 861/1014/925
f 858/1002/926 872/1015/926 873/1016/926
f 851/1005/927 564/1017/927 866/1018/927
f 790/1019/928 865/999/928 880/1020/928
f 858/1002/929 874/1021/929 859/1007/929
f 851/1005/930 867/1022/930 852/1009/930
f 859/1007/931 875/1023/931 860/1011/931
f 853/1013/932 867/1022/932 868/1024/932
f 861/1014/933 875/1023/933 876/1025/933
f 853/1013/934 869/1026/934 854/984/934
f 861/1014/935 877/1027/935 862/987/935
f 855/990/936 869/1026/936 870/1028/936
f 863/992/937 877/1027/937 878/1029/937
f 855/990/938 871/1030/938 856/993/938
f 863/992/939 879/1031/939 864/995/939
f 857/998/940 871/1030/940 872/1015/940
f 864/995/941 880/1020/941 865/999/941
f 876/1025/942 892/1032/942 877/1027/942
f 870/1028/943 884/1033/943 885/1034/943
f 878/1029/944 892/1032/944 893/1035/944
f 870/1028/945 886/1036/945 871/1030/945
f 879/1031/946 893/1035/946 894/1037/946
f 872/1015/947 886/1036/947 887/1038/947
f 879/1031/948 895/1039/948 880/1020/948
f 873/1016/949 887/1038/949 888/1040/949
f 866/1018/950 564/1041/950 881/1042/950
f 790/1043/951 880/1020/951 895/1039/951
f 873/1016/952 889/1044/952 874/1021/952
f 867/1022/953 881/1042/953 882/1045/953
f 874/1021/954 890/1046/954 875/1023/954
f 867/1022/955 883/1047/955 868/1024/955
f 876/1025/956 890/1046/956 891/1048/956
f 868/1024/957 884/1033/957 869/1026/957
f 790/1049/958 895/1039/958 910/1050/958
f 888/1040/959 904/1051/959 889/1044/959
f 881/1042/960 897/1052/960 882/1045/960
f 889/1044/961 905/1053/961 890/1046/961
f 883/1047/962 897/1052/962 898/1054/962
f 891/1048/963 905/1053/963 906/1055/963
f 883/1047/964 899/1056/964 884/1033/964
f 891/1048/965 907/1057/965 892/1032/965
f 885/1034/966 899/1056/966 900/1058/966
f 893/1035/967 907/1057/967 908/1059/967
f 885/1034/968 901/1060/968 886/1036/968
f 893/1035/969 909/1061/969 894/1037/969
f 887/1038/970 901/1060/970 902/1062/970
f 894/1037/971 910/1050/971 895/1039/971
f 888/1040/972 902/1062/972 903/1063/972
f 881/1042/973 564/1064/973 896/1065/973
f 908/1059/974 922/1066/974 923/1067/974
f 900/1058/975 916/1068/975 901/1060/975
f 908/1059/976 924/1069/976 909/1061/976
f 902/1062/977 916/1068/977 917/1070/977
f 909/1061/978 925/1071/978 910/1050/978
f 903/1063/979 917/1070/979 918/1072/979
f 896/1065/980 564/1073/980 911/1074/980
f 790/1075/981 910/1050/981 925/1071/981
f 903/1063/982 919/1076/982 904/1051/982
f 896/1065/983 912/1077/983 897/1052/983
f 904/1051/984 920/1078/984 905/1053/984
f 898/1054/985 912/1077/985 913/1079/985
f 906/1055/986 920/1078/986 921/1080/986
f 898/1054/987 914/1081/987 899/1056/987
f 906/1055/988 922/1066/988 907/1057/988
f 900/1058/989 914/1081/989 915/1082/989
f 912/1077/990 926/1083/990 927/1084/990
f 919/1076/991 935/1085/991 920/1078/991
f 912/1077/992 928/1086/992 913/1079/992
f 921/1080/993 935/1085/993 936/1087/993
f 913/1079/994 929/1088/994 914/1081/994
f 921/1080/995 937/1089/995 922/1066/995
f 915/1082/996 929/1088/996 930/1090/996
f 923/1067/997 937/1089/997 938/1091/997
f 915/1082/998 931/1092/998 916/1068/998
f 923/1067/999 939/1093/999 924/1069/999
f 917/1070/1000 931/1092/1000 932/1094/1000
f 924/1069/1001 940/1095/1001 925/1071/1001
f 918/1072/1002 932/1094/1002 933/1096/1002
f 911/1074/1003 564/1097/1003 926/1083/1003
f 790/1098/1004 925/1071/1004 940/1095/1004
f 918/1072/1005 934/1099/1005 919/1076/1005
f 930/1090/1006 946/1100/1006 931/1092/1006
f 938/1091/1007 954/1101/1007 939/1093/1007
f 932/1094/1008 946/1100/1008 947/1102/1008
f 940/1095/1009 954/1101/1009 955/1103/1009
f 933/1096/1010 947/1102/1010 948/1104/1010
f 926/1083/1011 564/1105/1011 941/1106/1011
f 790/1107/1012 940/1095/1012 955/1103/1012
f 933/1096/1013 949/1108/1013 934/1099/1013
f 926/1083/1014 942/1109/1014 927/1084/1014
f 934/1099/1015 950/1110/1015 935/1085/1015
f 928/1086/1016 942/1109/1016 943/1111/1016
f 936/1087/1017 950/1110/1017 951/1112/1017
f 928/1086/1018 944/1113/1018 929/1088/1018
f 936/1087/1019 952/1114/1019 937/1089/1019
f 930/1090/1020 944/1113/1020 945/1115/1020
f 938/1091/1021 952/1114/1021 953/1116/1021
f 949/1108/1022 960/565/1022 950/1110/1022
f 943/1111/1023 957/560/1023 483/566/1023
f 950/1110/1024 488/569/1024 951/1112/1024
f 944/1113/1025 483/566/1025 958/570/1025
f 951/1112/1026 961/573/1026 952/1114/1026
f 945/1115/1027 958/570/1027 484/574/1027
f 953/1116/1028 961/573/1028 962/577/1028
f 946/1100/1029 484/574/1029 959/578/1029
f 953/1116/1030 963/581/1030 954/1101/1030
f 947/1102/1031 959/578/1031 485/582/1031
f 954/1101/1032 964/585/1032 955/1103/1032
f 948/1104/1033 485/582/1033 486/587/1033
f 941/1106/1034 564/1117/1034 956/588/1034
f 790/1118/1035 955/1103/1035 964/585/1035
f 948/1104/1036 487/563/1036 949/1108/1036
f 942/1109/1037 956/588/1037 957/560/1037
f 957/560/526 956/588/526 489/561/526
f 487/563/527 497/591/527 498/564/527
f 483/566/528 957/560/528 490/562/528
f 960/565/529 498/564/529 499/568/529
f 958/570/530 483/566/530 491/567/530
f 488/569/531 499/568/531 500/572/531
f 484/574/532 958/570/532 492/571/532
f 961/573/533 500/572/533 501/576/533
f 959/578/534 484/574/534 493/575/534
f 962/577/535 501/576/535 502/580/535
f 485/582/536 959/578/536 494/579/536
f 963/581/1038 502/580/1038 503/584/1038
f 485/582/538 495/583/538 496/586/538
f 486/587/541 496/586/541 497/591/541
f 496/586/544 511/608/544 512/596/544
f 489/561/545 504/593/545 505/597/545
f 497/591/546 512/596/546 513/598/546
f 490/562/547 505/597/547 506/599/547
f 498/564/548 513/598/548 514/600/548
f 491/567/549 506/599/549 507/601/549
f 499/568/550 514/600/550 515/602/550
f 492/571/551 507/601/551 508/603/551
f 501/576/552 500/572/552 515/602/552
f 493/575/553 508/603/553 509/605/553
f 502/580/554 501/576/554 516/604/554
f 495/583/555 494/579/555 509/605/555
f 502/580/556 517/606/556 518/595/556
f 495/583/557 510/607/557 511/608/557
f 507/601/558 522/625/558 523/609/558
f 516/604/559 515/602/559 530/610/559
f 508/603/560 523/609/560 524/612/560
f 516/604/561 531/611/561 532/613/561
f 509/605/562 524/612/562 525/614/562
f 517/606/563 532/613/563 533/615/563
f 510/607/564 525/614/564 526/616/564
f 512/596/567 511/608/567 526/616/567
f 504/593/568 519/618/568 520/621/568
f 512/596/569 527/620/569 528/622/569
f 505/597/570 520/621/570 521/623/570
f 514/600/571 513/598/571 528/622/571
f 506/599/572 521/623/572 522/625/572
f 515/602/573 514/600/573 529/624/573
f 526/616/574 541/639/574 542/626/574
f 519/618/575 534/641/575 535/627/575
f 527/620/576 542/626/576 543/628/576
f 520/621/577 535/627/577 536/629/577
f 529/624/578 528/622/578 543/628/578
f 521/623/579 536/629/579 537/631/579
f 529/624/580 544/630/580 545/632/580
f 522/625/581 537/631/581 538/633/581
f 530/610/582 545/632/582 546/634/582
f 523/609/583 538/633/583 539/635/583
f 531/611/584 546/634/584 547/636/584
f 525/614/585 524/612/585 539/635/585
f 532/613/586 547/636/586 548/638/586
f 526/616/587 525/614/587 540/637/587
f 545/632/590 560/658/590 561/643/590
f 538/633/1039 553/659/1039 554/644/1039
f 547/636/592 546/634/592 561/643/592
f 540/637/1040 539/635/1040 554/644/1040
f 547/636/594 562/645/594 563/647/594
f 541/639/595 540/637/595 555/646/595
f 541/639/598 556/648/598 557/652/598
f 534/641/599 549/650/599 550/653/599
f 542/626/1041 557/652/1041 558/654/1041
f 535/627/601 550/653/601 551/655/601
f 544/630/1042 543/628/1042 558/654/1042
f 536/629/603 551/655/603 552/657/603
f 544/630/604 559/656/604 560/658/604
f 538/633/605 537/631/605 552/657/605
f 549/650/606 565/674/606 566/660/606
f 557/652/1043 573/676/1043 574/661/1043
f 550/653/608 566/660/608 567/662/608
f 559/656/1044 558/654/1044 574/661/1044
f 551/655/610 567/662/610 568/664/610
f 559/656/611 575/663/611 576/665/611
f 553/659/612 552/657/612 568/664/612
f 560/658/613 576/665/613 577/667/613
f 553/659/614 569/666/614 570/668/614
f 561/643/615 577/667/615 578/669/615
f 555/646/616 554/644/616 570/668/616
f 563/647/617 562/645/617 578/669/617
f 556/648/618 555/646/618 571/670/618
f 556/648/621 572/672/621 573/676/621
f 569/666/622 584/693/622 585/677/622
f 578/669/623 577/667/623 592/678/623
f 571/670/624 570/668/624 585/677/624
f 578/669/625 593/679/625 594/681/625
f 572/672/626 571/670/626 586/680/626
f 572/672/629 587/682/629 588/686/629
f 566/660/630 565/674/630 580/684/630
f 573/676/631 588/686/631 589/688/631
f 566/660/632 581/687/632 582/689/632
f 575/663/633 574/661/633 589/688/633
f 567/662/634 582/689/634 583/691/634
f 575/663/635 590/690/635 591/692/635
f 569/666/636 568/664/636 583/691/636
f 577/667/637 576/665/637 591/692/637
f 588/686/638 603/709/638 604/694/638
f 581/687/639 596/710/639 597/695/639
f 590/690/1045 589/688/1045 604/694/1045
f 582/689/641 597/695/641 598/697/641
f 590/690/642 605/696/642 606/698/642
f 584/693/643 583/691/643 598/697/643
f 592/678/644 591/692/644 606/698/644
f 584/693/645 599/699/645 600/701/645
f 592/678/646 607/700/646 608/702/646
f 586/680/647 585/677/647 600/701/647
f 593/679/648 608/702/648 609/704/648
f 587/682/649 586/680/649 601/703/649
f 587/682/652 602/705/652 603/709/652
f 581/687/653 580/684/653 595/707/653
f 607/700/654 622/727/654 623/711/654
f 601/703/655 600/701/655 615/712/655
f 608/702/656 623/711/656 624/714/656
f 602/705/657 601/703/657 616/713/657
f 602/705/660 617/715/660 618/719/660
f 595/707/661 610/717/661 611/720/661
f 603/709/662 618/719/662 619/721/662
f 596/710/663 611/720/663 612/722/663
f 605/696/1046 604/694/1046 619/721/1046
f 597/695/665 612/722/665 613/724/665
f 605/696/666 620/723/666 621/725/666
f 599/699/667 598/697/667 613/724/667
f 607/700/668 606/698/668 621/725/668
f 599/699/669 614/726/669 615/712/669
f 620/723/670 619/721/670 634/728/670
f 612/722/671 627/744/671 628/730/671
f 620/723/672 635/729/672 636/731/672
f 614/726/673 613/724/673 628/730/673
f 622/727/674 621/725/674 636/731/674
f 614/726/675 629/732/675 630/734/675
f 622/727/676 637/733/676 638/735/676
f 616/713/677 615/712/677 630/734/677
f 624/714/678 623/711/678 638/735/678
f 617/715/679 616/713/679 631/736/679
f 617/715/682 632/738/682 633/742/682
f 610/717/683 625/740/683 626/743/683
f 618/719/684 633/742/684 634/728/684
f 612/722/685 611/720/685 626/743/685
f 638/735/686 653/761/686 654/745/686
f 632/738/687 631/736/687 646/746/687
f 632/738/690 647/747/690 648/751/690
f 625/740/691 640/749/691 641/752/691
f 633/742/692 648/751/692 649/753/692
f 627/744/693 626/743/693 641/752/693
f 635/729/694 634/728/694 649/753/694
f 627/744/695 642/754/695 643/756/695
f 635/729/696 650/755/696 651/757/696
f 629/732/697 628/730/697 643/756/697
f 637/733/698 636/731/698 651/757/698
f 629/732/699 644/758/699 645/760/699
f 637/733/700 652/759/700 653/761/700
f 631/736/701 630/734/701 645/760/701
f 642/754/702 657/777/702 658/762/702
f 650/755/703 665/778/703 666/763/703
f 644/758/704 643/756/704 658/762/704
f 651/757/705 666/763/705 667/765/705
f 644/758/706 659/764/706 660/766/706
f 653/761/707 652/759/707 667/765/707
f 646/746/708 645/760/708 660/766/708
f 654/745/709 653/761/709 668/767/709
f 647/747/710 646/746/710 661/768/710
f 647/747/713 662/770/713 663/774/713
f 640/749/714 655/772/714 656/775/714
f 648/751/715 663/774/715 664/776/715
f 641/752/716 656/775/716 657/777/716
f 650/755/717 649/753/717 664/776/717
f 662/770/718 661/768/718 676/779/718
f 662/770/721 677/780/721 678/785/721
f 656/775/1047 655/772/1047 670/782/1047
f 663/774/1048 678/785/1048 679/787/1048
f 657/777/724 656/775/724 671/786/724
f 665/778/725 664/776/725 679/787/725
f 657/777/1049 672/788/1049 673/790/1049
f 665/778/727 680/789/727 681/791/727
f 659/764/728 658/762/728 673/790/728
f 667/765/729 666/763/729 681/791/729
f 659/764/730 674/792/730 675/794/730
f 667/765/731 682/793/731 683/795/731
f 661/768/732 660/766/732 675/794/732
f 668/767/733 683/795/733 684/784/733
f 680/789/734 695/812/734 696/796/734
f 674/792/735 673/790/735 688/797/735
f 682/793/736 681/791/736 696/796/736
f 674/792/737 689/798/737 690/800/737
f 682/793/738 697/799/738 698/801/738
f 676/779/739 675/794/739 690/800/739
f 683/795/740 698/801/740 699/803/740
f 677/780/741 676/779/741 691/802/741
f 677/780/744 692/804/744 693/808/744
f 670/782/745 685/806/745 686/809/745
f 678/785/746 693/808/746 694/810/746
f 671/786/747 686/809/747 687/811/747
f 680/789/748 679/787/748 694/810/748
f 672/788/749 687/811/749 688/797/749
f 692/804/752 707/829/752 708/817/752
f 685/806/753 700/814/753 701/818/753
f 693/808/754 708/817/754 709/819/754
f 686/809/755 701/818/755 702/820/755
f 695/812/756 694/810/756 709/819/756
f 687/811/757 702/820/757 703/822/757
f 695/812/1050 710/821/1050 711/823/1050
f 689/798/1051 688/797/1051 703/822/1051
f 697/799/760 696/796/760 711/823/760
f 689/798/761 704/824/761 705/826/761
f 697/799/762 712/825/762 713/827/762
f 691/802/763 690/800/763 705/826/763
f 698/801/764 713/827/764 714/816/764
f 692/804/765 691/802/765 706/828/765
f 704/824/766 703/822/766 718/830/766
f 712/825/767 711/823/767 726/832/767
f 704/824/768 719/831/768 720/834/768
f 712/825/769 727/833/769 728/835/769
f 706/828/770 705/826/770 720/834/770
f 714/816/771 713/827/771 728/835/771
f 707/829/772 706/828/772 721/836/772
f 707/829/775 722/838/775 723/842/775
f 700/814/776 715/840/776 716/843/776
f 708/817/777 723/842/777 724/844/777
f 702/820/778 701/818/778 716/843/778
f 710/821/779 709/819/779 724/844/779
f 702/820/780 717/845/780 718/830/780
f 710/821/781 725/846/781 726/832/781
f 722/838/782 737/860/782 738/847/782
f 715/840/783 730/862/783 731/848/783
f 723/842/784 738/847/784 739/849/784
f 716/843/785 731/848/785 732/850/785
f 725/846/786 724/844/786 739/849/786
f 717/845/787 732/850/787 733/852/787
f 725/846/788 740/851/788 741/853/788
f 719/831/789 718/830/789 733/852/789
f 727/833/790 726/832/790 741/853/790
f 719/831/791 734/854/791 735/856/791
f 727/833/792 742/855/792 743/857/792
f 721/836/793 720/834/793 735/856/793
f 728/835/794 743/857/794 744/859/794
f 722/838/795 721/836/795 736/858/795
f 742/855/798 741/853/798 756/864/798
f 734/854/799 749/880/799 750/866/799
f 742/855/800 757/865/800 758/867/800
f 736/858/801 735/856/801 750/866/801
f 743/857/802 758/867/802 759/869/802
f 737/860/803 736/858/803 751/868/803
f 737/860/806 752/870/806 753/874/806
f 731/848/807 730/862/807 745/872/807
f 738/847/808 753/874/808 754/876/808
f 731/848/809 746/875/809 747/877/809
f 740/851/810 739/849/810 754/876/810
f 732/850/811 747/877/811 748/879/811
f 740/851/812 755/878/812 756/864/812
f 734/854/813 733/852/813 748/879/813
f 753/874/814 768/896/814 769/881/814
f 746/875/815 761/897/815 762/882/815
f 755/878/816 754/876/816 769/881/816
f 747/877/817 762/882/817 763/884/817
f 755/878/818 770/883/818 771/885/818
f 749/880/819 748/879/819 763/884/819
f 757/865/820 756/864/820 771/885/820
f 749/880/821 764/886/821 765/888/821
f 757/865/822 772/887/822 773/889/822
f 751/868/823 750/866/823 765/888/823
f 759/869/824 758/867/824 773/889/824
f 752/870/825 751/868/825 766/890/825
f 752/870/828 767/892/828 768/896/828
f 746/875/829 745/872/829 760/894/829
f 772/887/830 787/914/830 788/898/830
f 766/890/1052 765/888/1052 780/899/1052
f 774/891/832 773/889/832 788/898/832
f 767/892/833 766/890/833 781/900/833
f 767/892/836 782/902/836 783/906/836
f 760/894/837 775/904/837 776/907/837
f 768/896/838 783/906/838 784/908/838
f 761/897/839 776/907/839 777/909/839
f 770/883/840 769/881/840 784/908/840
f 762/882/841 777/909/841 778/911/841
f 770/883/842 785/910/842 786/912/842
f 764/886/843 763/884/843 778/911/843
f 772/887/844 771/885/844 786/912/844
f 764/886/845 779/913/845 780/899/845
f 776/907/846 792/931/846 793/915/846
f 785/910/847 784/908/847 800/916/847
f 777/909/848 793/915/848 794/918/848
f 785/910/849 801/917/849 802/919/849
f 779/913/850 778/911/850 794/918/850
f 787/914/851 786/912/851 802/919/851
f 779/913/852 795/920/852 796/922/852
f 787/914/853 803/921/853 804/923/853
f 781/900/854 780/899/854 796/922/854
f 788/898/855 804/923/855 805/925/855
f 782/902/856 781/900/856 797/924/856
f 782/902/859 798/926/859 799/930/859
f 775/904/860 791/928/860 792/931/860
f 783/906/861 799/930/861 800/916/861
f 797/924/1053 796/922/1053 811/932/1053
f 804/923/863 819/948/863 820/934/863
f 798/926/864 797/924/864 812/933/864
f 798/926/867 813/935/867 814/939/867
f 791/928/868 806/937/868 807/940/868
f 799/930/1054 814/939/1054 815/941/1054
f 792/931/870 807/940/870 808/942/870
f 801/917/871 800/916/871 815/941/871
f 793/915/872 808/942/872 809/944/872
f 801/917/873 816/943/873 817/945/873
f 794/918/874 809/944/874 810/946/874
f 803/921/875 802/919/875 817/945/875
f 795/920/876 810/946/876 811/932/876
f 803/921/877 818/947/877 819/948/877
f 816/943/878 815/941/878 830/949/878
f 808/942/879 823/965/879 824/951/879
f 816/943/880 831/950/880 832/952/880
f 810/946/881 809/944/881 824/951/881
f 818/947/882 817/945/882 832/952/882
f 810/946/883 825/953/883 826/955/883
f 818/947/1055 833/954/1055 834/956/1055
f 812/933/885 811/932/885 826/955/885
f 819/948/886 834/956/886 835/958/886
f 813/935/887 812/933/887 827/957/887
f 813/935/890 828/959/890 829/963/890
f 806/937/891 821/961/891 822/964/891
f 814/939/892 829/963/892 830/949/892
f 807/940/893 822/964/893 823/965/893
f 834/956/894 849/982/894 850/966/894
f 828/959/895 827/957/895 842/967/895
f 828/959/898 843/968/898 844/972/898
f 821/961/899 836/970/899 837/973/899
f 829/963/900 844/972/900 845/974/900
f 823/965/901 822/964/901 837/973/901
f 831/950/902 830/949/902 845/974/902
f 823/965/903 838/975/903 839/977/903
f 831/950/904 846/976/904 847/978/904
f 825/953/905 824/951/905 839/977/905
f 833/954/906 832/952/906 847/978/906
f 825/953/907 840/979/907 841/981/907
f 833/954/908 848/980/908 849/982/908
f 827/957/909 826/955/909 841/981/909
f 838/983/910 853/1013/910 854/984/910
f 846/986/911 861/1014/911 862/987/911
f 840/989/912 839/985/912 854/984/912
f 848/991/913 847/988/913 862/987/913
f 840/989/914 855/990/914 856/993/914
f 848/991/915 863/992/915 864/995/915
f 842/997/916 841/994/916 856/993/916
f 849/996/917 864/995/917 865/999/917
f 843/1001/918 842/997/918 857/998/918
f 843/1001/1056 858/1002/1056 859/1007/1056
f 836/1003/922 851/1005/922 852/1009/922
f 844/1008/923 859/1007/923 860/1011/923
f 838/983/924 837/1010/924 852/1009/924
f 846/986/925 845/1012/925 860/1011/925
f 858/1002/926 857/998/926 872/1015/926
f 858/1002/929 873/1016/929 874/1021/929
f 851/1005/930 866/1018/930 867/1022/930
f 859/1007/931 874/1021/931 875/1023/931
f 853/1013/932 852/1009/932 867/1022/932
f 861/1014/933 860/1011/933 875/1023/933
f 853/1013/934 868/1024/934 869/1026/934
f 861/1014/935 876/1025/935 877/1027/935
f 855/990/936 854/984/936 869/1026/936
f 863/992/937 862/987/937 877/1027/937
f 855/990/938 870/1028/938 871/1030/938
f 863/992/939 878/1029/939 879/1031/939
f 857/998/940 856/993/940 871/1030/940
f 864/995/941 879/1031/941 880/1020/941
f 876/1025/942 891/1048/942 892/1032/942
f 870/1028/943 869/1026/943 884/1033/943
f 878/1029/944 877/1027/944 892/1032/944
f 870/1028/945 885/1034/945 886/1036/945
f 879/1031/946 878/1029/946 893/1035/946
f 872/1015/947 871/1030/947 886/1036/947
f 879/1031/948 894/1037/948 895/1039/948
f 873/1016/949 872/1015/949 887/1038/949
f 873/1016/952 888/1040/952 889/1044/952
f 867/1022/953 866/1018/953 881/1042/953
f 874/1021/954 889/1044/954 890/1046/954
f 867/1022/955 882/1045/955 883/1047/955
f 876/1025/956 875/1023/956 890/1046/956
f 868/1024/957 883/1047/957 884/1033/957
f 888/1040/959 903/1063/959 904/1051/959
f 881/1042/960 896/1065/960 897/1052/960
f 889/1044/961 904/1051/961 905/1053/961
f 883/1047/962 882/1045/962 897/1052/962
f 891/1048/963 890/1046/963 905/1053/963
f 883/1047/964 898/1054/964 899/1056/964
f 891/1048/965 906/1055/965 907/1057/965
f 885/1034/966 884/1033/966 899/1056/966
f 893/1035/967 892/1032/967 907/1057/967
f 885/1034/968 900/1058/968 901/1060/968
f 893/1035/969 908/1059/969 909/1061/969
f 887/1038/970 886/1036/970 901/1060/970
f 894/1037/971 909/1061/971 910/1050/971
f 888/1040/972 887/1038/972 902/1062/972
f 908/1059/974 907/1057/974 922/1066/974
f 900/1058/975 915/1082/975 916/1068/975
f 908/1059/976 923/1067/976 924/1069/976
f 902/1062/1057 901/1060/1057 916/1068/1057
f 909/1061/978 924/1069/978 925/1071/978
f 903/1063/979 902/1062/979 917/1070/979
f 903/1063/982 918/1072/982 919/1076/982
f 896/1065/983 911/1074/983 912/1077/983
f 904/1051/1058 919/1076/1058 920/1078/1058
f 898/1054/985 897/1052/985 912/1077/985
f 906/1055/986 905/1053/986 920/1078/986
f 898/1054/1059 913/1079/1059 914/1081/1059
f 906/1055/988 921/1080/988 922/1066/988
f 900/1058/989 899/1056/989 914/1081/989
f 912/1077/990 911/1074/990 926/1083/990
f 919/1076/991 934/1099/991 935/1085/991
f 912/1077/992 927/1084/992 928/1086/992
f 921/1080/993 920/1078/993 935/1085/993
f 913/1079/994 928/1086/994 929/1088/994
f 921/1080/995 936/1087/995 937/1089/995
f 915/1082/996 914/1081/996 929/1088/996
f 923/1067/997 922/1066/997 937/1089/997
f 915/1082/998 930/1090/998 931/1092/998
f 923/1067/999 938/1091/999 939/1093/999
f 917/1070/1000 916/1068/1000 931/1092/1000
f 924/1069/1001 939/1093/1001 940/1095/1001
f 918/1072/1002 917/1070/1002 932/1094/1002
f 918/1072/1005 933/1096/1005 934/1099/1005
f 930/1090/1006 945/1115/1006 946/1100/1006
f 938/1091/1007 953/1116/1007 954/1101/1007
f 932/1094/1008 931/1092/1008 946/1100/1008
f 940/1095/1009 939/1093/1009 954/1101/1009
f 933/1096/1010 932/1094/1010 947/1102/1010
f 933/1096/1013 948/1104/1013 949/1108/1013
f 926/1083/1014 941/1106/1014 942/1109/1014
f 934/1099/1015 949/1108/1015 950/1110/1015
f 928/1086/1016 927/1084/1016 942/1109/1016
f 936/1087/1017 935/1085/1017 950/1110/1017
f 928/1086/1018 943/1111/1018 944/1113/1018
f 936/1087/1060 951/1112/1060 952/1114/1060
f 930/1090/1020 929/1088/1020 944/1113/1020
f 938/1091/1021 937/1089/1021 952/1114/1021
f 949/1108/1022 487/563/1022 960/565/1022
f 943/1111/1023 942/1109/1023 957/560/1023
f 950/1110/1024 960/565/1024 488/569/1024
f 944/1113/1025 943/1111/1025 483/566/1025
f 951/1112/1026 488/569/1026 961/573/1026
f 945/1115/1027 944/1113/1027 958/570/1027
f 953/1116/1028 952/1114/1028 961/573/1028
f 946/1100/1029 945/1115/1029 484/574/1029
f 953/1116/1030 962/577/1030 963/581/1030
f 947/1102/1031 946/1100/1031 959/578/1031
f 954/1101/1032 963/581/1032 964/585/1032
f 948/1104/1033 947/1102/1033 485/582/1033
f 948/1104/1036 486/587/1036 487/563/1036
f 942/1109/1037 941/1106/1037 956/588/1037
f 965/1119/1061 972/1120/1061 973/1121/1061
f 1442/1122/1062 981/1123/1062 970/1124/1062
f 1440/1125/1063 973/1121/1063 974/1126/1063
f 970/1124/1064 982/1127/1064 1443/1128/1064
f 966/1129/1065 974/1126/1065 975/1130/1065
f 1443/1128/1066 983/1131/1066 1444/1132/1066
f 1441/1133/1067 975/1130/1067 976/1134/1067
f 1444/1132/1068 984/1135/1068 1445/1136/1068
f 967/1137/1069 976/1134/1069 977/1138/1069
f 1445/1136/1070 985/1139/1070 1446/1140/1070
f 967/1137/1071 978/1141/1071 968/1142/1071
f 1438/1143/1072 1046/1144/1072 971/1145/1072
f 1272/1146/1073 1446/1140/1073 985/1139/1073
f 968/1142/1074 979/1147/1074 969/1148/1074
f 1439/1149/1075 971/1145/1075 972/1120/1075
f 969/1148/1076 980/1150/1076 1442/1122/1076
f 971/1145/1077 987/1151/1077 972/1120/1077
f 979/1147/1078 995/1152/1078 980/1150/1078
f 972/1120/1079 988/1153/1079 973/1121/1079
f 980/1150/1080 996/1154/1080 981/1123/1080
f 973/1121/1081 989/1155/1081 974/1126/1081
f 981/1123/1082 997/1156/1082 982/1127/1082
f 974/1126/1083 990/1157/1083 975/1130/1083
f 983/1131/1084 997/1156/1084 998/1158/1084
f 975/1130/1085 991/1159/1085 976/1134/1085
f 984/1135/1086 998/1158/1086 999/1160/1086
f 977/1138/1087 991/1159/1087 992/1161/1087
f 984/1135/1088 1000/1162/1088 985/1139/1088
f 977/1138/1089 993/1163/1089 978/1141/1089
f 971/1145/1090 1046/1164/1090 986/1165/1090
f 1272/1166/1091 985/1139/1091 1000/1162/1091
f 978/1141/1092 994/1167/1092 979/1147/1092
f 990/1157/1093 1006/1168/1093 991/1159/1093
f 998/1158/1094 1014/1169/1094 999/1160/1094
f 991/1159/1095 1007/1170/1095 992/1161/1095
f 999/1160/1096 1015/1171/1096 1000/1162/1096
f 992/1161/1097 1008/1172/1097 993/1163/1097
f 986/1165/1098 1046/1173/1098 1001/1174/1098
f 1272/1175/1099 1000/1162/1099 1015/1171/1099
f 994/1167/1100 1008/1172/1100 1009/1176/1100
f 986/1165/1101 1002/1177/1101 987/1151/1101
f 994/1167/1102 1010/1178/1102 995/1152/1102
f 987/1151/1103 1003/1179/1103 988/1153/1103
f 996/1154/1104 1010/1178/1104 1011/1180/1104
f 988/1153/1105 1004/1181/1105 989/1155/1105
f 997/1156/1106 1011/1180/1106 1012/1182/1106
f 989/1155/1107 1005/1183/1107 990/1157/1107
f 998/1158/1108 1012/1182/1108 1013/1184/1108
f 1009/1176/1109 1025/1185/1109 1010/1178/1109
f 1002/1177/1110 1018/1186/1110 1003/1179/1110
f 1011/1180/1111 1025/1185/1111 1026/1187/1111
f 1003/1179/1112 1019/1188/1112 1004/1181/1112
f 1011/1180/1113 1027/1189/1113 1012/1182/1113
f 1004/1181/1114 1020/1190/1114 1005/1183/1114
f 1012/1182/1115 1028/1191/1115 1013/1184/1115
f 1005/1183/1116 1021/1192/1116 1006/1168/1116
f 1013/1184/1117 1029/1193/1117 1014/1169/1117
f 1007/1170/1118 1021/1192/1118 1022/1194/1118
f 1014/1169/1119 1030/1195/1119 1015/1171/1119
f 1008/1172/1120 1022/1194/1120 1023/1196/1120
f 1001/1174/1121 1046/1197/1121 1016/1198/1121
f 1272/1199/1122 1015/1171/1122 1030/1195/1122
f 1008/1172/1123 1024/1200/1123 1009/1176/1123
f 1001/1174/1124 1017/1201/1124 1002/1177/1124
f 1029/1193/1125 1043/1202/1125 1044/1203/1125
f 1022/1194/1126 1036/1204/1126 1037/1205/1126
f 1029/1193/1127 1045/1206/1127 1030/1195/1127
f 1023/1196/1128 1037/1205/1128 1038/1207/1128
f 1016/1198/1129 1046/1208/1129 1031/1209/1129
f 1272/1210/1130 1030/1195/1130 1045/1206/1130
f 1023/1196/1131 1039/1211/1131 1024/1200/1131
f 1016/1198/1132 1032/1212/1132 1017/1201/1132
f 1024/1200/1133 1040/1213/1133 1025/1185/1133
f 1017/1201/1134 1033/1214/1134 1018/1186/1134
f 1026/1187/1135 1040/1213/1135 1041/1215/1135
f 1018/1186/1136 1034/1216/1136 1019/1188/1136
f 1026/1187/1137 1042/1217/1137 1027/1189/1137
f 1020/1190/1138 1034/1216/1138 1035/1218/1138
f 1027/1189/1139 1043/1202/1139 1028/1191/1139
f 1020/1190/1140 1036/1204/1140 1021/1192/1140
f 1032/1212/1141 1049/1219/1141 1033/1214/1141
f 1041/1215/1142 1056/1220/1142 1057/1221/1142
f 1033/1214/1143 1050/1222/1143 1034/1216/1143
f 1041/1215/1144 1058/1223/1144 1042/1217/1144
f 1035/1218/1145 1050/1222/1145 1051/1224/1145
f 1042/1217/1146 1059/1225/1146 1043/1202/1146
f 1035/1218/1147 1052/1226/1147 1036/1204/1147
f 1043/1202/1148 1060/1227/1148 1044/1203/1148
f 1037/1205/1149 1052/1226/1149 1053/1228/1149
f 1045/1206/1150 1060/1227/1150 1061/1229/1150
f 1038/1207/1151 1053/1228/1151 1054/1230/1151
f 1031/1209/1152 1046/1231/1152 1047/1232/1152
f 1272/1233/1153 1045/1206/1153 1061/1229/1153
f 1038/1207/1154 1055/1234/1154 1039/1211/1154
f 1031/1209/1155 1048/1235/1155 1032/1212/1155
f 1039/1211/1156 1056/1220/1156 1040/1213/1156
f 1053/1228/1157 1067/1236/1157 1068/1237/1157
f 1060/1227/1158 1076/1238/1158 1061/1229/1158
f 1054/1230/1159 1068/1237/1159 1069/1239/1159
f 1047/1232/1160 1046/1240/1160 1062/1241/1160
f 1272/1242/1161 1061/1229/1161 1076/1238/1161
f 1054/1230/1162 1070/1243/1162 1055/1234/1162
f 1048/1235/1163 1062/1241/1163 1063/1244/1163
f 1055/1234/1164 1071/1245/1164 1056/1220/1164
f 1048/1235/1165 1064/1246/1165 1049/1219/1165
f 1057/1221/1166 1071/1245/1166 1072/1247/1166
f 1049/1219/1167 1065/1248/1167 1050/1222/1167
f 1057/1221/1168 1073/1249/1168 1058/1223/1168
f 1051/1224/1169 1065/1248/1169 1066/1250/1169
f 1059/1225/1170 1073/1249/1170 1074/1251/1170
f 1051/1224/1171 1067/1236/1171 1052/1226/1171
f 1060/1227/1172 1074/1251/1172 1075/1252/1172
f 1072/1247/1173 1086/1253/1173 1087/1254/1173
f 1064/1246/1174 1080/1255/1174 1065/1248/1174
f 1072/1247/1175 1088/1256/1175 1073/1249/1175
f 1066/1250/1176 1080/1255/1176 1081/1257/1176
f 1074/1251/1177 1088/1256/1177 1089/1258/1177
f 1066/1250/1178 1082/1259/1178 1067/1236/1178
f 1074/1251/1179 1090/1260/1179 1075/1252/1179
f 1068/1237/1180 1082/1259/1180 1083/1261/1180
f 1075/1252/1181 1091/1262/1181 1076/1238/1181
f 1069/1239/1182 1083/1261/1182 1084/1263/1182
f 1062/1241/1183 1046/1264/1183 1077/1265/1183
f 1272/1266/1184 1076/1238/1184 1091/1262/1184
f 1069/1239/1185 1085/1267/1185 1070/1243/1185
f 1063/1244/1186 1077/1265/1186 1078/1268/1186
f 1070/1243/1187 1086/1253/1187 1071/1245/1187
f 1063/1244/1188 1079/1269/1188 1064/1246/1188
f 1090/1260/1189 1106/1270/1189 1091/1262/1189
f 1084/1263/1190 1098/1271/1190 1099/1272/1190
f 1077/1265/1191 1046/1273/1191 1092/1274/1191
f 1272/1275/1192 1091/1262/1192 1106/1270/1192
f 1084/1263/1193 1100/1276/1193 1085/1267/1193
f 1077/1265/1194 1093/1277/1194 1078/1268/1194
f 1085/1267/1195 1101/1278/1195 1086/1253/1195
f 1078/1268/1196 1094/1279/1196 1079/1269/1196
f 1087/1254/1197 1101/1278/1197 1102/1280/1197
f 1079/1269/1198 1095/1281/1198 1080/1255/1198
f 1087/1254/1199 1103/1282/1199 1088/1256/1199
f 1081/1257/1200 1095/1281/1200 1096/1283/1200
f 1089/1258/1201 1103/1282/1201 1104/1284/1201
f 1081/1257/1202 1097/1285/1202 1082/1259/1202
f 1089/1258/1203 1105/1286/1203 1090/1260/1203
f 1083/1261/1204 1097/1285/1204 1098/1271/1204
f 1102/1280/1205 1118/1287/1205 1103/1282/1205
f 1096/1283/1206 1110/1288/1206 1111/1289/1206
f 1104/1284/1207 1118/1287/1207 1119/1290/1207
f 1096/1283/1208 1112/1291/1208 1097/1285/1208
f 1104/1284/1209 1120/1292/1209 1105/1286/1209
f 1098/1271/1210 1112/1291/1210 1113/1293/1210
f 1106/1270/1211 1120/1292/1211 1121/1294/1211
f 1099/1272/1212 1113/1293/1212 1114/1295/1212
f 1092/1274/1213 1046/1296/1213 1107/1297/1213
f 1272/1298/1214 1106/1270/1214 1121/1294/1214
f 1099/1272/1215 1115/1299/1215 1100/1276/1215
f 1092/1274/1216 1108/1300/1216 1093/1277/1216
f 1100/1276/1217 1116/1301/1217 1101/1278/1217
f 1094/1279/1218 1108/1300/1218 1109/1302/1218
f 1102/1280/1219 1116/1301/1219 1117/1303/1219
f 1094/1279/1220 1110/1288/1220 1095/1281/1220
f 1107/1297/1221 1046/1304/1221 1122/1305/1221
f 1272/1306/1222 1121/1294/1222 1136/1307/1222
f 1114/1295/1223 1130/1308/1223 1115/1299/1223
f 1107/1297/1224 1123/1309/1224 1108/1300/1224
f 1115/1299/1225 1131/1310/1225 1116/1301/1225
f 1109/1302/1226 1123/1309/1226 1124/1311/1226
f 1117/1303/1227 1131/1310/1227 1132/1312/1227
f 1109/1302/1228 1125/1313/1228 1110/1288/1228
f 1117/1303/1229 1133/1314/1229 1118/1287/1229
f 1111/1289/1230 1125/1313/1230 1126/1315/1230
f 1119/1290/1231 1133/1314/1231 1134/1316/1231
f 1111/1289/1232 1127/1317/1232 1112/1291/1232
f 1119/1290/1233 1135/1318/1233 1120/1292/1233
f 1113/1293/1234 1127/1317/1234 1128/1319/1234
f 1120/1292/1235 1136/1307/1235 1121/1294/1235
f 1114/1295/1236 1128/1319/1236 1129/1320/1236
f 1126/1315/1237 1140/1321/1237 1141/1322/1237
f 1133/1314/1238 1149/1323/1238 1134/1316/1238
f 1126/1315/1239 1142/1324/1239 1127/1317/1239
f 1135/1318/1240 1149/1323/1240 1150/1325/1240
f 1128/1319/1241 1142/1324/1241 1143/1326/1241
f 1136/1307/1242 1150/1325/1242 1151/1327/1242
f 1129/1320/1243 1143/1326/1243 1144/1328/1243
f 1122/1305/1244 1046/1329/1244 1137/1330/1244
f 1272/1331/1245 1136/1307/1245 1151/1327/1245
f 1129/1320/1246 1145/1332/1246 1130/1308/1246
f 1122/1305/1247 1138/1333/1247 1123/1309/1247
f 1130/1308/1248 1146/1334/1248 1131/1310/1248
f 1123/1309/1249 1139/1335/1249 1124/1311/1249
f 1132/1312/1250 1146/1334/1250 1147/1336/1250
f 1124/1311/1251 1140/1321/1251 1125/1313/1251
f 1132/1312/1252 1148/1337/1252 1133/1314/1252
f 1144/1328/1253 1160/1338/1253 1145/1332/1253
f 1138/1333/1254 1152/1339/1254 1153/1340/1254
f 1145/1332/1255 1161/1341/1255 1146/1334/1255
f 1139/1335/1256 1153/1340/1256 1154/1342/1256
f 1147/1336/1257 1161/1341/1257 1162/1343/1257
f 1139/1335/1258 1155/1344/1258 1140/1321/1258
f 1147/1336/1259 1163/1345/1259 1148/1337/1259
f 1141/1322/1260 1155/1344/1260 1156/1346/1260
f 1149/1323/1261 1163/1345/1261 1164/1347/1261
f 1141/1322/1262 1157/1348/1262 1142/1324/1262
f 1149/1323/1263 1165/1349/1263 1150/1325/1263
f 1143/1326/1264 1157/1348/1264 1158/1350/1264
f 1150/1325/1265 1166/1351/1265 1151/1327/1265
f 1144/1328/1266 1158/1350/1266 1159/1352/1266
f 1137/1330/1267 1046/1353/1267 1152/1339/1267
f 1272/1354/1268 1151/1327/1268 1166/1351/1268
f 1164/1347/1269 1178/1355/1269 1179/1356/1269
f 1156/1346/1270 1172/1357/1270 1157/1348/1270
f 1164/1347/1271 1180/1358/1271 1165/1349/1271
f 1158/1350/1272 1172/1357/1272 1173/1359/1272
f 1165/1349/1273 1181/1360/1273 1166/1351/1273
f 1159/1352/1274 1173/1359/1274 1174/1361/1274
f 1152/1339/1275 1046/1362/1275 1167/1363/1275
f 1272/1364/1276 1166/1351/1276 1181/1360/1276
f 1159/1352/1277 1175/1365/1277 1160/1338/1277
f 1152/1339/1278 1168/1366/1278 1153/1340/1278
f 1160/1338/1279 1176/1367/1279 1161/1341/1279
f 1153/1340/1280 1169/1368/1280 1154/1342/1280
f 1162/1343/1281 1176/1367/1281 1177/1369/1281
f 1154/1342/1282 1170/1370/1282 1155/1344/1282
f 1162/1343/1283 1178/1355/1283 1163/1345/1283
f 1156/1346/1284 1170/1370/1284 1171/1371/1284
f 1167/1363/1285 1183/1372/1285 1168/1366/1285
f 1175/1365/1286 1191/1373/1286 1176/1367/1286
f 1168/1366/1287 1184/1374/1287 1169/1368/1287
f 1177/1369/1288 1191/1373/1288 1192/1375/1288
f 1169/1368/1289 1185/1376/1289 1170/1370/1289
f 1177/1369/1290 1193/1377/1290 1178/1355/1290
f 1171/1371/1291 1185/1376/1291 1186/1378/1291
f 1179/1356/1292 1193/1377/1292 1194/1379/1292
f 1171/1371/1293 1187/1380/1293 1172/1357/1293
f 1179/1356/1294 1195/1381/1294 1180/1358/1294
f 1173/1359/1295 1187/1380/1295 1188/1382/1295
f 1180/1358/1296 1196/1383/1296 1181/1360/1296
f 1174/1361/1297 1188/1382/1297 1189/1384/1297
f 1167/1363/1298 1046/1385/1298 1182/1386/1298
f 1272/1387/1299 1181/1360/1299 1196/1383/1299
f 1174/1361/1300 1190/1388/1300 1175/1365/1300
f 1186/1378/1301 1202/1389/1301 1187/1380/1301
f 1194/1379/1302 1210/1390/1302 1195/1381/1302
f 1188/1382/1303 1202/1389/1303 1203/1391/1303
f 1196/1383/1304 1210/1390/1304 1211/1392/1304
f 1189/1384/1305 1203/1391/1305 1204/1393/1305
f 1182/1386/1306 1046/1394/1306 1197/1395/1306
f 1272/1396/1307 1196/1383/1307 1211/1392/1307
f 1189/1384/1308 1205/1397/1308 1190/1388/1308
f 1182/1386/1309 1198/1398/1309 1183/1372/1309
f 1190/1388/1310 1206/1399/1310 1191/1373/1310
f 1184/1374/1311 1198/1398/1311 1199/1400/1311
f 1192/1375/1312 1206/1399/1312 1207/1401/1312
f 1184/1374/1313 1200/1402/1313 1185/1376/1313
f 1192/1375/1314 1208/1403/1314 1193/1377/1314
f 1186/1378/1315 1200/1402/1315 1201/1404/1315
f 1194/1379/1316 1208/1403/1316 1209/1405/1316
f 1205/1397/1317 1221/1406/1317 1206/1399/1317
f 1198/1398/1318 1214/1407/1318 1199/1400/1318
f 1207/1401/1319 1221/1406/1319 1222/1408/1319
f 1199/1400/1320 1215/1409/1320 1200/1402/1320
f 1207/1401/1321 1223/1410/1321 1208/1403/1321
f 1201/1404/1322 1215/1409/1322 1216/1411/1322
f 1209/1405/1323 1223/1410/1323 1224/1412/1323
f 1201/1404/1324 1217/1413/1324 1202/1389/1324
f 1209/1405/1325 1225/1414/1325 1210/1390/1325
f 1203/1391/1326 1217/1413/1326 1218/1415/1326
f 1210/1390/1327 1226/1416/1327 1211/1392/1327
f 1204/1393/1328 1218/1415/1328 1219/1417/1328
f 1197/1395/1329 1046/1418/1329 1212/1419/1329
f 1272/1420/1330 1211/1392/1330 1226/1416/1330
f 1204/1393/1331 1220/1421/1331 1205/1397/1331
f 1197/1395/1332 1213/1422/1332 1198/1398/1332
f 1224/1412/1333 1240/1423/1333 1225/1414/1333
f 1218/1415/1334 1232/1424/1334 1233/1425/1334
f 1225/1414/1335 1241/1426/1335 1226/1416/1335
f 1219/1417/1336 1233/1425/1336 1234/1427/1336
f 1212/1419/1337 1046/1428/1337 1227/1429/1337
f 1272/1430/1338 1226/1416/1338 1241/1426/1338
f 1219/1417/1339 1235/1431/1339 1220/1421/1339
f 1213/1422/1340 1227/1429/1340 1228/1432/1340
f 1220/1421/1341 1236/1433/1341 1221/1406/1341
f 1213/1422/1342 1229/1434/1342 1214/1407/1342
f 1222/1408/1343 1236/1433/1343 1237/1435/1343
f 1214/1407/1344 1230/1436/1344 1215/1409/1344
f 1222/1408/1345 1238/1437/1345 1223/1410/1345
f 1216/1411/1346 1230/1436/1346 1231/1438/1346
f 1224/1412/1347 1238/1437/1347 1239/1439/1347
f 1216/1411/1348 1232/1424/1348 1217/1413/1348
f 1237/1435/1349 1251/1440/1349 1252/1441/1349
f 1229/1434/1350 1245/1442/1350 1230/1436/1350
f 1237/1435/1351 1253/1443/1351 1238/1437/1351
f 1231/1438/1352 1245/1442/1352 1246/1444/1352
f 1239/1439/1353 1253/1443/1353 1254/1445/1353
f 1231/1438/1354 1247/1446/1354 1232/1424/1354
f 1239/1439/1355 1255/1447/1355 1240/1423/1355
f 1233/1425/1356 1247/1446/1356 1248/1448/1356
f 1241/1426/1357 1255/1447/1357 1256/1449/1357
f 1234/1427/1358 1248/1448/1358 1249/1450/1358
f 1227/1429/1359 1046/1451/1359 1242/1452/1359
f 1272/1453/1360 1241/1426/1360 1256/1449/1360
f 1234/1427/1361 1250/1454/1361 1235/1431/1361
f 1228/1432/1362 1242/1452/1362 1243/1455/1362
f 1235/1431/1363 1251/1440/1363 1236/1433/1363
f 1228/1432/1364 1244/1456/1364 1229/1434/1364
f 1256/1449/1365 1270/1457/1365 1271/1458/1365
f 1249/1450/1366 1263/1459/1366 1264/1460/1366
f 1242/1452/1367 1046/1461/1367 1257/1462/1367
f 1272/1463/1368 1256/1449/1368 1271/1458/1368
f 1249/1450/1369 1265/1464/1369 1250/1454/1369
f 1242/1452/1370 1258/1465/1370 1243/1455/1370
f 1250/1454/1371 1266/1466/1371 1251/1440/1371
f 1243/1455/1372 1259/1467/1372 1244/1456/1372
f 1252/1441/1373 1266/1466/1373 1267/1468/1373
f 1244/1456/1374 1260/1469/1374 1245/1442/1374
f 1252/1441/1375 1268/1470/1375 1253/1443/1375
f 1246/1444/1376 1260/1469/1376 1261/1471/1376
f 1254/1445/1377 1268/1470/1377 1269/1472/1377
f 1246/1444/1378 1262/1473/1378 1247/1446/1378
f 1254/1445/1379 1270/1457/1379 1255/1447/1379
f 1248/1448/1380 1262/1473/1380 1263/1459/1380
f 1259/1467/1381 1276/1474/1381 1260/1469/1381
f 1267/1468/1382 1284/1475/1382 1268/1470/1382
f 1261/1471/1383 1276/1474/1383 1277/1476/1383
f 1269/1472/1384 1284/1475/1384 1285/1477/1384
f 1261/1471/1385 1278/1478/1385 1262/1473/1385
f 1269/1472/1386 1286/1479/1386 1270/1457/1386
f 1263/1459/1387 1278/1478/1387 1279/1480/1387
f 1270/1457/1388 1287/1481/1388 1271/1458/1388
f 1264/1460/1389 1279/1480/1389 1280/1482/1389
f 1257/1462/1390 1046/1483/1390 1273/1484/1390
f 1272/1485/1391 1271/1458/1391 1287/1481/1391
f 1264/1460/1392 1281/1486/1392 1265/1464/1392
f 1257/1462/1393 1274/1487/1393 1258/1465/1393
f 1265/1464/1394 1282/1488/1394 1266/1466/1394
f 1258/1465/1395 1275/1489/1395 1259/1467/1395
f 1267/1468/1396 1282/1488/1396 1283/1490/1396
f 1280/1482/1397 1294/1491/1397 1295/1492/1397
f 1273/1484/1398 1046/1493/1398 1288/1494/1398
f 1272/1495/1399 1287/1481/1399 1302/1496/1399
f 1280/1482/1400 1296/1497/1400 1281/1486/1400
f 1273/1484/1401 1289/1498/1401 1274/1487/1401
f 1281/1486/1402 1297/1499/1402 1282/1488/1402
f 1274/1487/1403 1290/1500/1403 1275/1489/1403
f 1283/1490/1404 1297/1499/1404 1298/1501/1404
f 1275/1489/1405 1291/1502/1405 1276/1474/1405
f 1283/1490/1406 1299/1503/1406 1284/1475/1406
f 1276/1474/1407 1292/1504/1407 1277/1476/1407
f 1285/1477/1408 1299/1503/1408 1300/1505/1408
f 1277/1476/1409 1293/1506/1409 1278/1478/1409
f 1285/1477/1410 1301/1507/1410 1286/1479/1410
f 1279/1480/1411 1293/1506/1411 1294/1491/1411
f 1286/1479/1412 1302/1496/1412 1287/1481/1412
f 1298/1501/1413 1314/1508/1413 1299/1503/1413
f 1292/1504/1414 1306/1509/1414 1307/1510/1414
f 1300/1505/1415 1314/1508/1415 1315/1511/1415
f 1292/1504/1416 1308/1512/1416 1293/1506/1416
f 1300/1505/1417 1316/1513/1417 1301/1507/1417
f 1294/1491/1418 1308/1512/1418 1309/1514/1418
f 1301/1507/1419 1317/1515/1419 1302/1496/1419
f 1295/1492/1420 1309/1514/1420 1310/1516/1420
f 1288/1494/1421 1046/1517/1421 1303/1518/1421
f 1272/1519/1422 1302/1496/1422 1317/1515/1422
f 1295/1492/1423 1311/1520/1423 1296/1497/1423
f 1288/1494/1424 1304/1521/1424 1289/1498/1424
f 1296/1497/1425 1312/1522/1425 1297/1499/1425
f 1289/1498/1426 1305/1523/1426 1290/1500/1426
f 1298/1501/1427 1312/1522/1427 1313/1524/1427
f 1290/1500/1428 1306/1509/1428 1291/1502/1428
f 1303/1518/1429 1046/1525/1429 1318/1526/1429
f 1272/1527/1430 1317/1515/1430 1332/1528/1430
f 1310/1516/1431 1326/1529/1431 1311/1520/1431
f 1303/1518/1432 1319/1530/1432 1304/1521/1432
f 1311/1520/1433 1327/1531/1433 1312/1522/1433
f 1305/1523/1434 1319/1530/1434 1320/1532/1434
f 1313/1524/1435 1327/1531/1435 1328/1533/1435
f 1305/1523/1436 1321/1534/1436 1306/1509/1436
f 1313/1524/1437 1329/1535/1437 1314/1508/1437
f 1307/1510/1438 1321/1534/1438 1322/1536/1438
f 1315/1511/1439 1329/1535/1439 1330/1537/1439
f 1307/1510/1440 1323/1538/1440 1308/1512/1440
f 1315/1511/1441 1331/1539/1441 1316/1513/1441
f 1309/1514/1442 1323/1538/1442 1324/1540/1442
f 1316/1513/1443 1332/1528/1443 1317/1515/1443
f 1310/1516/1444 1324/1540/1444 1325/1541/1444
f 1322/1542/1445 1336/1543/1445 1337/1544/1445
f 1330/1545/1446 1344/1546/1446 1345/1547/1446
f 1322/1542/1447 1338/1548/1447 1323/1549/1447
f 1330/1545/1448 1346/1550/1448 1331/1551/1448
f 1324/1552/1449 1338/1548/1449 1339/1553/1449
f 1331/1551/1450 1347/1554/1450 1332/1555/1450
f 1325/1556/1451 1339/1553/1451 1340/1557/1451
f 1318/1558/1452 1046/1559/1452 1333/1560/1452
f 1272/1561/1453 1332/1555/1453 1347/1554/1453
f 1325/1556/1454 1341/1562/1454 1326/1563/1454
f 1318/1558/1455 1334/1564/1455 1319/1565/1455
f 1326/1563/1456 1342/1566/1456 1327/1567/1456
f 1320/1568/1457 1334/1564/1457 1335/1569/1457
f 1328/1570/1458 1342/1566/1458 1343/1571/1458
f 1320/1568/1459 1336/1543/1459 1321/1572/1459
f 1328/1570/1460 1344/1546/1460 1329/1573/1460
f 1340/1557/1461 1356/1574/1461 1341/1562/1461
f 1333/1560/1462 1349/1575/1462 1334/1564/1462
f 1341/1562/1463 1357/1576/1463 1342/1566/1463
f 1335/1569/1464 1349/1575/1464 1350/1577/1464
f 1343/1571/1465 1357/1576/1465 1358/1578/1465
f 1335/1569/1466 1351/1579/1466 1336/1543/1466
f 1343/1571/1467 1359/1580/1467 1344/1546/1467
f 1337/1544/1468 1351/1579/1468 1352/1581/1468
f 1345/1547/1469 1359/1580/1469 1360/1582/1469
f 1337/1544/1470 1353/1583/1470 1338/1548/1470
f 1345/1547/1471 1361/1584/1471 1346/1550/1471
f 1339/1553/1472 1353/1583/1472 1354/1585/1472
f 1346/1550/1473 1362/1586/1473 1347/1554/1473
f 1340/1557/1474 1354/1585/1474 1355/1587/1474
f 1333/1560/1475 1046/1588/1475 1348/1589/1475
f 1272/1590/1476 1347/1554/1476 1362/1586/1476
f 1360/1582/1477 1374/1591/1477 1375/1592/1477
f 1352/1581/1478 1368/1593/1478 1353/1583/1478
f 1361/1584/1479 1375/1592/1479 1376/1594/1479
f 1354/1585/1480 1368/1593/1480 1369/1595/1480
f 1361/1584/1481 1377/1596/1481 1362/1586/1481
f 1355/1587/1482 1369/1595/1482 1370/1597/1482
f 1348/1589/1483 1046/1598/1483 1363/1599/1483
f 1272/1600/1484 1362/1586/1484 1377/1596/1484
f 1355/1587/1485 1371/1601/1485 1356/1574/1485
f 1349/1575/1486 1363/1599/1486 1364/1602/1486
f 1356/1574/1487 1372/1603/1487 1357/1576/1487
f 1349/1575/1488 1365/1604/1488 1350/1577/1488
f 1358/1578/1489 1372/1603/1489 1373/1605/1489
f 1350/1577/1490 1366/1606/1490 1351/1579/1490
f 1358/1578/1491 1374/1591/1491 1359/1580/1491
f 1352/1581/1492 1366/1606/1492 1367/1607/1492
f 1371/1601/1493 1387/1608/1493 1372/1603/1493
f 1365/1604/1494 1379/1609/1494 1380/1610/1494
f 1373/1605/1495 1387/1608/1495 1388/1611/1495
f 1365/1604/1496 1381/1612/1496 1366/1606/1496
f 1373/1605/1497 1389/1613/1497 1374/1591/1497
f 1367/1607/1498 1381/1612/1498 1382/1614/1498
f 1375/1592/1499 1389/1613/1499 1390/1615/1499
f 1367/1607/1500 1383/1616/1500 1368/1593/1500
f 1375/1592/1501 1391/1617/1501 1376/1594/1501
f 1369/1595/1502 1383/1616/1502 1384/1618/1502
f 1376/1594/1503 1392/1619/1503 1377/1596/1503
f 1370/1597/1504 1384/1618/1504 1385/1620/1504
f 1363/1599/1505 1046/1621/1505 1378/1622/1505
f 1272/1623/1506 1377/1596/1506 1392/1619/1506
f 1370/1597/1507 1386/1624/1507 1371/1601/1507
f 1363/1599/1508 1379/1609/1508 1364/1602/1508
f 1390/1615/1509 1406/1625/1509 1391/1617/1509
f 1384/1618/1510 1398/1626/1510 1399/1627/1510
f 1391/1617/1511 1407/1628/1511 1392/1619/1511
f 1385/1620/1512 1399/1627/1512 1400/1629/1512
f 1378/1622/1513 1046/1630/1513 1393/1631/1513
f 1272/1632/1514 1392/1619/1514 1407/1628/1514
f 1385/1620/1515 1401/1633/1515 1386/1624/1515
f 1378/1622/1516 1394/1634/1516 1379/1609/1516
f 1386/1624/1517 1402/1635/1517 1387/1608/1517
f 1380/1610/1518 1394/1634/1518 1395/1636/1518
f 1388/1611/1519 1402/1635/1519 1403/1637/1519
f 1380/1610/1520 1396/1638/1520 1381/1612/1520
f 1388/1611/1521 1404/1639/1521 1389/1613/1521
f 1382/1614/1522 1396/1638/1522 1397/1640/1522
f 1390/1615/1523 1404/1639/1523 1405/1641/1523
f 1382/1614/1524 1398/1626/1524 1383/1616/1524
f 1394/1634/1525 1410/1642/1525 1395/1636/1525
f 1403/1637/1526 1417/1643/1526 1418/1644/1526
f 1395/1636/1527 1411/1645/1527 1396/1638/1527
f 1403/1637/1528 1419/1646/1528 1404/1639/1528
f 1397/1640/1529 1411/1645/1529 1412/1647/1529
f 1405/1641/1530 1419/1646/1530 1420/1648/1530
f 1397/1640/1531 1413/1649/1531 1398/1626/1531
f 1405/1641/1532 1421/1650/1532 1406/1625/1532
f 1399/1627/1533 1413/1649/1533 1414/1651/1533
f 1406/1625/1534 1422/1652/1534 1407/1628/1534
f 1400/1629/1535 1414/1651/1535 1415/1653/1535
f 1393/1631/1536 1046/1654/1536 1408/1655/1536
f 1272/1656/1537 1407/1628/1537 1422/1652/1537
f 1400/1629/1538 1416/1657/1538 1401/1633/1538
f 1394/1634/1539 1408/1655/1539 1409/1658/1539
f 1401/1633/1540 1417/1643/1540 1402/1635/1540
f 1414/1651/1541 1428/1659/1541 1429/1660/1541
f 1422/1652/1542 1436/1661/1542 1437/1662/1542
f 1415/1653/1543 1429/1660/1543 1430/1663/1543
f 1408/1655/1544 1046/1664/1544 1423/1665/1544
f 1272/1666/1545 1422/1652/1545 1437/1662/1545
f 1415/1653/1546 1431/1667/1546 1416/1657/1546
f 1408/1655/1547 1424/1668/1547 1409/1658/1547
f 1416/1657/1548 1432/1669/1548 1417/1643/1548
f 1410/1642/1549 1424/1668/1549 1425/1670/1549
f 1418/1644/1550 1432/1669/1550 1433/1671/1550
f 1410/1642/1551 1426/1672/1551 1411/1645/1551
f 1418/1644/1552 1434/1673/1552 1419/1646/1552
f 1412/1647/1553 1426/1672/1553 1427/1674/1553
f 1420/1648/1554 1434/1673/1554 1435/1675/1554
f 1412/1647/1555 1428/1659/1555 1413/1649/1555
f 1420/1648/1556 1436/1661/1556 1421/1650/1556
f 1432/1669/1557 970/1124/1557 1433/1671/1557
f 1426/1672/1558 965/1119/1558 1440/1125/1558
f 1433/1671/1559 1443/1128/1559 1434/1673/1559
f 1427/1674/1560 1440/1125/1560 966/1129/1560
f 1435/1675/1561 1443/1128/1561 1444/1132/1561
f 1428/1659/1562 966/1129/1562 1441/1133/1562
f 1435/1675/1563 1445/1136/1563 1436/1661/1563
f 1429/1660/1564 1441/1133/1564 967/1137/1564
f 1436/1661/1565 1446/1140/1565 1437/1662/1565
f 1430/1663/1566 967/1137/1566 968/1142/1566
f 1423/1665/1567 1046/1676/1567 1438/1143/1567
f 1272/1677/1568 1437/1662/1568 1446/1140/1568
f 1430/1663/1569 969/1148/1569 1431/1667/1569
f 1424/1668/1570 1438/1143/1570 1439/1149/1570
f 1431/1667/1571 1442/1122/1571 1432/1669/1571
f 1425/1670/1572 1439/1149/1572 965/1119/1572
f 965/1119/1061 1439/1149/1061 972/1120/1061
f 1442/1122/1062 980/1150/1062 981/1123/1062
f 1440/1125/1063 965/1119/1063 973/1121/1063
f 970/1124/1064 981/1123/1064 982/1127/1064
f 966/1129/1065 1440/1125/1065 974/1126/1065
f 1443/1128/1066 982/1127/1066 983/1131/1066
f 1441/1133/1573 966/1129/1573 975/1130/1573
f 1444/1132/1068 983/1131/1068 984/1135/1068
f 967/1137/1069 1441/1133/1069 976/1134/1069
f 1445/1136/1070 984/1135/1070 985/1139/1070
f 967/1137/1071 977/1138/1071 978/1141/1071
f 968/1142/1074 978/1141/1074 979/1147/1074
f 1439/1149/1574 1438/1143/1574 971/1145/1574
f 969/1148/1076 979/1147/1076 980/1150/1076
f 971/1145/1077 986/1165/1077 987/1151/1077
f 979/1147/1078 994/1167/1078 995/1152/1078
f 972/1120/1079 987/1151/1079 988/1153/1079
f 980/1150/1080 995/1152/1080 996/1154/1080
f 973/1121/1081 988/1153/1081 989/1155/1081
f 981/1123/1082 996/1154/1082 997/1156/1082
f 974/1126/1083 989/1155/1083 990/1157/1083
f 983/1131/1084 982/1127/1084 997/1156/1084
f 975/1130/1085 990/1157/1085 991/1159/1085
f 984/1135/1086 983/1131/1086 998/1158/1086
f 977/1138/1087 976/1134/1087 991/1159/1087
f 984/1135/1088 999/1160/1088 1000/1162/1088
f 977/1138/1089 992/1161/1089 993/1163/1089
f 978/1141/1092 993/1163/1092 994/1167/1092
f 990/1157/1093 1005/1183/1093 1006/1168/1093
f 998/1158/1094 1013/1184/1094 1014/1169/1094
f 991/1159/1095 1006/1168/1095 1007/1170/1095
f 999/1160/1575 1014/1169/1575 1015/1171/1575
f 992/1161/1097 1007/1170/1097 1008/1172/1097
f 994/1167/1100 993/1163/1100 1008/1172/1100
f 986/1165/1576 1001/1174/1576 1002/1177/1576
f 994/1167/1102 1009/1176/1102 1010/1178/1102
f 987/1151/1103 1002/1177/1103 1003/1179/1103
f 996/1154/1104 995/1152/1104 1010/1178/1104
f 988/1153/1105 1003/1179/1105 1004/1181/1105
f 997/1156/1577 996/1154/1577 1011/1180/1577
f 989/1155/1578 1004/1181/1578 1005/1183/1578
f 998/1158/1108 997/1156/1108 1012/1182/1108
f 1009/1176/1109 1024/1200/1109 1025/1185/1109
f 1002/1177/1110 1017/1201/1110 1018/1186/1110
f 1011/1180/1111 1010/1178/1111 1025/1185/1111
f 1003/1179/1112 1018/1186/1112 1019/1188/1112
f 1011/1180/1113 1026/1187/1113 1027/1189/1113
f 1004/1181/1114 1019/1188/1114 1020/1190/1114
f 1012/1182/1115 1027/1189/1115 1028/1191/1115
f 1005/1183/1116 1020/1190/1116 1021/1192/1116
f 1013/1184/1117 1028/1191/1117 1029/1193/1117
f 1007/1170/1118 1006/1168/1118 1021/1192/1118
f 1014/1169/1119 1029/1193/1119 1030/1195/1119
f 1008/1172/1120 1007/1170/1120 1022/1194/1120
f 1008/1172/1123 1023/1196/1123 1024/1200/1123
f 1001/1174/1124 1016/1198/1124 1017/1201/1124
f 1029/1193/1125 1028/1191/1125 1043/1202/1125
f 1022/1194/1126 1021/1192/1126 1036/1204/1126
f 1029/1193/1127 1044/1203/1127 1045/1206/1127
f 1023/1196/1128 1022/1194/1128 1037/1205/1128
f 1023/1196/1131 1038/1207/1131 1039/1211/1131
f 1016/1198/1132 1031/1209/1132 1032/1212/1132
f 1024/1200/1133 1039/1211/1133 1040/1213/1133
f 1017/1201/1134 1032/1212/1134 1033/1214/1134
f 1026/1187/1135 1025/1185/1135 1040/1213/1135
f 1018/1186/1136 1033/1214/1136 1034/1216/1136
f 1026/1187/1137 1041/1215/1137 1042/1217/1137
f 1020/1190/1138 1019/1188/1138 1034/1216/1138
f 1027/1189/1139 1042/1217/1139 1043/1202/1139
f 1020/1190/1140 1035/1218/1140 1036/1204/1140
f 1032/1212/1141 1048/1235/1141 1049/1219/1141
f 1041/1215/1142 1040/1213/1142 1056/1220/1142
f 1033/1214/1579 1049/1219/1579 1050/1222/1579
f 1041/1215/1144 1057/1221/1144 1058/1223/1144
f 1035/1218/1145 1034/1216/1145 1050/1222/1145
f 1042/1217/1146 1058/1223/1146 1059/1225/1146
f 1035/1218/1147 1051/1224/1147 1052/1226/1147
f 1043/1202/1148 1059/1225/1148 1060/1227/1148
f 1037/1205/1149 1036/1204/1149 1052/1226/1149
f 1045/1206/1150 1044/1203/1150 1060/1227/1150
f 1038/1207/1151 1037/1205/1151 1053/1228/1151
f 1038/1207/1154 1054/1230/1154 1055/1234/1154
f 1031/1209/1155 1047/1232/1155 1048/1235/1155
f 1039/1211/1156 1055/1234/1156 1056/1220/1156
f 1053/1228/1157 1052/1226/1157 1067/1236/1157
f 1060/1227/1158 1075/1252/1158 1076/1238/1158
f 1054/1230/1159 1053/1228/1159 1068/1237/1159
f 1054/1230/1162 1069/1239/1162 1070/1243/1162
f 1048/1235/1163 1047/1232/1163 1062/1241/1163
f 1055/1234/1164 1070/1243/1164 1071/1245/1164
f 1048/1235/1165 1063/1244/1165 1064/1246/1165
f 1057/1221/1166 1056/1220/1166 1071/1245/1166
f 1049/1219/1167 1064/1246/1167 1065/1248/1167
f 1057/1221/1168 1072/1247/1168 1073/1249/1168
f 1051/1224/1169 1050/1222/1169 1065/1248/1169
f 1059/1225/1170 1058/1223/1170 1073/1249/1170
f 1051/1224/1171 1066/1250/1171 1067/1236/1171
f 1060/1227/1172 1059/1225/1172 1074/1251/1172
f 1072/1247/1173 1071/1245/1173 1086/1253/1173
f 1064/1246/1174 1079/1269/1174 1080/1255/1174
f 1072/1247/1175 1087/1254/1175 1088/1256/1175
f 1066/1250/1176 1065/1248/1176 1080/1255/1176
f 1074/1251/1177 1073/1249/1177 1088/1256/1177
f 1066/1250/1178 1081/1257/1178 1082/1259/1178
f 1074/1251/1179 1089/1258/1179 1090/1260/1179
f 1068/1237/1180 1067/1236/1180 1082/1259/1180
f 1075/1252/1181 1090/1260/1181 1091/1262/1181
f 1069/1239/1182 1068/1237/1182 1083/1261/1182
f 1069/1239/1185 1084/1263/1185 1085/1267/1185
f 1063/1244/1186 1062/1241/1186 1077/1265/1186
f 1070/1243/1187 1085/1267/1187 1086/1253/1187
f 1063/1244/1188 1078/1268/1188 1079/1269/1188
f 1090/1260/1189 1105/1286/1189 1106/1270/1189
f 1084/1263/1190 1083/1261/1190 1098/1271/1190
f 1084/1263/1193 1099/1272/1193 1100/1276/1193
f 1077/1265/1194 1092/1274/1194 1093/1277/1194
f 1085/1267/1195 1100/1276/1195 1101/1278/1195
f 1078/1268/1196 1093/1277/1196 1094/1279/1196
f 1087/1254/1197 1086/1253/1197 1101/1278/1197
f 1079/1269/1198 1094/1279/1198 1095/1281/1198
f 1087/1254/1199 1102/1280/1199 1103/1282/1199
f 1081/1257/1200 1080/1255/1200 1095/1281/1200
f 1089/1258/1201 1088/1256/1201 1103/1282/1201
f 1081/1257/1202 1096/1283/1202 1097/1285/1202
f 1089/1258/1203 1104/1284/1203 1105/1286/1203
f 1083/1261/1204 1082/1259/1204 1097/1285/1204
f 1102/1280/1205 1117/1303/1205 1118/1287/1205
f 1096/1283/1206 1095/1281/1206 1110/1288/1206
f 1104/1284/1207 1103/1282/1207 1118/1287/1207
f 1096/1283/1208 1111/1289/1208 1112/1291/1208
f 1104/1284/1209 1119/1290/1209 1120/1292/1209
f 1098/1271/1210 1097/1285/1210 1112/1291/1210
f 1106/1270/1211 1105/1286/1211 1120/1292/1211
f 1099/1272/1212 1098/1271/1212 1113/1293/1212
f 1099/1272/1215 1114/1295/1215 1115/1299/1215
f 1092/1274/1216 1107/1297/1216 1108/1300/1216
f 1100/1276/1217 1115/1299/1217 1116/1301/1217
f 1094/1279/1218 1093/1277/1218 1108/1300/1218
f 1102/1280/1219 1101/1278/1219 1116/1301/1219
f 1094/1279/1220 1109/1302/1220 1110/1288/1220
f 1114/1295/1223 1129/1320/1223 1130/1308/1223
f 1107/1297/1224 1122/1305/1224 1123/1309/1224
f 1115/1299/1225 1130/1308/1225 1131/1310/1225
f 1109/1302/1226 1108/1300/1226 1123/1309/1226
f 1117/1303/1227 1116/1301/1227 1131/1310/1227
f 1109/1302/1228 1124/1311/1228 1125/1313/1228
f 1117/1303/1229 1132/1312/1229 1133/1314/1229
f 1111/1289/1230 1110/1288/1230 1125/1313/1230
f 1119/1290/1231 1118/1287/1231 1133/1314/1231
f 1111/1289/1232 1126/1315/1232 1127/1317/1232
f 1119/1290/1233 1134/1316/1233 1135/1318/1233
f 1113/1293/1234 1112/1291/1234 1127/1317/1234
f 1120/1292/1235 1135/1318/1235 1136/1307/1235
f 1114/1295/1236 1113/1293/1236 1128/1319/1236
f 1126/1315/1237 1125/1313/1237 1140/1321/1237
f 1133/1314/1238 1148/1337/1238 1149/1323/1238
f 1126/1315/1239 1141/1322/1239 1142/1324/1239
f 1135/1318/1240 1134/1316/1240 1149/1323/1240
f 1128/1319/1241 1127/1317/1241 1142/1324/1241
f 1136/1307/1242 1135/1318/1242 1150/1325/1242
f 1129/1320/1243 1128/1319/1243 1143/1326/1243
f 1129/1320/1246 1144/1328/1246 1145/1332/1246
f 1122/1305/1247 1137/1330/1247 1138/1333/1247
f 1130/1308/1248 1145/1332/1248 1146/1334/1248
f 1123/1309/1249 1138/1333/1249 1139/1335/1249
f 1132/1312/1250 1131/1310/1250 1146/1334/1250
f 1124/1311/1251 1139/1335/1251 1140/1321/1251
f 1132/1312/1252 1147/1336/1252 1148/1337/1252
f 1144/1328/1253 1159/1352/1253 1160/1338/1253
f 1138/1333/1254 1137/1330/1254 1152/1339/1254
f 1145/1332/1255 1160/1338/1255 1161/1341/1255
f 1139/1335/1256 1138/1333/1256 1153/1340/1256
f 1147/1336/1257 1146/1334/1257 1161/1341/1257
f 1139/1335/1258 1154/1342/1258 1155/1344/1258
f 1147/1336/1259 1162/1343/1259 1163/1345/1259
f 1141/1322/1260 1140/1321/1260 1155/1344/1260
f 1149/1323/1261 1148/1337/1261 1163/1345/1261
f 1141/1322/1262 1156/1346/1262 1157/1348/1262
f 1149/1323/1580 1164/1347/1580 1165/1349/1580
f 1143/1326/1264 1142/1324/1264 1157/1348/1264
f 1150/1325/1265 1165/1349/1265 1166/1351/1265
f 1144/1328/1266 1143/1326/1266 1158/1350/1266
f 1164/1347/1269 1163/1345/1269 1178/1355/1269
f 1156/1346/1270 1171/1371/1270 1172/1357/1270
f 1164/1347/1271 1179/1356/1271 1180/1358/1271
f 1158/1350/1272 1157/1348/1272 1172/1357/1272
f 1165/1349/1273 1180/1358/1273 1181/1360/1273
f 1159/1352/1274 1158/1350/1274 1173/1359/1274
f 1159/1352/1277 1174/1361/1277 1175/1365/1277
f 1152/1339/1278 1167/1363/1278 1168/1366/1278
f 1160/1338/1279 1175/1365/1279 1176/1367/1279
f 1153/1340/1280 1168/1366/1280 1169/1368/1280
f 1162/1343/1281 1161/1341/1281 1176/1367/1281
f 1154/1342/1282 1169/1368/1282 1170/1370/1282
f 1162/1343/1283 1177/1369/1283 1178/1355/1283
f 1156/1346/1284 1155/1344/1284 1170/1370/1284
f 1167/1363/1285 1182/1386/1285 1183/1372/1285
f 1175/1365/1286 1190/1388/1286 1191/1373/1286
f 1168/1366/1287 1183/1372/1287 1184/1374/1287
f 1177/1369/1288 1176/1367/1288 1191/1373/1288
f 1169/1368/1289 1184/1374/1289 1185/1376/1289
f 1177/1369/1290 1192/1375/1290 1193/1377/1290
f 1171/1371/1291 1170/1370/1291 1185/1376/1291
f 1179/1356/1292 1178/1355/1292 1193/1377/1292
f 1171/1371/1293 1186/1378/1293 1187/1380/1293
f 1179/1356/1294 1194/1379/1294 1195/1381/1294
f 1173/1359/1295 1172/1357/1295 1187/1380/1295
f 1180/1358/1296 1195/1381/1296 1196/1383/1296
f 1174/1361/1297 1173/1359/1297 1188/1382/1297
f 1174/1361/1300 1189/1384/1300 1190/1388/1300
f 1186/1378/1301 1201/1404/1301 1202/1389/1301
f 1194/1379/1302 1209/1405/1302 1210/1390/1302
f 1188/1382/1581 1187/1380/1581 1202/1389/1581
f 1196/1383/1304 1195/1381/1304 1210/1390/1304
f 1189/1384/1305 1188/1382/1305 1203/1391/1305
f 1189/1384/1308 1204/1393/1308 1205/1397/1308
f 1182/1386/1309 1197/1395/1309 1198/1398/1309
f 1190/1388/1582 1205/1397/1582 1206/1399/1582
f 1184/1374/1311 1183/1372/1311 1198/1398/1311
f 1192/1375/1312 1191/1373/1312 1206/1399/1312
f 1184/1374/1313 1199/1400/1313 1200/1402/1313
f 1192/1375/1314 1207/1401/1314 1208/1403/1314
f 1186/1378/1315 1185/1376/1315 1200/1402/1315
f 1194/1379/1316 1193/1377/1316 1208/1403/1316
f 1205/1397/1317 1220/1421/1317 1221/1406/1317
f 1198/1398/1318 1213/1422/1318 1214/1407/1318
f 1207/1401/1319 1206/1399/1319 1221/1406/1319
f 1199/1400/1320 1214/1407/1320 1215/1409/1320
f 1207/1401/1321 1222/1408/1321 1223/1410/1321
f 1201/1404/1322 1200/1402/1322 1215/1409/1322
f 1209/1405/1323 1208/1403/1323 1223/1410/1323
f 1201/1404/1583 1216/1411/1583 1217/1413/1583
f 1209/1405/1325 1224/1412/1325 1225/1414/1325
f 1203/1391/1326 1202/1389/1326 1217/1413/1326
f 1210/1390/1327 1225/1414/1327 1226/1416/1327
f 1204/1393/1328 1203/1391/1328 1218/1415/1328
f 1204/1393/1331 1219/1417/1331 1220/1421/1331
f 1197/1395/1332 1212/1419/1332 1213/1422/1332
f 1224/1412/1333 1239/1439/1333 1240/1423/1333
f 1218/1415/1334 1217/1413/1334 1232/1424/1334
f 1225/1414/1335 1240/1423/1335 1241/1426/1335
f 1219/1417/1336 1218/1415/1336 1233/1425/1336
f 1219/1417/1339 1234/1427/1339 1235/1431/1339
f 1213/1422/1340 1212/1419/1340 1227/1429/1340
f 1220/1421/1341 1235/1431/1341 1236/1433/1341
f 1213/1422/1342 1228/1432/1342 1229/1434/1342
f 1222/1408/1343 1221/1406/1343 1236/1433/1343
f 1214/1407/1344 1229/1434/1344 1230/1436/1344
f 1222/1408/1345 1237/1435/1345 1238/1437/1345
f 1216/1411/1346 1215/1409/1346 1230/1436/1346
f 1224/1412/1347 1223/1410/1347 1238/1437/1347
f 1216/1411/1348 1231/1438/1348 1232/1424/1348
f 1237/1435/1349 1236/1433/1349 1251/1440/1349
f 1229/1434/1350 1244/1456/1350 1245/1442/1350
f 1237/1435/1584 1252/1441/1584 1253/1443/1584
f 1231/1438/1352 1230/1436/1352 1245/1442/1352
f 1239/1439/1353 1238/1437/1353 1253/1443/1353
f 1231/1438/1354 1246/1444/1354 1247/1446/1354
f 1239/1439/1355 1254/1445/1355 1255/1447/1355
f 1233/1425/1356 1232/1424/1356 1247/1446/1356
f 1241/1426/1357 1240/1423/1357 1255/1447/1357
f 1234/1427/1358 1233/1425/1358 1248/1448/1358
f 1234/1427/1361 1249/1450/1361 1250/1454/1361
f 1228/1432/1362 1227/1429/1362 1242/1452/1362
f 1235/1431/1363 1250/1454/1363 1251/1440/1363
f 1228/1432/1364 1243/1455/1364 1244/1456/1364
f 1256/1449/1365 1255/1447/1365 1270/1457/1365
f 1249/1450/1366 1248/1448/1366 1263/1459/1366
f 1249/1450/1369 1264/1460/1369 1265/1464/1369
f 1242/1452/1370 1257/1462/1370 1258/1465/1370
f 1250/1454/1371 1265/1464/1371 1266/1466/1371
f 1243/1455/1372 1258/1465/1372 1259/1467/1372
f 1252/1441/1373 1251/1440/1373 1266/1466/1373
f 1244/1456/1374 1259/1467/1374 1260/1469/1374
f 1252/1441/1375 1267/1468/1375 1268/1470/1375
f 1246/1444/1376 1245/1442/1376 1260/1469/1376
f 1254/1445/1377 1253/1443/1377 1268/1470/1377
f 1246/1444/1378 1261/1471/1378 1262/1473/1378
f 1254/1445/1379 1269/1472/1379 1270/1457/1379
f 1248/1448/1585 1247/1446/1585 1262/1473/1585
f 1259/1467/1381 1275/1489/1381 1276/1474/1381
f 1267/1468/1382 1283/1490/1382 1284/1475/1382
f 1261/1471/1383 1260/1469/1383 1276/1474/1383
f 1269/1472/1384 1268/1470/1384 1284/1475/1384
f 1261/1471/1385 1277/1476/1385 1278/1478/1385
f 1269/1472/1386 1285/1477/1386 1286/1479/1386
f 1263/1459/1387 1262/1473/1387 1278/1478/1387
f 1270/1457/1388 1286/1479/1388 1287/1481/1388
f 1264/1460/1389 1263/1459/1389 1279/1480/1389
f 1264/1460/1392 1280/1482/1392 1281/1486/1392
f 1257/1462/1393 1273/1484/1393 1274/1487/1393
f 1265/1464/1394 1281/1486/1394 1282/1488/1394
f 1258/1465/1395 1274/1487/1395 1275/1489/1395
f 1267/1468/1396 1266/1466/1396 1282/1488/1396
f 1280/1482/1397 1279/1480/1397 1294/1491/1397
f 1280/1482/1400 1295/1492/1400 1296/1497/1400
f 1273/1484/1401 1288/1494/1401 1289/1498/1401
f 1281/1486/1402 1296/1497/1402 1297/1499/1402
f 1274/1487/1403 1289/1498/1403 1290/1500/1403
f 1283/1490/1404 1282/1488/1404 1297/1499/1404
f 1275/1489/1405 1290/1500/1405 1291/1502/1405
f 1283/1490/1406 1298/1501/1406 1299/1503/1406
f 1276/1474/1407 1291/1502/1407 1292/1504/1407
f 1285/1477/1586 1284/1475/1586 1299/1503/1586
f 1277/1476/1409 1292/1504/1409 1293/1506/1409
f 1285/1477/1410 1300/1505/1410 1301/1507/1410
f 1279/1480/1411 1278/1478/1411 1293/1506/1411
f 1286/1479/1412 1301/1507/1412 1302/1496/1412
f 1298/1501/1413 1313/1524/1413 1314/1508/1413
f 1292/1504/1414 1291/1502/1414 1306/1509/1414
f 1300/1505/1415 1299/1503/1415 1314/1508/1415
f 1292/1504/1416 1307/1510/1416 1308/1512/1416
f 1300/1505/1417 1315/1511/1417 1316/1513/1417
f 1294/1491/1418 1293/1506/1418 1308/1512/1418
f 1301/1507/1419 1316/1513/1419 1317/1515/1419
f 1295/1492/1420 1294/1491/1420 1309/1514/1420
f 1295/1492/1423 1310/1516/1423 1311/1520/1423
f 1288/1494/1424 1303/1518/1424 1304/1521/1424
f 1296/1497/1425 1311/1520/1425 1312/1522/1425
f 1289/1498/1426 1304/1521/1426 1305/1523/1426
f 1298/1501/1427 1297/1499/1427 1312/1522/1427
f 1290/1500/1428 1305/1523/1428 1306/1509/1428
f 1310/1516/1431 1325/1541/1431 1326/1529/1431
f 1303/1518/1432 1318/1526/1432 1319/1530/1432
f 1311/1520/1433 1326/1529/1433 1327/1531/1433
f 1305/1523/1434 1304/1521/1434 1319/1530/1434
f 1313/1524/1435 1312/1522/1435 1327/1531/1435
f 1305/1523/1436 1320/1532/1436 1321/1534/1436
f 1313/1524/1437 1328/1533/1437 1329/1535/1437
f 1307/1510/1438 1306/1509/1438 1321/1534/1438
f 1315/1511/1439 1314/1508/1439 1329/1535/1439
f 1307/1510/1440 1322/1536/1440 1323/1538/1440
f 1315/1511/1441 1330/1537/1441 1331/1539/1441
f 1309/1514/1442 1308/1512/1442 1323/1538/1442
f 1316/1513/1443 1331/1539/1443 1332/1528/1443
f 1310/1516/1444 1309/1514/1444 1324/1540/1444
f 1322/1542/1445 1321/1572/1445 1336/1543/1445
f 1330/1545/1446 1329/1573/1446 1344/1546/1446
f 1322/1542/1447 1337/1544/1447 1338/1548/1447
f 1330/1545/1448 1345/1547/1448 1346/1550/1448
f 1324/1552/1449 1323/1549/1449 1338/1548/1449
f 1331/1551/1450 1346/1550/1450 1347/1554/1450
f 1325/1556/1451 1324/1552/1451 1339/1553/1451
f 1325/1556/1454 1340/1557/1454 1341/1562/1454
f 1318/1558/1455 1333/1560/1455 1334/1564/1455
f 1326/1563/1456 1341/1562/1456 1342/1566/1456
f 1320/1568/1457 1319/1565/1457 1334/1564/1457
f 1328/1570/1458 1327/1567/1458 1342/1566/1458
f 1320/1568/1459 1335/1569/1459 1336/1543/1459
f 1328/1570/1460 1343/1571/1460 1344/1546/1460
f 1340/1557/1461 1355/1587/1461 1356/1574/1461
f 1333/1560/1462 1348/1589/1462 1349/1575/1462
f 1341/1562/1463 1356/1574/1463 1357/1576/1463
f 1335/1569/1464 1334/1564/1464 1349/1575/1464
f 1343/1571/1465 1342/1566/1465 1357/1576/1465
f 1335/1569/1466 1350/1577/1466 1351/1579/1466
f 1343/1571/1467 1358/1578/1467 1359/1580/1467
f 1337/1544/1468 1336/1543/1468 1351/1579/1468
f 1345/1547/1469 1344/1546/1469 1359/1580/1469
f 1337/1544/1470 1352/1581/1470 1353/1583/1470
f 1345/1547/1471 1360/1582/1471 1361/1584/1471
f 1339/1553/1472 1338/1548/1472 1353/1583/1472
f 1346/1550/1473 1361/1584/1473 1362/1586/1473
f 1340/1557/1474 1339/1553/1474 1354/1585/1474
f 1360/1582/1477 1359/1580/1477 1374/1591/1477
f 1352/1581/1478 1367/1607/1478 1368/1593/1478
f 1361/1584/1479 1360/1582/1479 1375/1592/1479
f 1354/1585/1480 1353/1583/1480 1368/1593/1480
f 1361/1584/1481 1376/1594/1481 1377/1596/1481
f 1355/1587/1482 1354/1585/1482 1369/1595/1482
f 1355/1587/1485 1370/1597/1485 1371/1601/1485
f 1349/1575/1486 1348/1589/1486 1363/1599/1486
f 1356/1574/1487 1371/1601/1487 1372/1603/1487
f 1349/1575/1488 1364/1602/1488 1365/1604/1488
f 1358/1578/1489 1357/1576/1489 1372/1603/1489
f 1350/1577/1490 1365/1604/1490 1366/1606/1490
f 1358/1578/1491 1373/1605/1491 1374/1591/1491
f 1352/1581/1492 1351/1579/1492 1366/1606/1492
f 1371/1601/1493 1386/1624/1493 1387/1608/1493
f 1365/1604/1494 1364/1602/1494 1379/1609/1494
f 1373/1605/1495 1372/1603/1495 1387/1608/1495
f 1365/1604/1496 1380/1610/1496 1381/1612/1496
f 1373/1605/1497 1388/1611/1497 1389/1613/1497
f 1367/1607/1498 1366/1606/1498 1381/1612/1498
f 1375/1592/1499 1374/1591/1499 1389/1613/1499
f 1367/1607/1500 1382/1614/1500 1383/1616/1500
f 1375/1592/1501 1390/1615/1501 1391/1617/1501
f 1369/1595/1502 1368/1593/1502 1383/1616/1502
f 1376/1594/1503 1391/1617/1503 1392/1619/1503
f 1370/1597/1504 1369/1595/1504 1384/1618/1504
f 1370/1597/1507 1385/1620/1507 1386/1624/1507
f 1363/1599/1508 1378/1622/1508 1379/1609/1508
f 1390/1615/1587 1405/1641/1587 1406/1625/1587
f 1384/1618/1510 1383/1616/1510 1398/1626/1510
f 1391/1617/1511 1406/1625/1511 1407/1628/1511
f 1385/1620/1512 1384/1618/1512 1399/1627/1512
f 1385/1620/1515 1400/1629/1515 1401/1633/1515
f 1378/1622/1516 1393/1631/1516 1394/1634/1516
f 1386/1624/1517 1401/1633/1517 1402/1635/1517
f 1380/1610/1588 1379/1609/1588 1394/1634/1588
f 1388/1611/1519 1387/1608/1519 1402/1635/1519
f 1380/1610/1520 1395/1636/1520 1396/1638/1520
f 1388/1611/1521 1403/1637/1521 1404/1639/1521
f 1382/1614/1522 1381/1612/1522 1396/1638/1522
f 1390/1615/1523 1389/1613/1523 1404/1639/1523
f 1382/1614/1524 1397/1640/1524 1398/1626/1524
f 1394/1634/1525 1409/1658/1525 1410/1642/1525
f 1403/1637/1526 1402/1635/1526 1417/1643/1526
f 1395/1636/1527 1410/1642/1527 1411/1645/1527
f 1403/1637/1589 1418/1644/1589 1419/1646/1589
f 1397/1640/1529 1396/1638/1529 1411/1645/1529
f 1405/1641/1530 1404/1639/1530 1419/1646/1530
f 1397/1640/1531 1412/1647/1531 1413/1649/1531
f 1405/1641/1532 1420/1648/1532 1421/1650/1532
f 1399/1627/1533 1398/1626/1533 1413/1649/1533
f 1406/1625/1534 1421/1650/1534 1422/1652/1534
f 1400/1629/1535 1399/1627/1535 1414/1651/1535
f 1400/1629/1538 1415/1653/1538 1416/1657/1538
f 1394/1634/1539 1393/1631/1539 1408/1655/1539
f 1401/1633/1540 1416/1657/1540 1417/1643/1540
f 1414/1651/1541 1413/1649/1541 1428/1659/1541
f 1422/1652/1542 1421/1650/1542 1436/1661/1542
f 1415/1653/1543 1414/1651/1543 1429/1660/1543
f 1415/1653/1546 1430/1663/1546 1431/1667/1546
f 1408/1655/1547 1423/1665/1547 1424/1668/1547
f 1416/1657/1548 1431/1667/1548 1432/1669/1548
f 1410/1642/1549 1409/1658/1549 1424/1668/1549
f 1418/1644/1550 1417/1643/1550 1432/1669/1550
f 1410/1642/1551 1425/1670/1551 1426/1672/1551
f 1418/1644/1552 1433/1671/1552 1434/1673/1552
f 1412/1647/1553 1411/1645/1553 1426/1672/1553
f 1420/1648/1554 1419/1646/1554 1434/1673/1554
f 1412/1647/1555 1427/1674/1555 1428/1659/1555
f 1420/1648/1556 1435/1675/1556 1436/1661/1556
f 1432/1669/1557 1442/1122/1557 970/1124/1557
f 1426/1672/1558 1425/1670/1558 965/1119/1558
f 1433/1671/1559 970/1124/1559 1443/1128/1559
f 1427/1674/1560 1426/1672/1560 1440/1125/1560
f 1435/1675/1561 1434/1673/1561 1443/1128/1561
f 1428/1659/1562 1427/1674/1562 966/1129/1562
f 1435/1675/1563 1444/1132/1563 1445/1136/1563
f 1429/1660/1564 1428/1659/1564 1441/1133/1564
f 1436/1661/1565 1445/1136/1565 1446/1140/1565
f 1430/1663/1566 1429/1660/1566 967/1137/1566
f 1430/1663/1569 968/1142/1569 969/1148/1569
f 1424/1668/1570 1423/1665/1570 1438/1143/1570
f 1431/1667/1571 969/1148/1571 1442/1122/1571
f 1425/1670/1572 1424/1668/1572 1439/1149/1572
f 1921/1678/1590 1453/1679/1590 1454/1680/1590
f 1451/1681/1591 1462/1682/1591 1924/1683/1591
f 1447/1684/1592 1454/1680/1592 1455/1685/1592
f 1924/1683/1593 1463/1686/1593 1452/1687/1593
f 1922/1688/1594 1455/1685/1594 1456/1689/1594
f 1452/1687/1595 1464/1690/1595 1925/1691/1595
f 1448/1692/1596 1456/1689/1596 1457/1693/1596
f 1925/1691/1597 1465/1694/1597 1926/1695/1597
f 1923/1696/1598 1457/1693/1598 1458/1697/1598
f 1926/1695/1599 1466/1698/1599 1927/1699/1599
f 1449/1700/1600 1458/1697/1600 1459/1701/1600
f 1927/1699/1601 1467/1702/1601 1928/1703/1601
f 1449/1700/1602 1460/1704/1602 1450/1705/1602
f 1920/1706/1603 1528/1707/1603 1453/1679/1603
f 1754/1708/1604 1928/1703/1604 1467/1702/1604
f 1450/1705/1605 1461/1709/1605 1451/1681/1605
f 1453/1679/1606 1528/1710/1606 1468/1711/1606
f 1754/1712/1607 1467/1702/1607 1482/1713/1607
f 1460/1704/1608 1476/1714/1608 1461/1709/1608
f 1453/1679/1609 1469/1715/1609 1454/1680/1609
f 1461/1709/1610 1477/1716/1610 1462/1682/1610
f 1454/1680/1611 1470/1717/1611 1455/1685/1611
f 1462/1682/1612 1478/1718/1612 1463/1686/1612
f 1455/1685/1613 1471/1719/1613 1456/1689/1613
f 1463/1686/1614 1479/1720/1614 1464/1690/1614
f 1456/1689/1615 1472/1721/1615 1457/1693/1615
f 1465/1694/1616 1479/1720/1616 1480/1722/1616
f 1457/1693/1617 1473/1723/1617 1458/1697/1617
f 1466/1698/1618 1480/1722/1618 1481/1724/1618
f 1459/1701/1619 1473/1723/1619 1474/1725/1619
f 1466/1698/1620 1482/1713/1620 1467/1702/1620
f 1459/1701/1621 1475/1726/1621 1460/1704/1621
f 1471/1719/1622 1487/1727/1622 1472/1721/1622
f 1480/1722/1623 1494/1728/1623 1495/1729/1623
f 1472/1721/1624 1488/1730/1624 1473/1723/1624
f 1480/1722/1625 1496/1731/1625 1481/1724/1625
f 1473/1723/1626 1489/1732/1626 1474/1725/1626
f 1481/1724/1627 1497/1733/1627 1482/1713/1627
f 1474/1725/1628 1490/1734/1628 1475/1726/1628
f 1468/1711/1629 1528/1735/1629 1483/1736/1629
f 1754/1737/1630 1482/1713/1630 1497/1733/1630
f 1476/1714/1631 1490/1734/1631 1491/1738/1631
f 1468/1711/1632 1484/1739/1632 1469/1715/1632
f 1476/1714/1633 1492/1740/1633 1477/1716/1633
f 1469/1715/1634 1485/1741/1634 1470/1717/1634
f 1478/1718/1635 1492/1740/1635 1493/1742/1635
f 1470/1717/1636 1486/1743/1636 1471/1719/1636
f 1479/1720/1637 1493/1742/1637 1494/1728/1637
f 1490/1734/1638 1506/1744/1638 1491/1738/1638
f 1483/1736/1639 1499/1745/1639 1484/1739/1639
f 1491/1738/1640 1507/1746/1640 1492/1740/1640
f 1484/1739/1641 1500/1747/1641 1485/1741/1641
f 1493/1742/1642 1507/1746/1642 1508/1748/1642
f 1485/1741/1643 1501/1749/1643 1486/1743/1643
f 1493/1742/1644 1509/1750/1644 1494/1728/1644
f 1486/1743/1645 1502/1751/1645 1487/1727/1645
f 1494/1728/1646 1510/1752/1646 1495/1729/1646
f 1487/1727/1647 1503/1753/1647 1488/1730/1647
f 1495/1729/1648 1511/1754/1648 1496/1731/1648
f 1489/1732/1649 1503/1753/1649 1504/1755/1649
f 1496/1731/1650 1512/1756/1650 1497/1733/1650
f 1490/1734/1651 1504/1755/1651 1505/1757/1651
f 1483/1736/1652 1528/1758/1652 1498/1759/1652
f 1754/1760/1653 1497/1733/1653 1512/1756/1653
f 1509/1750/1654 1525/1761/1654 1510/1752/1654
f 1502/1751/1655 1518/1762/1655 1503/1753/1655
f 1511/1754/1656 1525/1761/1656 1526/1763/1656
f 1504/1755/1657 1518/1762/1657 1519/1764/1657
f 1511/1754/1658 1527/1765/1658 1512/1756/1658
f 1505/1757/1659 1519/1764/1659 1520/1766/1659
f 1498/1759/1660 1528/1767/1660 1513/1768/1660
f 1754/1769/1661 1512/1756/1661 1527/1765/1661
f 1505/1757/1662 1521/1770/1662 1506/1744/1662
f 1498/1759/1663 1514/1771/1663 1499/1745/1663
f 1506/1744/1664 1522/1772/1664 1507/1746/1664
f 1499/1745/1665 1515/1773/1665 1500/1747/1665
f 1508/1748/1666 1522/1772/1666 1523/1774/1666
f 1500/1747/1667 1516/1775/1667 1501/1749/1667
f 1508/1748/1668 1524/1776/1668 1509/1750/1668
f 1502/1751/1669 1516/1775/1669 1517/1777/1669
f 1513/1768/1670 1530/1778/1670 1514/1771/1670
f 1521/1770/1671 1538/1779/1671 1522/1772/1671
f 1514/1771/1672 1531/1780/1672 1515/1773/1672
f 1523/1774/1673 1538/1779/1673 1539/1781/1673
f 1515/1773/1674 1532/1782/1674 1516/1775/1674
f 1523/1774/1675 1540/1783/1675 1524/1776/1675
f 1517/1777/1676 1532/1782/1676 1533/1784/1676
f 1524/1776/1677 1541/1785/1677 1525/1761/1677
f 1517/1777/1678 1534/1786/1678 1518/1762/1678
f 1525/1761/1679 1542/1787/1679 1526/1763/1679
f 1519/1764/1680 1534/1786/1680 1535/1788/1680
f 1527/1765/1681 1542/1787/1681 1543/1789/1681
f 1520/1766/1682 1535/1788/1682 1536/1790/1682
f 1513/1768/1683 1528/1791/1683 1529/1792/1683
f 1754/1793/1684 1527/1765/1684 1543/1789/1684
f 1520/1766/1685 1537/1794/1685 1521/1770/1685
f 1533/1784/1686 1549/1795/1686 1534/1786/1686
f 1542/1787/1687 1556/1796/1687 1557/1797/1687
f 1535/1788/1688 1549/1795/1688 1550/1798/1688
f 1542/1787/1689 1558/1799/1689 1543/1789/1689
f 1536/1790/1690 1550/1798/1690 1551/1800/1690
f 1529/1792/1691 1528/1801/1691 1544/1802/1691
f 1754/1803/1692 1543/1789/1692 1558/1799/1692
f 1536/1790/1693 1552/1804/1693 1537/1794/1693
f 1530/1778/1694 1544/1802/1694 1545/1805/1694
f 1537/1794/1695 1553/1806/1695 1538/1779/1695
f 1530/1778/1696 1546/1807/1696 1531/1780/1696
f 1539/1781/1697 1553/1806/1697 1554/1808/1697
f 1531/1780/1698 1547/1809/1698 1532/1782/1698
f 1539/1781/1699 1555/1810/1699 1540/1783/1699
f 1533/1784/1700 1547/1809/1700 1548/1811/1700
f 1541/1785/1701 1555/1810/1701 1556/1796/1701
f 1552/1804/1702 1568/1812/1702 1553/1806/1702
f 1545/1805/1703 1561/1813/1703 1546/1807/1703
f 1554/1808/1704 1568/1812/1704 1569/1814/1704
f 1546/1807/1705 1562/1815/1705 1547/1809/1705
f 1554/1808/1706 1570/1816/1706 1555/1810/1706
f 1548/1811/1707 1562/1815/1707 1563/1817/1707
f 1556/1796/1708 1570/1816/1708 1571/1818/1708
f 1548/1811/1709 1564/1819/1709 1549/1795/1709
f 1556/1796/1710 1572/1820/1710 1557/1797/1710
f 1550/1798/1711 1564/1819/1711 1565/1821/1711
f 1557/1797/1712 1573/1822/1712 1558/1799/1712
f 1551/1800/1713 1565/1821/1713 1566/1823/1713
f 1544/1802/1714 1528/1824/1714 1559/1825/1714
f 1754/1826/1715 1558/1799/1715 1573/1822/1715
f 1551/1800/1716 1567/1827/1716 1552/1804/1716
f 1545/1805/1717 1559/1825/1717 1560/1828/1717
f 1571/1818/1718 1587/1829/1718 1572/1820/1718
f 1565/1821/1719 1579/1830/1719 1580/1831/1719
f 1572/1820/1720 1588/1832/1720 1573/1822/1720
f 1566/1823/1721 1580/1831/1721 1581/1833/1721
f 1559/1825/1722 1528/1834/1722 1574/1835/1722
f 1754/1836/1723 1573/1822/1723 1588/1832/1723
f 1566/1823/1724 1582/1837/1724 1567/1827/1724
f 1559/1825/1725 1575/1838/1725 1560/1828/1725
f 1567/1827/1726 1583/1839/1726 1568/1812/1726
f 1560/1828/1727 1576/1840/1727 1561/1813/1727
f 1569/1814/1728 1583/1839/1728 1584/1841/1728
f 1561/1813/1729 1577/1842/1729 1562/1815/1729
f 1569/1814/1730 1585/1843/1730 1570/1816/1730
f 1563/1817/1731 1577/1842/1731 1578/1844/1731
f 1571/1818/1732 1585/1843/1732 1586/1845/1732
f 1563/1817/1733 1579/1830/1733 1564/1819/1733
f 1584/1841/1734 1598/1846/1734 1599/1847/1734
f 1576/1840/1735 1592/1848/1735 1577/1842/1735
f 1584/1841/1736 1600/1849/1736 1585/1843/1736
f 1578/1844/1737 1592/1848/1737 1593/1850/1737
f 1586/1845/1738 1600/1849/1738 1601/1851/1738
f 1578/1844/1739 1594/1852/1739 1579/1830/1739
f 1586/1845/1740 1602/1853/1740 1587/1829/1740
f 1580/1831/1741 1594/1852/1741 1595/1854/1741
f 1588/1832/1742 1602/1853/1742 1603/1855/1742
f 1581/1833/1743 1595/1854/1743 1596/1856/1743
f 1574/1835/1744 1528/1857/1744 1589/1858/1744
f 1754/1859/1745 1588/1832/1745 1603/1855/1745
f 1581/1833/1746 1597/1860/1746 1582/1837/1746
f 1574/1835/1747 1590/1861/1747 1575/1838/1747
f 1582/1837/1748 1598/1846/1748 1583/1839/1748
f 1576/1840/1749 1590/1861/1749 1591/1862/1749
f 1602/1853/1750 1618/1863/1750 1603/1855/1750
f 1596/1856/1751 1610/1864/1751 1611/1865/1751
f 1589/1858/1752 1528/1866/1752 1604/1867/1752
f 1754/1868/1753 1603/1855/1753 1618/1863/1753
f 1596/1856/1754 1612/1869/1754 1597/1860/1754
f 1589/1858/1755 1605/1870/1755 1590/1861/1755
f 1597/1860/1756 1613/1871/1756 1598/1846/1756
f 1591/1862/1757 1605/1870/1757 1606/1872/1757
f 1599/1847/1758 1613/1871/1758 1614/1873/1758
f 1591/1862/1759 1607/1874/1759 1592/1848/1759
f 1599/1847/1760 1615/1875/1760 1600/1849/1760
f 1593/1850/1761 1607/1874/1761 1608/1876/1761
f 1601/1851/1762 1615/1875/1762 1616/1877/1762
f 1593/1850/1763 1609/1878/1763 1594/1852/1763
f 1601/1851/1764 1617/1879/1764 1602/1853/1764
f 1595/1854/1765 1609/1878/1765 1610/1864/1765
f 1606/1872/1766 1622/1880/1766 1607/1874/1766
f 1614/1873/1767 1630/1881/1767 1615/1875/1767
f 1608/1876/1768 1622/1880/1768 1623/1882/1768
f 1615/1875/1769 1631/1883/1769 1616/1877/1769
f 1608/1876/1770 1624/1884/1770 1609/1878/1770
f 1617/1879/1771 1631/1883/1771 1632/1885/1771
f 1610/1864/1772 1624/1884/1772 1625/1886/1772
f 1618/1863/1773 1632/1885/1773 1633/1887/1773
f 1611/1865/1774 1625/1886/1774 1626/1888/1774
f 1604/1867/1775 1528/1889/1775 1619/1890/1775
f 1754/1891/1776 1618/1863/1776 1633/1887/1776
f 1611/1865/1777 1627/1892/1777 1612/1869/1777
f 1604/1867/1778 1620/1893/1778 1605/1870/1778
f 1612/1869/1779 1628/1894/1779 1613/1871/1779
f 1605/1870/1780 1621/1895/1780 1606/1872/1780
f 1614/1873/1781 1628/1894/1781 1629/1896/1781
f 1626/1888/1782 1640/1897/1782 1641/1898/1782
f 1619/1890/1783 1528/1899/1783 1634/1900/1783
f 1754/1901/1784 1633/1887/1784 1648/1902/1784
f 1626/1888/1785 1642/1903/1785 1627/1892/1785
f 1620/1893/1786 1634/1900/1786 1635/1904/1786
f 1627/1892/1787 1643/1905/1787 1628/1894/1787
f 1621/1895/1788 1635/1904/1788 1636/1906/1788
f 1629/1896/1789 1643/1905/1789 1644/1907/1789
f 1621/1895/1790 1637/1908/1790 1622/1880/1790
f 1629/1896/1791 1645/1909/1791 1630/1881/1791
f 1623/1882/1792 1637/1908/1792 1638/1910/1792
f 1631/1883/1793 1645/1909/1793 1646/1911/1793
f 1623/1882/1794 1639/1912/1794 1624/1884/1794
f 1631/1883/1795 1647/1913/1795 1632/1885/1795
f 1625/1886/1796 1639/1912/1796 1640/1897/1796
f 1632/1885/1797 1648/1902/1797 1633/1887/1797
f 1644/1907/1798 1660/1914/1798 1645/1909/1798
f 1638/1910/1799 1652/1915/1799 1653/1916/1799
f 1646/1911/1800 1660/1914/1800 1661/1917/1800
f 1638/1910/1801 1654/1918/1801 1639/1912/1801
f 1646/1911/1802 1662/1919/1802 1647/1913/1802
f 1640/1897/1803 1654/1918/1803 1655/1920/1803
f 1647/1913/1804 1663/1921/1804 1648/1902/1804
f 1641/1898/1805 1655/1920/1805 1656/1922/1805
f 1634/1900/1806 1528/1923/1806 1649/1924/1806
f 1754/1925/1807 1648/1902/1807 1663/1921/1807
f 1641/1898/1808 1657/1926/1808 1642/1903/1808
f 1634/1900/1809 1650/1927/1809 1635/1904/1809
f 1642/1903/1810 1658/1928/1810 1643/1905/1810
f 1635/1904/1811 1651/1929/1811 1636/1906/1811
f 1644/1907/1812 1658/1928/1812 1659/1930/1812
f 1636/1906/1813 1652/1915/1813 1637/1908/1813
f 1649/1924/1814 1528/1931/1814 1664/1932/1814
f 1754/1933/1815 1663/1921/1815 1678/1934/1815
f 1656/1922/1816 1672/1935/1816 1657/1926/1816
f 1649/1924/1817 1665/1936/1817 1650/1927/1817
f 1657/1926/1818 1673/1937/1818 1658/1928/1818
f 1650/1927/1819 1666/1938/1819 1651/1929/1819
f 1659/1930/1820 1673/1937/1820 1674/1939/1820
f 1651/1929/1821 1667/1940/1821 1652/1915/1821
f 1659/1930/1822 1675/1941/1822 1660/1914/1822
f 1653/1916/1823 1667/1940/1823 1668/1942/1823
f 1661/1917/1824 1675/1941/1824 1676/1943/1824
f 1653/1916/1825 1669/1944/1825 1654/1918/1825
f 1661/1917/1826 1677/1945/1826 1662/1919/1826
f 1655/1920/1827 1669/1944/1827 1670/1946/1827
f 1662/1919/1828 1678/1934/1828 1663/1921/1828
f 1656/1922/1829 1670/1946/1829 1671/1947/1829
f 1668/1942/1830 1682/1948/1830 1683/1949/1830
f 1676/1943/1831 1690/1950/1831 1691/1951/1831
f 1668/1942/1832 1684/1952/1832 1669/1944/1832
f 1676/1943/1833 1692/1953/1833 1677/1945/1833
f 1670/1946/1834 1684/1952/1834 1685/1954/1834
f 1678/1934/1835 1692/1953/1835 1693/1955/1835
f 1671/1947/1836 1685/1954/1836 1686/1956/1836
f 1664/1932/1837 1528/1957/1837 1679/1958/1837
f 1754/1959/1838 1678/1934/1838 1693/1955/1838
f 1671/1947/1839 1687/1960/1839 1672/1935/1839
f 1664/1932/1840 1680/1961/1840 1665/1936/1840
f 1672/1935/1841 1688/1962/1841 1673/1937/1841
f 1666/1938/1842 1680/1961/1842 1681/1963/1842
f 1674/1939/1843 1688/1962/1843 1689/1964/1843
f 1666/1938/1844 1682/1948/1844 1667/1940/1844
f 1674/1939/1845 1690/1950/1845 1675/1941/1845
f 1686/1956/1846 1702/1965/1846 1687/1960/1846
f 1679/1958/1847 1695/1966/1847 1680/1961/1847
f 1687/1960/1848 1703/1967/1848 1688/1962/1848
f 1680/1961/1849 1696/1968/1849 1681/1963/1849
f 1689/1964/1850 1703/1967/1850 1704/1969/1850
f 1681/1963/1851 1697/1970/1851 1682/1948/1851
f 1689/1964/1852 1705/1971/1852 1690/1950/1852
f 1683/1949/1853 1697/1970/1853 1698/1972/1853
f 1691/1951/1854 1705/1971/1854 1706/1973/1854
f 1683/1949/1855 1699/1974/1855 1684/1952/1855
f 1691/1951/1856 1707/1975/1856 1692/1953/1856
f 1685/1954/1857 1699/1974/1857 1700/1976/1857
f 1692/1953/1858 1708/1977/1858 1693/1955/1858
f 1686/1956/1859 1700/1976/1859 1701/1978/1859
f 1679/1958/1860 1528/1979/1860 1694/1980/1860
f 1754/1981/1861 1693/1955/1861 1708/1977/1861
f 1706/1973/1862 1720/1982/1862 1721/1983/1862
f 1698/1972/1863 1714/1984/1863 1699/1974/1863
f 1706/1973/1864 1722/1985/1864 1707/1975/1864
f 1700/1976/1865 1714/1984/1865 1715/1986/1865
f 1707/1975/1866 1723/1987/1866 1708/1977/1866
f 1701/1978/1867 1715/1986/1867 1716/1988/1867
f 1694/1980/1868 1528/1989/1868 1709/1990/1868
f 1754/1991/1869 1708/1977/1869 1723/1987/1869
f 1701/1978/1870 1717/1992/1870 1702/1965/1870
f 1695/1966/1871 1709/1990/1871 1710/1993/1871
f 1702/1965/1872 1718/1994/1872 1703/1967/1872
f 1695/1966/1873 1711/1995/1873 1696/1968/1873
f 1704/1969/1874 1718/1994/1874 1719/1996/1874
f 1696/1968/1875 1712/1997/1875 1697/1970/1875
f 1704/1969/1876 1720/1982/1876 1705/1971/1876
f 1698/1972/1877 1712/1997/1877 1713/1998/1877
f 1717/1992/1878 1733/1999/1878 1718/1994/1878
f 1710/1993/1879 1726/2000/1879 1711/1995/1879
f 1719/1996/1880 1733/1999/1880 1734/2001/1880
f 1711/1995/1881 1727/2002/1881 1712/1997/1881
f 1719/1996/1882 1735/2003/1882 1720/1982/1882
f 1713/1998/1883 1727/2002/1883 1728/2004/1883
f 1721/1983/1884 1735/2003/1884 1736/2005/1884
f 1713/1998/1885 1729/2006/1885 1714/1984/1885
f 1721/1983/1886 1737/2007/1886 1722/1985/1886
f 1715/1986/1887 1729/2006/1887 1730/2008/1887
f 1723/1987/1888 1737/2007/1888 1738/2009/1888
f 1716/1988/1889 1730/2008/1889 1731/2010/1889
f 1709/1990/1890 1528/2011/1890 1724/2012/1890
f 1754/2013/1891 1723/1987/1891 1738/2009/1891
f 1716/1988/1892 1732/2014/1892 1717/1992/1892
f 1710/1993/1893 1724/2012/1893 1725/2015/1893
f 1736/2005/1894 1752/2016/1894 1737/2007/1894
f 1730/2008/1895 1744/2017/1895 1745/2018/1895
f 1738/2009/1896 1752/2016/1896 1753/2019/1896
f 1731/2010/1897 1745/2018/1897 1746/2020/1897
f 1724/2012/1898 1528/2021/1898 1739/2022/1898
f 1754/2023/1899 1738/2009/1899 1753/2019/1899
f 1731/2010/1900 1747/2024/1900 1732/2014/1900
f 1724/2012/1901 1740/2025/1901 1725/2015/1901
f 1732/2014/1902 1748/2026/1902 1733/1999/1902
f 1725/2015/1903 1741/2027/1903 1726/2000/1903
f 1734/2001/1904 1748/2026/1904 1749/2028/1904
f 1726/2000/1905 1742/2029/1905 1727/2002/1905
f 1734/2001/1906 1750/2030/1906 1735/2003/1906
f 1728/2004/1907 1742/2029/1907 1743/2031/1907
f 1736/2005/1908 1750/2030/1908 1751/2032/1908
f 1728/2004/1909 1744/2017/1909 1729/2006/1909
f 1740/2025/1910 1757/2033/1910 1741/2027/1910
f 1749/2028/1911 1764/2034/1911 1765/2035/1911
f 1741/2027/1912 1758/2036/1912 1742/2029/1912
f 1749/2028/1913 1766/2037/1913 1750/2030/1913
f 1743/2031/1914 1758/2036/1914 1759/2038/1914
f 1751/2032/1915 1766/2037/1915 1767/2039/1915
f 1743/2031/1916 1760/2040/1916 1744/2017/1916
f 1751/2032/1917 1768/2041/1917 1752/2016/1917
f 1745/2018/1918 1760/2040/1918 1761/2042/1918
f 1752/2016/1919 1769/2043/1919 1753/2019/1919
f 1746/2020/1920 1761/2042/1920 1762/2044/1920
f 1739/2022/1921 1528/2045/1921 1755/2046/1921
f 1754/2047/1922 1753/2019/1922 1769/2043/1922
f 1746/2020/1923 1763/2048/1923 1747/2024/1923
f 1739/2022/1924 1756/2049/1924 1740/2025/1924
f 1747/2024/1925 1764/2034/1925 1748/2026/1925
f 1761/2042/1926 1775/2050/1926 1776/2051/1926
f 1768/2041/1927 1784/2052/1927 1769/2043/1927
f 1762/2044/1928 1776/2051/1928 1777/2053/1928
f 1755/2046/1929 1528/2054/1929 1770/2055/1929
f 1754/2056/1930 1769/2043/1930 1784/2052/1930
f 1762/2044/1931 1778/2057/1931 1763/2048/1931
f 1755/2046/1932 1771/2058/1932 1756/2049/1932
f 1763/2048/1933 1779/2059/1933 1764/2034/1933
f 1756/2049/1934 1772/2060/1934 1757/2033/1934
f 1765/2035/1935 1779/2059/1935 1780/2061/1935
f 1757/2033/1936 1773/2062/1936 1758/2036/1936
f 1765/2035/1937 1781/2063/1937 1766/2037/1937
f 1758/2036/1938 1774/2064/1938 1759/2038/1938
f 1767/2039/1939 1781/2063/1939 1782/2065/1939
f 1759/2038/1940 1775/2050/1940 1760/2040/1940
f 1767/2039/1941 1783/2066/1941 1768/2041/1941
f 1780/2061/1942 1794/2067/1942 1795/2068/1942
f 1772/2060/1943 1788/2069/1943 1773/2062/1943
f 1780/2061/1944 1796/2070/1944 1781/2063/1944
f 1774/2064/1945 1788/2069/1945 1789/2071/1945
f 1782/2065/1946 1796/2070/1946 1797/2072/1946
f 1774/2064/1947 1790/2073/1947 1775/2050/1947
f 1782/2065/1948 1798/2074/1948 1783/2066/1948
f 1776/2051/1949 1790/2073/1949 1791/2075/1949
f 1783/2066/1950 1799/2076/1950 1784/2052/1950
f 1777/2053/1951 1791/2075/1951 1792/2077/1951
f 1770/2055/1952 1528/2078/1952 1785/2079/1952
f 1754/2080/1953 1784/2052/1953 1799/2076/1953
f 1777/2053/1954 1793/2081/1954 1778/2057/1954
f 1770/2055/1955 1786/2082/1955 1771/2058/1955
f 1778/2057/1956 1794/2067/1956 1779/2059/1956
f 1771/2058/1957 1787/2083/1957 1772/2060/1957
f 1798/2074/1958 1814/2084/1958 1799/2076/1958
f 1792/2077/1959 1806/2085/1959 1807/2086/1959
f 1785/2079/1960 1528/2087/1960 1800/2088/1960
f 1754/2089/1961 1799/2076/1961 1814/2084/1961
f 1792/2077/1962 1808/2090/1962 1793/2081/1962
f 1785/2079/1963 1801/2091/1963 1786/2082/1963
f 1793/2081/1964 1809/2092/1964 1794/2067/1964
f 1787/2083/1965 1801/2091/1965 1802/2093/1965
f 1795/2068/1966 1809/2092/1966 1810/2094/1966
f 1787/2083/1967 1803/2095/1967 1788/2069/1967
f 1795/2068/1968 1811/2096/1968 1796/2070/1968
f 1789/2071/1969 1803/2095/1969 1804/2097/1969
f 1797/2072/1970 1811/2096/1970 1812/2098/1970
f 1789/2071/1971 1805/2099/1971 1790/2073/1971
f 1797/2072/1972 1813/2100/1972 1798/2074/1972
f 1791/2075/1973 1805/2099/1973 1806/2085/1973
f 1802/2101/1974 1818/2102/1974 1803/2103/1974
f 1810/2104/1975 1826/2105/1975 1811/2106/1975
f 1804/2107/1976 1818/2102/1976 1819/2108/1976
f 1812/2109/1977 1826/2105/1977 1827/2110/1977
f 1804/2107/1978 1820/2111/1978 1805/2112/1978
f 1812/2109/1979 1828/2113/1979 1813/2114/1979
f 1806/2115/1980 1820/2111/1980 1821/2116/1980
f 1813/2114/1981 1829/2117/1981 1814/2118/1981
f 1807/2119/1982 1821/2116/1982 1822/2120/1982
f 1800/2121/1983 1528/2122/1983 1815/2123/1983
f 1754/2124/1984 1814/2118/1984 1829/2117/1984
f 1807/2119/1985 1823/2125/1985 1808/2126/1985
f 1800/2121/1986 1816/2127/1986 1801/2128/1986
f 1808/2126/1987 1824/2129/1987 1809/2130/1987
f 1802/2101/1988 1816/2127/1988 1817/2131/1988
f 1810/2104/1989 1824/2129/1989 1825/2132/1989
f 1822/2120/1990 1836/2133/1990 1837/2134/1990
f 1815/2123/1991 1528/2135/1991 1830/2136/1991
f 1754/2137/1992 1829/2117/1992 1844/2138/1992
f 1822/2120/1993 1838/2139/1993 1823/2125/1993
f 1815/2123/1994 1831/2140/1994 1816/2127/1994
f 1823/2125/1995 1839/2141/1995 1824/2129/1995
f 1817/2131/1996 1831/2140/1996 1832/2142/1996
f 1825/2132/1997 1839/2141/1997 1840/2143/1997
f 1817/2131/1998 1833/2144/1998 1818/2102/1998
f 1825/2132/1999 1841/2145/1999 1826/2105/1999
f 1819/2108/2000 1833/2144/2000 1834/2146/2000
f 1827/2110/2001 1841/2145/2001 1842/2147/2001
f 1819/2108/2002 1835/2148/2002 1820/2111/2002
f 1827/2110/2003 1843/2149/2003 1828/2113/2003
f 1821/2116/2004 1835/2148/2004 1836/2133/2004
f 1828/2113/2005 1844/2138/2005 1829/2117/2005
f 1840/2143/2006 1856/2150/2006 1841/2145/2006
f 1834/2146/2007 1848/2151/2007 1849/2152/2007
f 1842/2147/2008 1856/2150/2008 1857/2153/2008
f 1834/2146/2009 1850/2154/2009 1835/2148/2009
f 1843/2149/2010 1857/2153/2010 1858/2155/2010
f 1836/2133/2011 1850/2154/2011 1851/2156/2011
f 1843/2149/2012 1859/2157/2012 1844/2138/2012
f 1837/2134/2013 1851/2156/2013 1852/2158/2013
f 1830/2136/2014 1528/2159/2014 1845/2160/2014
f 1754/2161/2015 1844/2138/2015 1859/2157/2015
f 1837/2134/2016 1853/2162/2016 1838/2139/2016
f 1831/2140/2017 1845/2160/2017 1846/2163/2017
f 1838/2139/2018 1854/2164/2018 1839/2141/2018
f 1831/2140/2019 1847/2165/2019 1832/2142/2019
f 1840/2143/2020 1854/2164/2020 1855/2166/2020
f 1832/2142/2021 1848/2151/2021 1833/2144/2021
f 1754/2167/2022 1859/2157/2022 1874/2168/2022
f 1852/2158/2023 1868/2169/2023 1853/2162/2023
f 1845/2160/2024 1861/2170/2024 1846/2163/2024
f 1853/2162/2025 1869/2171/2025 1854/2164/2025
f 1847/2165/2026 1861/2170/2026 1862/2172/2026
f 1855/2166/2027 1869/2171/2027 1870/2173/2027
f 1847/2165/2028 1863/2174/2028 1848/2151/2028
f 1855/2166/2029 1871/2175/2029 1856/2150/2029
f 1849/2152/2030 1863/2174/2030 1864/2176/2030
f 1857/2153/2031 1871/2175/2031 1872/2177/2031
f 1849/2152/2032 1865/2178/2032 1850/2154/2032
f 1857/2153/2033 1873/2179/2033 1858/2155/2033
f 1851/2156/2034 1865/2178/2034 1866/2180/2034
f 1858/2155/2035 1874/2168/2035 1859/2157/2035
f 1852/2158/2036 1866/2180/2036 1867/2181/2036
f 1845/2160/2037 1528/2182/2037 1860/2183/2037
f 1872/2177/2038 1886/2184/2038 1887/2185/2038
f 1864/2176/2039 1880/2186/2039 1865/2178/2039
f 1872/2177/2040 1888/2187/2040 1873/2179/2040
f 1866/2180/2041 1880/2186/2041 1881/2188/2041
f 1873/2179/2042 1889/2189/2042 1874/2168/2042
f 1867/2181/2043 1881/2188/2043 1882/2190/2043
f 1860/2183/2044 1528/2191/2044 1875/2192/2044
f 1754/2193/2045 1874/2168/2045 1889/2189/2045
f 1867/2181/2046 1883/2194/2046 1868/2169/2046
f 1860/2183/2047 1876/2195/2047 1861/2170/2047
f 1868/2169/2048 1884/2196/2048 1869/2171/2048
f 1862/2172/2049 1876/2195/2049 1877/2197/2049
f 1870/2173/2050 1884/2196/2050 1885/2198/2050
f 1862/2172/2051 1878/2199/2051 1863/2174/2051
f 1870/2173/2052 1886/2184/2052 1871/2175/2052
f 1864/2176/2053 1878/2199/2053 1879/2200/2053
f 1876/2195/2054 1890/2201/2054 1891/2202/2054
f 1883/2194/2055 1899/2203/2055 1884/2196/2055
f 1876/2195/2056 1892/2204/2056 1877/2197/2056
f 1885/2198/2057 1899/2203/2057 1900/2205/2057
f 1877/2197/2058 1893/2206/2058 1878/2199/2058
f 1885/2198/2059 1901/2207/2059 1886/2184/2059
f 1879/2200/2060 1893/2206/2060 1894/2208/2060
f 1887/2185/2061 1901/2207/2061 1902/2209/2061
f 1879/2200/2062 1895/2210/2062 1880/2186/2062
f 1887/2185/2063 1903/2211/2063 1888/2187/2063
f 1881/2188/2064 1895/2210/2064 1896/2212/2064
f 1888/2187/2065 1904/2213/2065 1889/2189/2065
f 1882/2190/2066 1896/2212/2066 1897/2214/2066
f 1875/2192/2067 1528/2215/2067 1890/2201/2067
f 1754/2216/2068 1889/2189/2068 1904/2213/2068
f 1882/2190/2069 1898/2217/2069 1883/2194/2069
f 1894/2208/2070 1910/2218/2070 1895/2210/2070
f 1902/2209/2071 1918/2219/2071 1903/2211/2071
f 1896/2212/2072 1910/2218/2072 1911/2220/2072
f 1904/2213/2073 1918/2219/2073 1919/2221/2073
f 1897/2214/2074 1911/2220/2074 1912/2222/2074
f 1890/2201/2075 1528/2223/2075 1905/2224/2075
f 1754/2225/2076 1904/2213/2076 1919/2221/2076
f 1897/2214/2077 1913/2226/2077 1898/2217/2077
f 1890/2201/2078 1906/2227/2078 1891/2202/2078
f 1898/2217/2079 1914/2228/2079 1899/2203/2079
f 1892/2204/2080 1906/2227/2080 1907/2229/2080
f 1900/2205/2081 1914/2228/2081 1915/2230/2081
f 1892/2204/2082 1908/2231/2082 1893/2206/2082
f 1900/2205/2083 1916/2232/2083 1901/2207/2083
f 1894/2208/2084 1908/2231/2084 1909/2233/2084
f 1902/2209/2085 1916/2232/2085 1917/2234/2085
f 1913/2226/2086 1924/1683/2086 1914/2228/2086
f 1907/2229/2087 1921/1678/2087 1447/1684/2087
f 1914/2228/2088 1452/1687/2088 1915/2230/2088
f 1908/2231/2089 1447/1684/2089 1922/1688/2089
f 1915/2230/2090 1925/1691/2090 1916/2232/2090
f 1909/2233/2091 1922/1688/2091 1448/1692/2091
f 1917/2234/2092 1925/1691/2092 1926/1695/2092
f 1910/2218/2093 1448/1692/2093 1923/1696/2093
f 1917/2234/2094 1927/1699/2094 1918/2219/2094
f 1911/2220/2095 1923/1696/2095 1449/1700/2095
f 1918/2219/2096 1928/1703/2096 1919/2221/2096
f 1912/2222/2097 1449/1700/2097 1450/1705/2097
f 1905/2224/2098 1528/2235/2098 1920/1706/2098
f 1754/2236/2099 1919/2221/2099 1928/1703/2099
f 1912/2222/2100 1451/1681/2100 1913/2226/2100
f 1906/2227/2101 1920/1706/2101 1921/1678/2101
f 1921/1678/1590 1920/1706/1590 1453/1679/1590
f 1451/1681/1591 1461/1709/1591 1462/1682/1591
f 1447/1684/1592 1921/1678/1592 1454/1680/1592
f 1924/1683/1593 1462/1682/1593 1463/1686/1593
f 1922/1688/1594 1447/1684/1594 1455/1685/1594
f 1452/1687/1595 1463/1686/1595 1464/1690/1595
f 1448/1692/1596 1922/1688/1596 1456/1689/1596
f 1925/1691/1597 1464/1690/1597 1465/1694/1597
f 1923/1696/1598 1448/1692/1598 1457/1693/1598
f 1926/1695/1599 1465/1694/1599 1466/1698/1599
f 1449/1700/1600 1923/1696/1600 1458/1697/1600
f 1927/1699/1601 1466/1698/1601 1467/1702/1601
f 1449/1700/1602 1459/1701/1602 1460/1704/1602
f 1450/1705/1605 1460/1704/1605 1461/1709/1605
f 1460/1704/1608 1475/1726/1608 1476/1714/1608
f 1453/1679/1609 1468/1711/1609 1469/1715/1609
f 1461/1709/1610 1476/1714/1610 1477/1716/1610
f 1454/1680/1611 1469/1715/1611 1470/1717/1611
f 1462/1682/1612 1477/1716/1612 1478/1718/1612
f 1455/1685/1613 1470/1717/1613 1471/1719/1613
f 1463/1686/1614 1478/1718/1614 1479/1720/1614
f 1456/1689/1615 1471/1719/1615 1472/1721/1615
f 1465/1694/1616 1464/1690/1616 1479/1720/1616
f 1457/1693/1617 1472/1721/1617 1473/1723/1617
f 1466/1698/1618 1465/1694/1618 1480/1722/1618
f 1459/1701/1619 1458/1697/1619 1473/1723/1619
f 1466/1698/1620 1481/1724/1620 1482/1713/1620
f 1459/1701/1621 1474/1725/1621 1475/1726/1621
f 1471/1719/1622 1486/1743/1622 1487/1727/1622
f 1480/1722/1623 1479/1720/1623 1494/1728/1623
f 1472/1721/1624 1487/1727/1624 1488/1730/1624
f 1480/1722/1625 1495/1729/1625 1496/1731/1625
f 1473/1723/1626 1488/1730/1626 1489/1732/1626
f 1481/1724/1627 1496/1731/1627 1497/1733/1627
f 1474/1725/1628 1489/1732/1628 1490/1734/1628
f 1476/1714/1631 1475/1726/1631 1490/1734/1631
f 1468/1711/1632 1483/1736/1632 1484/1739/1632
f 1476/1714/1633 1491/1738/1633 1492/1740/1633
f 1469/1715/1634 1484/1739/1634 1485/1741/1634
f 1478/1718/1635 1477/1716/1635 1492/1740/1635
f 1470/1717/1636 1485/1741/1636 1486/1743/1636
f 1479/1720/1637 1478/1718/1637 1493/1742/1637
f 1490/1734/1638 1505/1757/1638 1506/1744/1638
f 1483/1736/1639 1498/1759/1639 1499/1745/1639
f 1491/1738/1640 1506/1744/1640 1507/1746/1640
f 1484/1739/2102 1499/1745/2102 1500/1747/2102
f 1493/1742/1642 1492/1740/1642 1507/1746/1642
f 1485/1741/1643 1500/1747/1643 1501/1749/1643
f 1493/1742/1644 1508/1748/1644 1509/1750/1644
f 1486/1743/1645 1501/1749/1645 1502/1751/1645
f 1494/1728/1646 1509/1750/1646 1510/1752/1646
f 1487/1727/1647 1502/1751/1647 1503/1753/1647
f 1495/1729/1648 1510/1752/1648 1511/1754/1648
f 1489/1732/1649 1488/1730/1649 1503/1753/1649
f 1496/1731/1650 1511/1754/1650 1512/1756/1650
f 1490/1734/1651 1489/1732/1651 1504/1755/1651
f 1509/1750/1654 1524/1776/1654 1525/1761/1654
f 1502/1751/2103 1517/1777/2103 1518/1762/2103
f 1511/1754/1656 1510/1752/1656 1525/1761/1656
f 1504/1755/1657 1503/1753/1657 1518/1762/1657
f 1511/1754/1658 1526/1763/1658 1527/1765/1658
f 1505/1757/1659 1504/1755/1659 1519/1764/1659
f 1505/1757/1662 1520/1766/1662 1521/1770/1662
f 1498/1759/1663 1513/1768/1663 1514/1771/1663
f 1506/1744/1664 1521/1770/1664 1522/1772/1664
f 1499/1745/1665 1514/1771/1665 1515/1773/1665
f 1508/1748/1666 1507/1746/1666 1522/1772/1666
f 1500/1747/1667 1515/1773/1667 1516/1775/1667
f 1508/1748/1668 1523/1774/1668 1524/1776/1668
f 1502/1751/1669 1501/1749/1669 1516/1775/1669
f 1513/1768/1670 1529/1792/1670 1530/1778/1670
f 1521/1770/1671 1537/1794/1671 1538/1779/1671
f 1514/1771/1672 1530/1778/1672 1531/1780/1672
f 1523/1774/1673 1522/1772/1673 1538/1779/1673
f 1515/1773/1674 1531/1780/1674 1532/1782/1674
f 1523/1774/1675 1539/1781/1675 1540/1783/1675
f 1517/1777/1676 1516/1775/1676 1532/1782/1676
f 1524/1776/1677 1540/1783/1677 1541/1785/1677
f 1517/1777/1678 1533/1784/1678 1534/1786/1678
f 1525/1761/2104 1541/1785/2104 1542/1787/2104
f 1519/1764/1680 1518/1762/1680 1534/1786/1680
f 1527/1765/1681 1526/1763/1681 1542/1787/1681
f 1520/1766/1682 1519/1764/1682 1535/1788/1682
f 1520/1766/1685 1536/1790/1685 1537/1794/1685
f 1533/1784/1686 1548/1811/1686 1549/1795/1686
f 1542/1787/1687 1541/1785/1687 1556/1796/1687
f 1535/1788/1688 1534/1786/1688 1549/1795/1688
f 1542/1787/1689 1557/1797/1689 1558/1799/1689
f 1536/1790/2105 1535/1788/2105 1550/1798/2105
f 1536/1790/1693 1551/1800/1693 1552/1804/1693
f 1530/1778/1694 1529/1792/1694 1544/1802/1694
f 1537/1794/1695 1552/1804/1695 1553/1806/1695
f 1530/1778/1696 1545/1805/1696 1546/1807/1696
f 1539/1781/1697 1538/1779/1697 1553/1806/1697
f 1531/1780/1698 1546/1807/1698 1547/1809/1698
f 1539/1781/1699 1554/1808/1699 1555/1810/1699
f 1533/1784/1700 1532/1782/1700 1547/1809/1700
f 1541/1785/1701 1540/1783/1701 1555/1810/1701
f 1552/1804/1702 1567/1827/1702 1568/1812/1702
f 1545/1805/1703 1560/1828/1703 1561/1813/1703
f 1554/1808/1704 1553/1806/1704 1568/1812/1704
f 1546/1807/2106 1561/1813/2106 1562/1815/2106
f 1554/1808/1706 1569/1814/1706 1570/1816/1706
f 1548/1811/1707 1547/1809/1707 1562/1815/1707
f 1556/1796/1708 1555/1810/1708 1570/1816/1708
f 1548/1811/1709 1563/1817/1709 1564/1819/1709
f 1556/1796/1710 1571/1818/1710 1572/1820/1710
f 1550/1798/1711 1549/1795/1711 1564/1819/1711
f 1557/1797/1712 1572/1820/1712 1573/1822/1712
f 1551/1800/1713 1550/1798/1713 1565/1821/1713
f 1551/1800/1716 1566/1823/1716 1567/1827/1716
f 1545/1805/1717 1544/1802/1717 1559/1825/1717
f 1571/1818/1718 1586/1845/1718 1587/1829/1718
f 1565/1821/1719 1564/1819/1719 1579/1830/1719
f 1572/1820/2107 1587/1829/2107 1588/1832/2107
f 1566/1823/1721 1565/1821/1721 1580/1831/1721
f 1566/1823/2108 1581/1833/2108 1582/1837/2108
f 1559/1825/1725 1574/1835/1725 1575/1838/1725
f 1567/1827/1726 1582/1837/1726 1583/1839/1726
f 1560/1828/1727 1575/1838/1727 1576/1840/1727
f 1569/1814/1728 1568/1812/1728 1583/1839/1728
f 1561/1813/1729 1576/1840/1729 1577/1842/1729
f 1569/1814/1730 1584/1841/1730 1585/1843/1730
f 1563/1817/1731 1562/1815/1731 1577/1842/1731
f 1571/1818/1732 1570/1816/1732 1585/1843/1732
f 1563/1817/1733 1578/1844/1733 1579/1830/1733
f 1584/1841/1734 1583/1839/1734 1598/1846/1734
f 1576/1840/1735 1591/1862/1735 1592/1848/1735
f 1584/1841/2109 1599/1847/2109 1600/1849/2109
f 1578/1844/1737 1577/1842/1737 1592/1848/1737
f 1586/1845/1738 1585/1843/1738 1600/1849/1738
f 1578/1844/1739 1593/1850/1739 1594/1852/1739
f 1586/1845/1740 1601/1851/1740 1602/1853/1740
f 1580/1831/1741 1579/1830/1741 1594/1852/1741
f 1588/1832/1742 1587/1829/1742 1602/1853/1742
f 1581/1833/1743 1580/1831/1743 1595/1854/1743
f 1581/1833/1746 1596/1856/1746 1597/1860/1746
f 1574/1835/1747 1589/1858/1747 1590/1861/1747
f 1582/1837/1748 1597/1860/1748 1598/1846/1748
f 1576/1840/1749 1575/1838/1749 1590/1861/1749
f 1602/1853/1750 1617/1879/1750 1618/1863/1750
f 1596/1856/1751 1595/1854/1751 1610/1864/1751
f 1596/1856/1754 1611/1865/1754 1612/1869/1754
f 1589/1858/1755 1604/1867/1755 1605/1870/1755
f 1597/1860/1756 1612/1869/1756 1613/1871/1756
f 1591/1862/1757 1590/1861/1757 1605/1870/1757
f 1599/1847/1758 1598/1846/1758 1613/1871/1758
f 1591/1862/1759 1606/1872/1759 1607/1874/1759
f 1599/1847/1760 1614/1873/1760 1615/1875/1760
f 1593/1850/1761 1592/1848/1761 1607/1874/1761
f 1601/1851/1762 1600/1849/1762 1615/1875/1762
f 1593/1850/1763 1608/1876/1763 1609/1878/1763
f 1601/1851/1764 1616/1877/1764 1617/1879/1764
f 1595/1854/1765 1594/1852/1765 1609/1878/1765
f 1606/1872/1766 1621/1895/1766 1622/1880/1766
f 1614/1873/1767 1629/1896/1767 1630/1881/1767
f 1608/1876/1768 1607/1874/1768 1622/1880/1768
f 1615/1875/1769 1630/1881/1769 1631/1883/1769
f 1608/1876/1770 1623/1882/1770 1624/1884/1770
f 1617/1879/1771 1616/1877/1771 1631/1883/1771
f 1610/1864/1772 1609/1878/1772 1624/1884/1772
f 1618/1863/1773 1617/1879/1773 1632/1885/1773
f 1611/1865/1774 1610/1864/1774 1625/1886/1774
f 1611/1865/1777 1626/1888/1777 1627/1892/1777
f 1604/1867/1778 1619/1890/1778 1620/1893/1778
f 1612/1869/1779 1627/1892/1779 1628/1894/1779
f 1605/1870/1780 1620/1893/1780 1621/1895/1780
f 1614/1873/1781 1613/1871/1781 1628/1894/1781
f 1626/1888/1782 1625/1886/1782 1640/1897/1782
f 1626/1888/1785 1641/1898/1785 1642/1903/1785
f 1620/1893/1786 1619/1890/1786 1634/1900/1786
f 1627/1892/1787 1642/1903/1787 1643/1905/1787
f 1621/1895/1788 1620/1893/1788 1635/1904/1788
f 1629/1896/1789 1628/1894/1789 1643/1905/1789
f 1621/1895/1790 1636/1906/1790 1637/1908/1790
f 1629/1896/1791 1644/1907/1791 1645/1909/1791
f 1623/1882/1792 1622/1880/1792 1637/1908/1792
f 1631/1883/1793 1630/1881/1793 1645/1909/1793
f 1623/1882/1794 1638/1910/1794 1639/1912/1794
f 1631/1883/1795 1646/1911/1795 1647/1913/1795
f 1625/1886/1796 1624/1884/1796 1639/1912/1796
f 1632/1885/2110 1647/1913/2110 1648/1902/2110
f 1644/1907/1798 1659/1930/1798 1660/1914/1798
f 1638/1910/1799 1637/1908/1799 1652/1915/1799
f 1646/1911/2111 1645/1909/2111 1660/1914/2111
f 1638/1910/1801 1653/1916/1801 1654/1918/1801
f 1646/1911/1802 1661/1917/1802 1662/1919/1802
f 1640/1897/1803 1639/1912/1803 1654/1918/1803
f 1647/1913/1804 1662/1919/1804 1663/1921/1804
f 1641/1898/1805 1640/1897/1805 1655/1920/1805
f 1641/1898/1808 1656/1922/1808 1657/1926/1808
f 1634/1900/1809 1649/1924/1809 1650/1927/1809
f 1642/1903/1810 1657/1926/1810 1658/1928/1810
f 1635/1904/1811 1650/1927/1811 1651/1929/1811
f 1644/1907/1812 1643/1905/1812 1658/1928/1812
f 1636/1906/1813 1651/1929/1813 1652/1915/1813
f 1656/1922/1816 1671/1947/1816 1672/1935/1816
f 1649/1924/1817 1664/1932/1817 1665/1936/1817
f 1657/1926/1818 1672/1935/1818 1673/1937/1818
f 1650/1927/1819 1665/1936/1819 1666/1938/1819
f 1659/1930/1820 1658/1928/1820 1673/1937/1820
f 1651/1929/1821 1666/1938/1821 1667/1940/1821
f 1659/1930/1822 1674/1939/1822 1675/1941/1822
f 1653/1916/1823 1652/1915/1823 1667/1940/1823
f 1661/1917/1824 1660/1914/1824 1675/1941/1824
f 1653/1916/1825 1668/1942/1825 1669/1944/1825
f 1661/1917/1826 1676/1943/1826 1677/1945/1826
f 1655/1920/1827 1654/1918/1827 1669/1944/1827
f 1662/1919/1828 1677/1945/1828 1678/1934/1828
f 1656/1922/1829 1655/1920/1829 1670/1946/1829
f 1668/1942/1830 1667/1940/1830 1682/1948/1830
f 1676/1943/1831 1675/1941/1831 1690/1950/1831
f 1668/1942/1832 1683/1949/1832 1684/1952/1832
f 1676/1943/1833 1691/1951/1833 1692/1953/1833
f 1670/1946/1834 1669/1944/1834 1684/1952/1834
f 1678/1934/1835 1677/1945/1835 1692/1953/1835
f 1671/1947/1836 1670/1946/1836 1685/1954/1836
f 1671/1947/1839 1686/1956/1839 1687/1960/1839
f 1664/1932/2112 1679/1958/2112 1680/1961/2112
f 1672/1935/1841 1687/1960/1841 1688/1962/1841
f 1666/1938/1842 1665/1936/1842 1680/1961/1842
f 1674/1939/1843 1673/1937/1843 1688/1962/1843
f 1666/1938/1844 1681/1963/1844 1682/1948/1844
f 1674/1939/1845 1689/1964/1845 1690/1950/1845
f 1686/1956/1846 1701/1978/1846 1702/1965/1846
f 1679/1958/1847 1694/1980/1847 1695/1966/1847
f 1687/1960/1848 1702/1965/1848 1703/1967/1848
f 1680/1961/1849 1695/1966/1849 1696/1968/1849
f 1689/1964/1850 1688/1962/1850 1703/1967/1850
f 1681/1963/1851 1696/1968/1851 1697/1970/1851
f 1689/1964/1852 1704/1969/1852 1705/1971/1852
f 1683/1949/1853 1682/1948/1853 1697/1970/1853
f 1691/1951/1854 1690/1950/1854 1705/1971/1854
f 1683/1949/1855 1698/1972/1855 1699/1974/1855
f 1691/1951/1856 1706/1973/1856 1707/1975/1856
f 1685/1954/1857 1684/1952/1857 1699/1974/1857
f 1692/1953/1858 1707/1975/1858 1708/1977/1858
f 1686/1956/1859 1685/1954/1859 1700/1976/1859
f 1706/1973/2113 1705/1971/2113 1720/1982/2113
f 1698/1972/1863 1713/1998/1863 1714/1984/1863
f 1706/1973/1864 1721/1983/1864 1722/1985/1864
f 1700/1976/1865 1699/1974/1865 1714/1984/1865
f 1707/1975/1866 1722/1985/1866 1723/1987/1866
f 1701/1978/2114 1700/1976/2114 1715/1986/2114
f 1701/1978/1870 1716/1988/1870 1717/1992/1870
f 1695/1966/1871 1694/1980/1871 1709/1990/1871
f 1702/1965/1872 1717/1992/1872 1718/1994/1872
f 1695/1966/1873 1710/1993/1873 1711/1995/1873
f 1704/1969/1874 1703/1967/1874 1718/1994/1874
f 1696/1968/1875 1711/1995/1875 1712/1997/1875
f 1704/1969/1876 1719/1996/1876 1720/1982/1876
f 1698/1972/1877 1697/1970/1877 1712/1997/1877
f 1717/1992/2115 1732/2014/2115 1733/1999/2115
f 1710/1993/1879 1725/2015/1879 1726/2000/1879
f 1719/1996/1880 1718/1994/1880 1733/1999/1880
f 1711/1995/1881 1726/2000/1881 1727/2002/1881
f 1719/1996/1882 1734/2001/1882 1735/2003/1882
f 1713/1998/1883 1712/1997/1883 1727/2002/1883
f 1721/1983/1884 1720/1982/1884 1735/2003/1884
f 1713/1998/1885 1728/2004/1885 1729/2006/1885
f 1721/1983/1886 1736/2005/1886 1737/2007/1886
f 1715/1986/1887 1714/1984/1887 1729/2006/1887
f 1723/1987/1888 1722/1985/1888 1737/2007/1888
f 1716/1988/1889 1715/1986/1889 1730/2008/1889
f 1716/1988/1892 1731/2010/1892 1732/2014/1892
f 1710/1993/2116 1709/1990/2116 1724/2012/2116
f 1736/2005/2117 1751/2032/2117 1752/2016/2117
f 1730/2008/1895 1729/2006/1895 1744/2017/1895
f 1738/2009/1896 1737/2007/1896 1752/2016/1896
f 1731/2010/1897 1730/2008/1897 1745/2018/1897
f 1731/2010/1900 1746/2020/1900 1747/2024/1900
f 1724/2012/1901 1739/2022/1901 1740/2025/1901
f 1732/2014/1902 1747/2024/1902 1748/2026/1902
f 1725/2015/2118 1740/2025/2118 1741/2027/2118
f 1734/2001/1904 1733/1999/1904 1748/2026/1904
f 1726/2000/1905 1741/2027/1905 1742/2029/1905
f 1734/2001/1906 1749/2028/1906 1750/2030/1906
f 1728/2004/1907 1727/2002/1907 1742/2029/1907
f 1736/2005/1908 1735/2003/1908 1750/2030/1908
f 1728/2004/1909 1743/2031/1909 1744/2017/1909
f 1740/2025/1910 1756/2049/1910 1757/2033/1910
f 1749/2028/1911 1748/2026/1911 1764/2034/1911
f 1741/2027/1912 1757/2033/1912 1758/2036/1912
f 1749/2028/1913 1765/2035/1913 1766/2037/1913
f 1743/2031/2119 1742/2029/2119 1758/2036/2119
f 1751/2032/1915 1750/2030/1915 1766/2037/1915
f 1743/2031/1916 1759/2038/1916 1760/2040/1916
f 1751/2032/1917 1767/2039/1917 1768/2041/1917
f 1745/2018/1918 1744/2017/1918 1760/2040/1918
f 1752/2016/1919 1768/2041/1919 1769/2043/1919
f 1746/2020/1920 1745/2018/1920 1761/2042/1920
f 1746/2020/1923 1762/2044/1923 1763/2048/1923
f 1739/2022/1924 1755/2046/1924 1756/2049/1924
f 1747/2024/1925 1763/2048/1925 1764/2034/1925
f 1761/2042/1926 1760/2040/1926 1775/2050/1926
f 1768/2041/1927 1783/2066/1927 1784/2052/1927
f 1762/2044/1928 1761/2042/1928 1776/2051/1928
f 1762/2044/1931 1777/2053/1931 1778/2057/1931
f 1755/2046/1932 1770/2055/1932 1771/2058/1932
f 1763/2048/1933 1778/2057/1933 1779/2059/1933
f 1756/2049/2120 1771/2058/2120 1772/2060/2120
f 1765/2035/1935 1764/2034/1935 1779/2059/1935
f 1757/2033/1936 1772/2060/1936 1773/2062/1936
f 1765/2035/1937 1780/2061/1937 1781/2063/1937
f 1758/2036/1938 1773/2062/1938 1774/2064/1938
f 1767/2039/1939 1766/2037/1939 1781/2063/1939
f 1759/2038/1940 1774/2064/1940 1775/2050/1940
f 1767/2039/1941 1782/2065/1941 1783/2066/1941
f 1780/2061/1942 1779/2059/1942 1794/2067/1942
f 1772/2060/1943 1787/2083/1943 1788/2069/1943
f 1780/2061/1944 1795/2068/1944 1796/2070/1944
f 1774/2064/1945 1773/2062/1945 1788/2069/1945
f 1782/2065/1946 1781/2063/1946 1796/2070/1946
f 1774/2064/1947 1789/2071/1947 1790/2073/1947
f 1782/2065/1948 1797/2072/1948 1798/2074/1948
f 1776/2051/1949 1775/2050/1949 1790/2073/1949
f 1783/2066/1950 1798/2074/1950 1799/2076/1950
f 1777/2053/1951 1776/2051/1951 1791/2075/1951
f 1777/2053/1954 1792/2077/1954 1793/2081/1954
f 1770/2055/2121 1785/2079/2121 1786/2082/2121
f 1778/2057/1956 1793/2081/1956 1794/2067/1956
f 1771/2058/1957 1786/2082/1957 1787/2083/1957
f 1798/2074/1958 1813/2100/1958 1814/2084/1958
f 1792/2077/1959 1791/2075/1959 1806/2085/1959
f 1792/2077/1962 1807/2086/1962 1808/2090/1962
f 1785/2079/1963 1800/2088/1963 1801/2091/1963
f 1793/2081/1964 1808/2090/1964 1809/2092/1964
f 1787/2083/1965 1786/2082/1965 1801/2091/1965
f 1795/2068/1966 1794/2067/1966 1809/2092/1966
f 1787/2083/1967 1802/2093/1967 1803/2095/1967
f 1795/2068/1968 1810/2094/1968 1811/2096/1968
f 1789/2071/1969 1788/2069/1969 1803/2095/1969
f 1797/2072/2122 1796/2070/2122 1811/2096/2122
f 1789/2071/1971 1804/2097/1971 1805/2099/1971
f 1797/2072/1972 1812/2098/1972 1813/2100/1972
f 1791/2075/1973 1790/2073/1973 1805/2099/1973
f 1802/2101/1974 1817/2131/1974 1818/2102/1974
f 1810/2104/1975 1825/2132/1975 1826/2105/1975
f 1804/2107/1976 1803/2103/1976 1818/2102/1976
f 1812/2109/1977 1811/2106/1977 1826/2105/1977
f 1804/2107/1978 1819/2108/1978 1820/2111/1978
f 1812/2109/1979 1827/2110/1979 1828/2113/1979
f 1806/2115/1980 1805/2112/1980 1820/2111/1980
f 1813/2114/1981 1828/2113/1981 1829/2117/1981
f 1807/2119/1982 1806/2115/1982 1821/2116/1982
f 1807/2119/1985 1822/2120/1985 1823/2125/1985
f 1800/2121/2123 1815/2123/2123 1816/2127/2123
f 1808/2126/1987 1823/2125/1987 1824/2129/1987
f 1802/2101/1988 1801/2128/1988 1816/2127/1988
f 1810/2104/1989 1809/2130/1989 1824/2129/1989
f 1822/2120/1990 1821/2116/1990 1836/2133/1990
f 1822/2120/1993 1837/2134/1993 1838/2139/1993
f 1815/2123/1994 1830/2136/1994 1831/2140/1994
f 1823/2125/1995 1838/2139/1995 1839/2141/1995
f 1817/2131/1996 1816/2127/1996 1831/2140/1996
f 1825/2132/1997 1824/2129/1997 1839/2141/1997
f 1817/2131/1998 1832/2142/1998 1833/2144/1998
f 1825/2132/1999 1840/2143/1999 1841/2145/1999
f 1819/2108/2000 1818/2102/2000 1833/2144/2000
f 1827/2110/2001 1826/2105/2001 1841/2145/2001
f 1819/2108/2002 1834/2146/2002 1835/2148/2002
f 1827/2110/2003 1842/2147/2003 1843/2149/2003
f 1821/2116/2004 1820/2111/2004 1835/2148/2004
f 1828/2113/2005 1843/2149/2005 1844/2138/2005
f 1840/2143/2006 1855/2166/2006 1856/2150/2006
f 1834/2146/2007 1833/2144/2007 1848/2151/2007
f 1842/2147/2008 1841/2145/2008 1856/2150/2008
f 1834/2146/2009 1849/2152/2009 1850/2154/2009
f 1843/2149/2010 1842/2147/2010 1857/2153/2010
f 1836/2133/2011 1835/2148/2011 1850/2154/2011
f 1843/2149/2012 1858/2155/2012 1859/2157/2012
f 1837/2134/2013 1836/2133/2013 1851/2156/2013
f 1837/2134/2016 1852/2158/2016 1853/2162/2016
f 1831/2140/2017 1830/2136/2017 1845/2160/2017
f 1838/2139/2018 1853/2162/2018 1854/2164/2018
f 1831/2140/2019 1846/2163/2019 1847/2165/2019
f 1840/2143/2020 1839/2141/2020 1854/2164/2020
f 1832/2142/2021 1847/2165/2021 1848/2151/2021
f 1852/2158/2023 1867/2181/2023 1868/2169/2023
f 1845/2160/2024 1860/2183/2024 1861/2170/2024
f 1853/2162/2025 1868/2169/2025 1869/2171/2025
f 1847/2165/2124 1846/2163/2124 1861/2170/2124
f 1855/2166/2027 1854/2164/2027 1869/2171/2027
f 1847/2165/2028 1862/2172/2028 1863/2174/2028
f 1855/2166/2029 1870/2173/2029 1871/2175/2029
f 1849/2152/2030 1848/2151/2030 1863/2174/2030
f 1857/2153/2031 1856/2150/2031 1871/2175/2031
f 1849/2152/2032 1864/2176/2032 1865/2178/2032
f 1857/2153/2033 1872/2177/2033 1873/2179/2033
f 1851/2156/2034 1850/2154/2034 1865/2178/2034
f 1858/2155/2035 1873/2179/2035 1874/2168/2035
f 1852/2158/2036 1851/2156/2036 1866/2180/2036
f 1872/2177/2038 1871/2175/2038 1886/2184/2038
f 1864/2176/2039 1879/2200/2039 1880/2186/2039
f 1872/2177/2040 1887/2185/2040 1888/2187/2040
f 1866/2180/2041 1865/2178/2041 1880/2186/2041
f 1873/2179/2042 1888/2187/2042 1889/2189/2042
f 1867/2181/2043 1866/2180/2043 1881/2188/2043
f 1867/2181/2046 1882/2190/2046 1883/2194/2046
f 1860/2183/2047 1875/2192/2047 1876/2195/2047
f 1868/2169/2048 1883/2194/2048 1884/2196/2048
f 1862/2172/2049 1861/2170/2049 1876/2195/2049
f 1870/2173/2050 1869/2171/2050 1884/2196/2050
f 1862/2172/2051 1877/2197/2051 1878/2199/2051
f 1870/2173/2052 1885/2198/2052 1886/2184/2052
f 1864/2176/2053 1863/2174/2053 1878/2199/2053
f 1876/2195/2054 1875/2192/2054 1890/2201/2054
f 1883/2194/2125 1898/2217/2125 1899/2203/2125
f 1876/2195/2056 1891/2202/2056 1892/2204/2056
f 1885/2198/2057 1884/2196/2057 1899/2203/2057
f 1877/2197/2058 1892/2204/2058 1893/2206/2058
f 1885/2198/2059 1900/2205/2059 1901/2207/2059
f 1879/2200/2060 1878/2199/2060 1893/2206/2060
f 1887/2185/2061 1886/2184/2061 1901/2207/2061
f 1879/2200/2062 1894/2208/2062 1895/2210/2062
f 1887/2185/2063 1902/2209/2063 1903/2211/2063
f 1881/2188/2064 1880/2186/2064 1895/2210/2064
f 1888/2187/2065 1903/2211/2065 1904/2213/2065
f 1882/2190/2066 1881/2188/2066 1896/2212/2066
f 1882/2190/2069 1897/2214/2069 1898/2217/2069
f 1894/2208/2070 1909/2233/2070 1910/2218/2070
f 1902/2209/2071 1917/2234/2071 1918/2219/2071
f 1896/2212/2072 1895/2210/2072 1910/2218/2072
f 1904/2213/2073 1903/2211/2073 1918/2219/2073
f 1897/2214/2074 1896/2212/2074 1911/2220/2074
f 1897/2214/2077 1912/2222/2077 1913/2226/2077
f 1890/2201/2078 1905/2224/2078 1906/2227/2078
f 1898/2217/2079 1913/2226/2079 1914/2228/2079
f 1892/2204/2080 1891/2202/2080 1906/2227/2080
f 1900/2205/2081 1899/2203/2081 1914/2228/2081
f 1892/2204/2082 1907/2229/2082 1908/2231/2082
f 1900/2205/2083 1915/2230/2083 1916/2232/2083
f 1894/2208/2084 1893/2206/2084 1908/2231/2084
f 1902/2209/2085 1901/2207/2085 1916/2232/2085
f 1913/2226/2086 1451/1681/2086 1924/1683/2086
f 1907/2229/2087 1906/2227/2087 1921/1678/2087
f 1914/2228/2088 1924/1683/2088 1452/1687/2088
f 1908/2231/2089 1907/2229/2089 1447/1684/2089
f 1915/2230/2090 1452/1687/2090 1925/1691/2090
f 1909/2233/2091 1908/2231/2091 1922/1688/2091
f 1917/2234/2126 1916/2232/2126 1925/1691/2126
f 1910/2218/2093 1909/2233/2093 1448/1692/2093
f 1917/2234/2094 1926/1695/2094 1927/1699/2094
f 1911/2220/2095 1910/2218/2095 1923/1696/2095
f 1918/2219/2127 1927/1699/2127 1928/1703/2127
f 1912/2222/2097 1911/2220/2097 1449/1700/2097
f 1912/2222/2100 1450/1705/2100 1451/1681/2100
f 1906/2227/2101 1905/2224/2101 1920/1706/2101
f 2403/2237/2128 1935/2238/2128 1936/2239/2128
f 1933/2240/2129 1944/2241/2129 2406/2242/2129
f 1929/2243/2130 1936/2239/2130 1937/2244/2130
f 2406/2242/2131 1945/2245/2131 1934/2246/2131
f 2404/2247/2132 1937/2244/2132 1938/2248/2132
f 1934/2246/2133 1946/2249/2133 2407/2250/2133
f 1930/2251/2134 1938/2248/2134 1939/2252/2134
f 2407/2250/2135 1947/2253/2135 2408/2254/2135
f 2405/2255/2136 1939/2252/2136 1940/2256/2136
f 2408/2254/2137 1948/2257/2137 2409/2258/2137
f 1931/2259/2138 1940/2256/2138 1941/2260/2138
f 2409/2258/2139 1949/2261/2139 2410/2262/2139
f 1931/2259/2140 1942/2263/2140 1932/2264/2140
f 2402/2265/2141 2010/2266/2141 1935/2238/2141
f 2236/2267/2142 2410/2262/2142 1949/2261/2142
f 1932/2264/2143 1943/2268/2143 1933/2240/2143
f 1935/2238/2144 2010/2269/2144 1950/2270/2144
f 2236/2271/2145 1949/2261/2145 1964/2272/2145
f 1942/2263/2146 1958/2273/2146 1943/2268/2146
f 1935/2238/2147 1951/2274/2147 1936/2239/2147
f 1943/2268/2148 1959/2275/2148 1944/2241/2148
f 1936/2239/2149 1952/2276/2149 1937/2244/2149
f 1944/2241/2150 1960/2277/2150 1945/2245/2150
f 1937/2244/2151 1953/2278/2151 1938/2248/2151
f 1945/2245/2152 1961/2279/2152 1946/2249/2152
f 1938/2248/2153 1954/2280/2153 1939/2252/2153
f 1947/2253/2154 1961/2279/2154 1962/2281/2154
f 1939/2252/2155 1955/2282/2155 1940/2256/2155
f 1948/2257/2156 1962/2281/2156 1963/2283/2156
f 1941/2260/2157 1955/2282/2157 1956/2284/2157
f 1948/2257/2158 1964/2272/2158 1949/2261/2158
f 1941/2260/2159 1957/2285/2159 1942/2263/2159
f 1953/2278/2160 1969/2286/2160 1954/2280/2160
f 1962/2281/2161 1976/2287/2161 1977/2288/2161
f 1954/2280/2162 1970/2289/2162 1955/2282/2162
f 1962/2281/2163 1978/2290/2163 1963/2283/2163
f 1955/2282/2164 1971/2291/2164 1956/2284/2164
f 1963/2283/2165 1979/2292/2165 1964/2272/2165
f 1956/2284/2166 1972/2293/2166 1957/2285/2166
f 1950/2270/2167 2010/2294/2167 1965/2295/2167
f 2236/2296/2168 1964/2272/2168 1979/2292/2168
f 1958/2273/2169 1972/2293/2169 1973/2297/2169
f 1950/2270/2170 1966/2298/2170 1951/2274/2170
f 1958/2273/2171 1974/2299/2171 1959/2275/2171
f 1951/2274/2172 1967/2300/2172 1952/2276/2172
f 1960/2277/2173 1974/2299/2173 1975/2301/2173
f 1952/2276/2174 1968/2302/2174 1953/2278/2174
f 1961/2279/2175 1975/2301/2175 1976/2287/2175
f 1972/2293/2176 1988/2303/2176 1973/2297/2176
f 1965/2295/2177 1981/2304/2177 1966/2298/2177
f 1973/2297/2178 1989/2305/2178 1974/2299/2178
f 1966/2298/2179 1982/2306/2179 1967/2300/2179
f 1975/2301/2180 1989/2305/2180 1990/2307/2180
f 1967/2300/2181 1983/2308/2181 1968/2302/2181
f 1975/2301/2182 1991/2309/2182 1976/2287/2182
f 1968/2302/2183 1984/2310/2183 1969/2286/2183
f 1976/2287/2184 1992/2311/2184 1977/2288/2184
f 1969/2286/2185 1985/2312/2185 1970/2289/2185
f 1977/2288/2186 1993/2313/2186 1978/2290/2186
f 1971/2291/2187 1985/2312/2187 1986/2314/2187
f 1978/2290/2188 1994/2315/2188 1979/2292/2188
f 1972/2293/2189 1986/2314/2189 1987/2316/2189
f 1965/2295/2190 2010/2317/2190 1980/2318/2190
f 2236/2319/2191 1979/2292/2191 1994/2315/2191
f 1991/2309/2192 2007/2320/2192 1992/2311/2192
f 1984/2310/2193 2000/2321/2193 1985/2312/2193
f 1993/2313/2194 2007/2320/2194 2008/2322/2194
f 1986/2314/2195 2000/2321/2195 2001/2323/2195
f 1993/2313/2196 2009/2324/2196 1994/2315/2196
f 1987/2316/2197 2001/2323/2197 2002/2325/2197
f 1980/2318/2198 2010/2326/2198 1995/2327/2198
f 2236/2328/2199 1994/2315/2199 2009/2324/2199
f 1987/2316/2200 2003/2329/2200 1988/2303/2200
f 1980/2318/2201 1996/2330/2201 1981/2304/2201
f 1988/2303/2202 2004/2331/2202 1989/2305/2202
f 1981/2304/2203 1997/2332/2203 1982/2306/2203
f 1990/2307/2204 2004/2331/2204 2005/2333/2204
f 1982/2306/2205 1998/2334/2205 1983/2308/2205
f 1990/2307/2206 2006/2335/2206 1991/2309/2206
f 1984/2310/2207 1998/2334/2207 1999/2336/2207
f 1995/2327/2208 2012/2337/2208 1996/2330/2208
f 2003/2329/2209 2020/2338/2209 2004/2331/2209
f 1996/2330/2210 2013/2339/2210 1997/2332/2210
f 2005/2333/2211 2020/2338/2211 2021/2340/2211
f 1997/2332/2212 2014/2341/2212 1998/2334/2212
f 2005/2333/2213 2022/2342/2213 2006/2335/2213
f 1999/2336/2214 2014/2341/2214 2015/2343/2214
f 2006/2335/2215 2023/2344/2215 2007/2320/2215
f 1999/2336/2216 2016/2345/2216 2000/2321/2216
f 2007/2320/2217 2024/2346/2217 2008/2322/2217
f 2001/2323/2218 2016/2345/2218 2017/2347/2218
f 2009/2324/2219 2024/2346/2219 2025/2348/2219
f 2002/2325/2220 2017/2347/2220 2018/2349/2220
f 1995/2327/2221 2010/2350/2221 2011/2351/2221
f 2236/2352/2222 2009/2324/2222 2025/2348/2222
f 2002/2325/2223 2019/2353/2223 2003/2329/2223
f 2015/2343/2224 2031/2354/2224 2016/2345/2224
f 2024/2346/2225 2038/2355/2225 2039/2356/2225
f 2017/2347/2226 2031/2354/2226 2032/2357/2226
f 2024/2346/2227 2040/2358/2227 2025/2348/2227
f 2018/2349/2228 2032/2357/2228 2033/2359/2228
f 2011/2351/2229 2010/2360/2229 2026/2361/2229
f 2236/2362/2230 2025/2348/2230 2040/2358/2230
f 2018/2349/2231 2034/2363/2231 2019/2353/2231
f 2012/2337/2232 2026/2361/2232 2027/2364/2232
f 2019/2353/2233 2035/2365/2233 2020/2338/2233
f 2012/2337/2234 2028/2366/2234 2013/2339/2234
f 2021/2340/2235 2035/2365/2235 2036/2367/2235
f 2013/2339/2236 2029/2368/2236 2014/2341/2236
f 2021/2340/2237 2037/2369/2237 2022/2342/2237
f 2015/2343/2238 2029/2368/2238 2030/2370/2238
f 2023/2344/2239 2037/2369/2239 2038/2355/2239
f 2034/2363/2240 2050/2371/2240 2035/2365/2240
f 2027/2364/2241 2043/2372/2241 2028/2366/2241
f 2036/2367/2242 2050/2371/2242 2051/2373/2242
f 2028/2366/2243 2044/2374/2243 2029/2368/2243
f 2036/2367/2244 2052/2375/2244 2037/2369/2244
f 2030/2370/2245 2044/2374/2245 2045/2376/2245
f 2038/2355/2246 2052/2375/2246 2053/2377/2246
f 2030/2370/2247 2046/2378/2247 2031/2354/2247
f 2038/2355/2248 2054/2379/2248 2039/2356/2248
f 2032/2357/2249 2046/2378/2249 2047/2380/2249
f 2039/2356/2250 2055/2381/2250 2040/2358/2250
f 2033/2359/2251 2047/2380/2251 2048/2382/2251
f 2026/2361/2252 2010/2383/2252 2041/2384/2252
f 2236/2385/2253 2040/2358/2253 2055/2381/2253
f 2033/2359/2254 2049/2386/2254 2034/2363/2254
f 2027/2364/2255 2041/2384/2255 2042/2387/2255
f 2053/2377/2256 2069/2388/2256 2054/2379/2256
f 2047/2380/2257 2061/2389/2257 2062/2390/2257
f 2054/2379/2258 2070/2391/2258 2055/2381/2258
f 2048/2382/2259 2062/2390/2259 2063/2392/2259
f 2041/2384/2260 2010/2393/2260 2056/2394/2260
f 2236/2395/2261 2055/2381/2261 2070/2391/2261
f 2048/2382/2262 2064/2396/2262 2049/2386/2262
f 2041/2384/2263 2057/2397/2263 2042/2387/2263
f 2049/2386/2264 2065/2398/2264 2050/2371/2264
f 2042/2387/2265 2058/2399/2265 2043/2372/2265
f 2051/2373/2266 2065/2398/2266 2066/2400/2266
f 2043/2372/2267 2059/2401/2267 2044/2374/2267
f 2051/2373/2268 2067/2402/2268 2052/2375/2268
f 2045/2376/2269 2059/2401/2269 2060/2403/2269
f 2053/2377/2270 2067/2402/2270 2068/2404/2270
f 2045/2376/2271 2061/2389/2271 2046/2378/2271
f 2066/2400/2272 2080/2405/2272 2081/2406/2272
f 2058/2399/2273 2074/2407/2273 2059/2401/2273
f 2066/2400/2274 2082/2408/2274 2067/2402/2274
f 2060/2403/2275 2074/2407/2275 2075/2409/2275
f 2068/2404/2276 2082/2408/2276 2083/2410/2276
f 2060/2403/2277 2076/2411/2277 2061/2389/2277
f 2068/2404/2278 2084/2412/2278 2069/2388/2278
f 2062/2390/2279 2076/2411/2279 2077/2413/2279
f 2070/2391/2280 2084/2412/2280 2085/2414/2280
f 2063/2392/2281 2077/2413/2281 2078/2415/2281
f 2056/2394/2282 2010/2416/2282 2071/2417/2282
f 2236/2418/2283 2070/2391/2283 2085/2414/2283
f 2063/2392/2284 2079/2419/2284 2064/2396/2284
f 2056/2394/2285 2072/2420/2285 2057/2397/2285
f 2064/2396/2286 2080/2405/2286 2065/2398/2286
f 2058/2399/2287 2072/2420/2287 2073/2421/2287
f 2084/2412/2288 2100/2422/2288 2085/2414/2288
f 2078/2415/2289 2092/2423/2289 2093/2424/2289
f 2071/2417/2290 2010/2425/2290 2086/2426/2290
f 2236/2427/2291 2085/2414/2291 2100/2422/2291
f 2078/2415/2292 2094/2428/2292 2079/2419/2292
f 2071/2417/2293 2087/2429/2293 2072/2420/2293
f 2079/2419/2294 2095/2430/2294 2080/2405/2294
f 2073/2421/2295 2087/2429/2295 2088/2431/2295
f 2081/2406/2296 2095/2430/2296 2096/2432/2296
f 2073/2421/2297 2089/2433/2297 2074/2407/2297
f 2081/2406/2298 2097/2434/2298 2082/2408/2298
f 2075/2409/2299 2089/2433/2299 2090/2435/2299
f 2083/2410/2300 2097/2434/2300 2098/2436/2300
f 2075/2409/2301 2091/2437/2301 2076/2411/2301
f 2083/2410/2302 2099/2438/2302 2084/2412/2302
f 2077/2413/2303 2091/2437/2303 2092/2423/2303
f 2088/2431/2304 2104/2439/2304 2089/2433/2304
f 2096/2432/2305 2112/2440/2305 2097/2434/2305
f 2090/2435/2306 2104/2439/2306 2105/2441/2306
f 2097/2434/2307 2113/2442/2307 2098/2436/2307
f 2090/2435/2308 2106/2443/2308 2091/2437/2308
f 2099/2438/2309 2113/2442/2309 2114/2444/2309
f 2092/2423/2310 2106/2443/2310 2107/2445/2310
f 2100/2422/2311 2114/2444/2311 2115/2446/2311
f 2093/2424/2312 2107/2445/2312 2108/2447/2312
f 2086/2426/2313 2010/2448/2313 2101/2449/2313
f 2236/2450/2314 2100/2422/2314 2115/2446/2314
f 2093/2424/2315 2109/2451/2315 2094/2428/2315
f 2086/2426/2316 2102/2452/2316 2087/2429/2316
f 2094/2428/2317 2110/2453/2317 2095/2430/2317
f 2087/2429/2318 2103/2454/2318 2088/2431/2318
f 2096/2432/2319 2110/2453/2319 2111/2455/2319
f 2108/2447/2320 2122/2456/2320 2123/2457/2320
f 2101/2449/2321 2010/2458/2321 2116/2459/2321
f 2236/2460/2322 2115/2446/2322 2130/2461/2322
f 2108/2447/2323 2124/2462/2323 2109/2451/2323
f 2102/2452/2324 2116/2459/2324 2117/2463/2324
f 2109/2451/2325 2125/2464/2325 2110/2453/2325
f 2103/2454/2326 2117/2463/2326 2118/2465/2326
f 2111/2455/2327 2125/2464/2327 2126/2466/2327
f 2103/2454/2328 2119/2467/2328 2104/2439/2328
f 2111/2455/2329 2127/2468/2329 2112/2440/2329
f 2105/2441/2330 2119/2467/2330 2120/2469/2330
f 2113/2442/2331 2127/2468/2331 2128/2470/2331
f 2105/2441/2332 2121/2471/2332 2106/2443/2332
f 2113/2442/2333 2129/2472/2333 2114/2444/2333
f 2107/2445/2334 2121/2471/2334 2122/2456/2334
f 2114/2444/2335 2130/2461/2335 2115/2446/2335
f 2126/2466/2336 2142/2473/2336 2127/2468/2336
f 2120/2469/2337 2134/2474/2337 2135/2475/2337
f 2128/2470/2338 2142/2473/2338 2143/2476/2338
f 2120/2469/2339 2136/2477/2339 2121/2471/2339
f 2128/2470/2340 2144/2478/2340 2129/2472/2340
f 2122/2456/2341 2136/2477/2341 2137/2479/2341
f 2129/2472/2342 2145/2480/2342 2130/2461/2342
f 2123/2457/2343 2137/2479/2343 2138/2481/2343
f 2116/2459/2344 2010/2482/2344 2131/2483/2344
f 2236/2484/2345 2130/2461/2345 2145/2480/2345
f 2123/2457/2346 2139/2485/2346 2124/2462/2346
f 2116/2459/2347 2132/2486/2347 2117/2463/2347
f 2124/2462/2348 2140/2487/2348 2125/2464/2348
f 2117/2463/2349 2133/2488/2349 2118/2465/2349
f 2126/2466/2350 2140/2487/2350 2141/2489/2350
f 2118/2465/2351 2134/2474/2351 2119/2467/2351
f 2131/2483/2352 2010/2490/2352 2146/2491/2352
f 2236/2492/2353 2145/2480/2353 2160/2493/2353
f 2138/2481/2354 2154/2494/2354 2139/2485/2354
f 2131/2483/2355 2147/2495/2355 2132/2486/2355
f 2139/2485/2356 2155/2496/2356 2140/2487/2356
f 2132/2486/2357 2148/2497/2357 2133/2488/2357
f 2141/2489/2358 2155/2496/2358 2156/2498/2358
f 2133/2488/2359 2149/2499/2359 2134/2474/2359
f 2141/2489/2360 2157/2500/2360 2142/2473/2360
f 2135/2475/2361 2149/2499/2361 2150/2501/2361
f 2143/2476/2362 2157/2500/2362 2158/2502/2362
f 2135/2475/2363 2151/2503/2363 2136/2477/2363
f 2143/2476/2364 2159/2504/2364 2144/2478/2364
f 2137/2479/2365 2151/2503/2365 2152/2505/2365
f 2144/2478/2366 2160/2493/2366 2145/2480/2366
f 2138/2481/2367 2152/2505/2367 2153/2506/2367
f 2150/2501/2368 2164/2507/2368 2165/2508/2368
f 2158/2502/2369 2172/2509/2369 2173/2510/2369
f 2150/2501/2370 2166/2511/2370 2151/2503/2370
f 2158/2502/2371 2174/2512/2371 2159/2504/2371
f 2152/2505/2372 2166/2511/2372 2167/2513/2372
f 2160/2493/2373 2174/2512/2373 2175/2514/2373
f 2153/2506/2374 2167/2513/2374 2168/2515/2374
f 2146/2491/2375 2010/2516/2375 2161/2517/2375
f 2236/2518/2376 2160/2493/2376 2175/2514/2376
f 2153/2506/2377 2169/2519/2377 2154/2494/2377
f 2146/2491/2378 2162/2520/2378 2147/2495/2378
f 2154/2494/2379 2170/2521/2379 2155/2496/2379
f 2148/2497/2380 2162/2520/2380 2163/2522/2380
f 2156/2498/2381 2170/2521/2381 2171/2523/2381
f 2148/2497/2382 2164/2507/2382 2149/2499/2382
f 2156/2498/2383 2172/2509/2383 2157/2500/2383
f 2168/2515/2384 2184/2524/2384 2169/2519/2384
f 2161/2517/2385 2177/2525/2385 2162/2520/2385
f 2169/2519/2386 2185/2526/2386 2170/2521/2386
f 2162/2520/2387 2178/2527/2387 2163/2522/2387
f 2171/2523/2388 2185/2526/2388 2186/2528/2388
f 2163/2522/2389 2179/2529/2389 2164/2507/2389
f 2171/2523/2390 2187/2530/2390 2172/2509/2390
f 2165/2508/2391 2179/2529/2391 2180/2531/2391
f 2173/2510/2392 2187/2530/2392 2188/2532/2392
f 2165/2508/2393 2181/2533/2393 2166/2511/2393
f 2173/2510/2394 2189/2534/2394 2174/2512/2394
f 2167/2513/2395 2181/2533/2395 2182/2535/2395
f 2174/2512/2396 2190/2536/2396 2175/2514/2396
f 2168/2515/2397 2182/2535/2397 2183/2537/2397
f 2161/2517/2398 2010/2538/2398 2176/2539/2398
f 2236/2540/2399 2175/2514/2399 2190/2536/2399
f 2188/2532/2400 2202/2541/2400 2203/2542/2400
f 2180/2531/2401 2196/2543/2401 2181/2533/2401
f 2188/2532/2402 2204/2544/2402 2189/2534/2402
f 2182/2535/2403 2196/2543/2403 2197/2545/2403
f 2189/2534/2404 2205/2546/2404 2190/2536/2404
f 2183/2537/2405 2197/2545/2405 2198/2547/2405
f 2176/2539/2406 2010/2548/2406 2191/2549/2406
f 2236/2550/2407 2190/2536/2407 2205/2546/2407
f 2183/2537/2408 2199/2551/2408 2184/2524/2408
f 2177/2525/2409 2191/2549/2409 2192/2552/2409
f 2184/2524/2410 2200/2553/2410 2185/2526/2410
f 2177/2525/2411 2193/2554/2411 2178/2527/2411
f 2186/2528/2412 2200/2553/2412 2201/2555/2412
f 2178/2527/2413 2194/2556/2413 2179/2529/2413
f 2186/2528/2414 2202/2541/2414 2187/2530/2414
f 2180/2531/2415 2194/2556/2415 2195/2557/2415
f 2199/2551/2416 2215/2558/2416 2200/2553/2416
f 2192/2552/2417 2208/2559/2417 2193/2554/2417
f 2201/2555/2418 2215/2558/2418 2216/2560/2418
f 2193/2554/2419 2209/2561/2419 2194/2556/2419
f 2201/2555/2420 2217/2562/2420 2202/2541/2420
f 2195/2557/2421 2209/2561/2421 2210/2563/2421
f 2203/2542/2422 2217/2562/2422 2218/2564/2422
f 2195/2557/2423 2211/2565/2423 2196/2543/2423
f 2203/2542/2424 2219/2566/2424 2204/2544/2424
f 2197/2545/2425 2211/2565/2425 2212/2567/2425
f 2205/2546/2426 2219/2566/2426 2220/2568/2426
f 2198/2547/2427 2212/2567/2427 2213/2569/2427
f 2191/2549/2428 2010/2570/2428 2206/2571/2428
f 2236/2572/2429 2205/2546/2429 2220/2568/2429
f 2198/2547/2430 2214/2573/2430 2199/2551/2430
f 2192/2552/2431 2206/2571/2431 2207/2574/2431
f 2218/2564/2432 2234/2575/2432 2219/2566/2432
f 2212/2567/2433 2226/2576/2433 2227/2577/2433
f 2220/2568/2434 2234/2575/2434 2235/2578/2434
f 2213/2569/2435 2227/2577/2435 2228/2579/2435
f 2206/2571/2436 2010/2580/2436 2221/2581/2436
f 2236/2582/2437 2220/2568/2437 2235/2578/2437
f 2213/2569/2438 2229/2583/2438 2214/2573/2438
f 2206/2571/2439 2222/2584/2439 2207/2574/2439
f 2214/2573/2440 2230/2585/2440 2215/2558/2440
f 2207/2574/2441 2223/2586/2441 2208/2559/2441
f 2216/2560/2442 2230/2585/2442 2231/2587/2442
f 2208/2559/2443 2224/2588/2443 2209/2561/2443
f 2216/2560/2444 2232/2589/2444 2217/2562/2444
f 2210/2563/2445 2224/2588/2445 2225/2590/2445
f 2218/2564/2446 2232/2589/2446 2233/2591/2446
f 2210/2563/2447 2226/2576/2447 2211/2565/2447
f 2222/2584/2448 2239/2592/2448 2223/2586/2448
f 2231/2587/2449 2246/2593/2449 2247/2594/2449
f 2223/2586/2450 2240/2595/2450 2224/2588/2450
f 2231/2587/2451 2248/2596/2451 2232/2589/2451
f 2225/2590/2452 2240/2595/2452 2241/2597/2452
f 2233/2591/2453 2248/2596/2453 2249/2598/2453
f 2225/2590/2454 2242/2599/2454 2226/2576/2454
f 2233/2591/2455 2250/2600/2455 2234/2575/2455
f 2227/2577/2456 2242/2599/2456 2243/2601/2456
f 2234/2575/2457 2251/2602/2457 2235/2578/2457
f 2228/2579/2458 2243/2601/2458 2244/2603/2458
f 2221/2581/2459 2010/2604/2459 2237/2605/2459
f 2236/2606/2460 2235/2578/2460 2251/2602/2460
f 2228/2579/2461 2245/2607/2461 2229/2583/2461
f 2221/2581/2462 2238/2608/2462 2222/2584/2462
f 2229/2583/2463 2246/2593/2463 2230/2585/2463
f 2243/2601/2464 2257/2609/2464 2258/2610/2464
f 2250/2600/2465 2266/2611/2465 2251/2602/2465
f 2244/2603/2466 2258/2610/2466 2259/2612/2466
f 2237/2605/2467 2010/2613/2467 2252/2614/2467
f 2236/2615/2468 2251/2602/2468 2266/2611/2468
f 2244/2603/2469 2260/2616/2469 2245/2607/2469
f 2237/2605/2470 2253/2617/2470 2238/2608/2470
f 2245/2607/2471 2261/2618/2471 2246/2593/2471
f 2238/2608/2472 2254/2619/2472 2239/2592/2472
f 2247/2594/2473 2261/2618/2473 2262/2620/2473
f 2239/2592/2474 2255/2621/2474 2240/2595/2474
f 2247/2594/2475 2263/2622/2475 2248/2596/2475
f 2240/2595/2476 2256/2623/2476 2241/2597/2476
f 2249/2598/2477 2263/2622/2477 2264/2624/2477
f 2241/2597/2478 2257/2609/2478 2242/2599/2478
f 2249/2598/2479 2265/2625/2479 2250/2600/2479
f 2262/2620/2480 2276/2626/2480 2277/2627/2480
f 2254/2619/2481 2270/2628/2481 2255/2621/2481
f 2262/2620/2482 2278/2629/2482 2263/2622/2482
f 2256/2623/2483 2270/2628/2483 2271/2630/2483
f 2264/2624/2484 2278/2629/2484 2279/2631/2484
f 2256/2623/2485 2272/2632/2485 2257/2609/2485
f 2264/2624/2486 2280/2633/2486 2265/2625/2486
f 2258/2610/2487 2272/2632/2487 2273/2634/2487
f 2265/2625/2488 2281/2635/2488 2266/2611/2488
f 2259/2612/2489 2273/2634/2489 2274/2636/2489
f 2252/2614/2490 2010/2637/2490 2267/2638/2490
f 2236/2639/2491 2266/2611/2491 2281/2635/2491
f 2259/2612/2492 2275/2640/2492 2260/2616/2492
f 2252/2614/2493 2268/2641/2493 2253/2617/2493
f 2260/2616/2494 2276/2626/2494 2261/2618/2494
f 2253/2617/2495 2269/2642/2495 2254/2619/2495
f 2280/2633/2496 2296/2643/2496 2281/2635/2496
f 2274/2636/2497 2288/2644/2497 2289/2645/2497
f 2267/2638/2498 2010/2646/2498 2282/2647/2498
f 2236/2648/2499 2281/2635/2499 2296/2643/2499
f 2274/2636/2500 2290/2649/2500 2275/2640/2500
f 2267/2638/2501 2283/2650/2501 2268/2641/2501
f 2275/2640/2502 2291/2651/2502 2276/2626/2502
f 2269/2642/2503 2283/2650/2503 2284/2652/2503
f 2277/2627/2504 2291/2651/2504 2292/2653/2504
f 2269/2642/2505 2285/2654/2505 2270/2628/2505
f 2277/2627/2506 2293/2655/2506 2278/2629/2506
f 2271/2630/2507 2285/2654/2507 2286/2656/2507
f 2279/2631/2508 2293/2655/2508 2294/2657/2508
f 2271/2630/2509 2287/2658/2509 2272/2632/2509
f 2279/2631/2510 2295/2659/2510 2280/2633/2510
f 2273/2634/2511 2287/2658/2511 2288/2644/2511
f 2284/2660/2512 2300/2661/2512 2285/2662/2512
f 2292/2663/2513 2308/2664/2513 2293/2665/2513
f 2286/2666/2514 2300/2661/2514 2301/2667/2514
f 2294/2668/2515 2308/2664/2515 2309/2669/2515
f 2286/2666/2516 2302/2670/2516 2287/2671/2516
f 2294/2668/2517 2310/2672/2517 2295/2673/2517
f 2288/2674/2518 2302/2670/2518 2303/2675/2518
f 2295/2673/2519 2311/2676/2519 2296/2677/2519
f 2289/2678/2520 2303/2675/2520 2304/2679/2520
f 2282/2680/2521 2010/2681/2521 2297/2682/2521
f 2236/2683/2522 2296/2677/2522 2311/2676/2522
f 2289/2678/2523 2305/2684/2523 2290/2685/2523
f 2282/2680/2524 2298/2686/2524 2283/2687/2524
f 2290/2685/2525 2306/2688/2525 2291/2689/2525
f 2284/2660/2526 2298/2686/2526 2299/2690/2526
f 2292/2663/2527 2306/2688/2527 2307/2691/2527
f 2304/2679/2528 2318/2692/2528 2319/2693/2528
f 2297/2682/2529 2010/2694/2529 2312/2695/2529
f 2236/2696/2530 2311/2676/2530 2326/2697/2530
f 2304/2679/2531 2320/2698/2531 2305/2684/2531
f 2297/2682/2532 2313/2699/2532 2298/2686/2532
f 2305/2684/2533 2321/2700/2533 2306/2688/2533
f 2299/2690/2534 2313/2699/2534 2314/2701/2534
f 2307/2691/2535 2321/2700/2535 2322/2702/2535
f 2299/2690/2536 2315/2703/2536 2300/2661/2536
f 2307/2691/2537 2323/2704/2537 2308/2664/2537
f 2301/2667/2538 2315/2703/2538 2316/2705/2538
f 2309/2669/2539 2323/2704/2539 2324/2706/2539
f 2301/2667/2540 2317/2707/2540 2302/2670/2540
f 2309/2669/2541 2325/2708/2541 2310/2672/2541
f 2303/2675/2542 2317/2707/2542 2318/2692/2542
f 2310/2672/2543 2326/2697/2543 2311/2676/2543
f 2322/2702/2544 2338/2709/2544 2323/2704/2544
f 2316/2705/2545 2330/2710/2545 2331/2711/2545
f 2324/2706/2546 2338/2709/2546 2339/2712/2546
f 2316/2705/2547 2332/2713/2547 2317/2707/2547
f 2325/2708/2548 2339/2712/2548 2340/2714/2548
f 2318/2692/2549 2332/2713/2549 2333/2715/2549
f 2325/2708/2550 2341/2716/2550 2326/2697/2550
f 2319/2693/2551 2333/2715/2551 2334/2717/2551
f 2312/2695/2552 2010/2718/2552 2327/2719/2552
f 2236/2720/2553 2326/2697/2553 2341/2716/2553
f 2319/2693/2554 2335/2721/2554 2320/2698/2554
f 2313/2699/2555 2327/2719/2555 2328/2722/2555
f 2320/2698/2556 2336/2723/2556 2321/2700/2556
f 2313/2699/2557 2329/2724/2557 2314/2701/2557
f 2322/2702/2558 2336/2723/2558 2337/2725/2558
f 2314/2701/2559 2330/2710/2559 2315/2703/2559
f 2236/2726/2560 2341/2716/2560 2356/2727/2560
f 2334/2717/2561 2350/2728/2561 2335/2721/2561
f 2327/2719/2562 2343/2729/2562 2328/2722/2562
f 2335/2721/2563 2351/2730/2563 2336/2723/2563
f 2329/2724/2564 2343/2729/2564 2344/2731/2564
f 2337/2725/2565 2351/2730/2565 2352/2732/2565
f 2329/2724/2566 2345/2733/2566 2330/2710/2566
f 2337/2725/2567 2353/2734/2567 2338/2709/2567
f 2331/2711/2568 2345/2733/2568 2346/2735/2568
f 2339/2712/2569 2353/2734/2569 2354/2736/2569
f 2331/2711/2570 2347/2737/2570 2332/2713/2570
f 2339/2712/2571 2355/2738/2571 2340/2714/2571
f 2333/2715/2572 2347/2737/2572 2348/2739/2572
f 2340/2714/2573 2356/2727/2573 2341/2716/2573
f 2334/2717/2574 2348/2739/2574 2349/2740/2574
f 2327/2719/2575 2010/2741/2575 2342/2742/2575
f 2354/2736/2576 2368/2743/2576 2369/2744/2576
f 2346/2735/2577 2362/2745/2577 2347/2737/2577
f 2354/2736/2578 2370/2746/2578 2355/2738/2578
f 2348/2739/2579 2362/2745/2579 2363/2747/2579
f 2355/2738/2580 2371/2748/2580 2356/2727/2580
f 2349/2740/2581 2363/2747/2581 2364/2749/2581
f 2342/2742/2582 2010/2750/2582 2357/2751/2582
f 2236/2752/2583 2356/2727/2583 2371/2748/2583
f 2349/2740/2584 2365/2753/2584 2350/2728/2584
f 2342/2742/2585 2358/2754/2585 2343/2729/2585
f 2350/2728/2586 2366/2755/2586 2351/2730/2586
f 2344/2731/2587 2358/2754/2587 2359/2756/2587
f 2352/2732/2588 2366/2755/2588 2367/2757/2588
f 2344/2731/2589 2360/2758/2589 2345/2733/2589
f 2352/2732/2590 2368/2743/2590 2353/2734/2590
f 2346/2735/2591 2360/2758/2591 2361/2759/2591
f 2358/2754/2592 2372/2760/2592 2373/2761/2592
f 2365/2753/2593 2381/2762/2593 2366/2755/2593
f 2358/2754/2594 2374/2763/2594 2359/2756/2594
f 2367/2757/2595 2381/2762/2595 2382/2764/2595
f 2359/2756/2596 2375/2765/2596 2360/2758/2596
f 2367/2757/2597 2383/2766/2597 2368/2743/2597
f 2361/2759/2598 2375/2765/2598 2376/2767/2598
f 2369/2744/2599 2383/2766/2599 2384/2768/2599
f 2361/2759/2600 2377/2769/2600 2362/2745/2600
f 2369/2744/2601 2385/2770/2601 2370/2746/2601
f 2363/2747/2602 2377/2769/2602 2378/2771/2602
f 2370/2746/2603 2386/2772/2603 2371/2748/2603
f 2364/2749/2604 2378/2771/2604 2379/2773/2604
f 2357/2751/2605 2010/2774/2605 2372/2760/2605
f 2236/2775/2606 2371/2748/2606 2386/2772/2606
f 2364/2749/2607 2380/2776/2607 2365/2753/2607
f 2376/2767/2608 2392/2777/2608 2377/2769/2608
f 2384/2768/2609 2400/2778/2609 2385/2770/2609
f 2378/2771/2610 2392/2777/2610 2393/2779/2610
f 2386/2772/2611 2400/2778/2611 2401/2780/2611
f 2379/2773/2612 2393/2779/2612 2394/2781/2612
f 2372/2760/2613 2010/2782/2613 2387/2783/2613
f 2236/2784/2614 2386/2772/2614 2401/2780/2614
f 2379/2773/2615 2395/2785/2615 2380/2776/2615
f 2372/2760/2616 2388/2786/2616 2373/2761/2616
f 2380/2776/2617 2396/2787/2617 2381/2762/2617
f 2374/2763/2618 2388/2786/2618 2389/2788/2618
f 2382/2764/2619 2396/2787/2619 2397/2789/2619
f 2374/2763/2620 2390/2790/2620 2375/2765/2620
f 2382/2764/2621 2398/2791/2621 2383/2766/2621
f 2376/2767/2622 2390/2790/2622 2391/2792/2622
f 2384/2768/2623 2398/2791/2623 2399/2793/2623
f 2395/2785/2624 2406/2242/2624 2396/2787/2624
f 2389/2788/2625 2403/2237/2625 1929/2243/2625
f 2396/2787/2626 1934/2246/2626 2397/2789/2626
f 2390/2790/2627 1929/2243/2627 2404/2247/2627
f 2397/2789/2628 2407/2250/2628 2398/2791/2628
f 2391/2792/2629 2404/2247/2629 1930/2251/2629
f 2399/2793/2630 2407/2250/2630 2408/2254/2630
f 2392/2777/2631 1930/2251/2631 2405/2255/2631
f 2399/2793/2632 2409/2258/2632 2400/2778/2632
f 2393/2779/2633 2405/2255/2633 1931/2259/2633
f 2400/2778/2634 2410/2262/2634 2401/2780/2634
f 2394/2781/2635 1931/2259/2635 1932/2264/2635
f 2387/2783/2636 2010/2794/2636 2402/2265/2636
f 2236/2795/2637 2401/2780/2637 2410/2262/2637
f 2394/2781/2638 1933/2240/2638 2395/2785/2638
f 2388/2786/2639 2402/2265/2639 2403/2237/2639
f 2403/2237/2128 2402/2265/2128 1935/2238/2128
f 1933/2240/2129 1943/2268/2129 1944/2241/2129
f 1929/2243/2130 2403/2237/2130 1936/2239/2130
f 2406/2242/2131 1944/2241/2131 1945/2245/2131
f 2404/2247/2132 1929/2243/2132 1937/2244/2132
f 1934/2246/2133 1945/2245/2133 1946/2249/2133
f 1930/2251/2134 2404/2247/2134 1938/2248/2134
f 2407/2250/2135 1946/2249/2135 1947/2253/2135
f 2405/2255/2136 1930/2251/2136 1939/2252/2136
f 2408/2254/2137 1947/2253/2137 1948/2257/2137
f 1931/2259/2138 2405/2255/2138 1940/2256/2138
f 2409/2258/2139 1948/2257/2139 1949/2261/2139
f 1931/2259/2140 1941/2260/2140 1942/2263/2140
f 1932/2264/2143 1942/2263/2143 1943/2268/2143
f 1942/2263/2146 1957/2285/2146 1958/2273/2146
f 1935/2238/2640 1950/2270/2640 1951/2274/2640
f 1943/2268/2148 1958/2273/2148 1959/2275/2148
f 1936/2239/2149 1951/2274/2149 1952/2276/2149
f 1944/2241/2150 1959/2275/2150 1960/2277/2150
f 1937/2244/2151 1952/2276/2151 1953/2278/2151
f 1945/2245/2152 1960/2277/2152 1961/2279/2152
f 1938/2248/2153 1953/2278/2153 1954/2280/2153
f 1947/2253/2154 1946/2249/2154 1961/2279/2154
f 1939/2252/2155 1954/2280/2155 1955/2282/2155
f 1948/2257/2156 1947/2253/2156 1962/2281/2156
f 1941/2260/2157 1940/2256/2157 1955/2282/2157
f 1948/2257/2158 1963/2283/2158 1964/2272/2158
f 1941/2260/2159 1956/2284/2159 1957/2285/2159
f 1953/2278/2641 1968/2302/2641 1969/2286/2641
f 1962/2281/2161 1961/2279/2161 1976/2287/2161
f 1954/2280/2162 1969/2286/2162 1970/2289/2162
f 1962/2281/2163 1977/2288/2163 1978/2290/2163
f 1955/2282/2164 1970/2289/2164 1971/2291/2164
f 1963/2283/2165 1978/2290/2165 1979/2292/2165
f 1956/2284/2166 1971/2291/2166 1972/2293/2166
f 1958/2273/2169 1957/2285/2169 1972/2293/2169
f 1950/2270/2170 1965/2295/2170 1966/2298/2170
f 1958/2273/2642 1973/2297/2642 1974/2299/2642
f 1951/2274/2172 1966/2298/2172 1967/2300/2172
f 1960/2277/2173 1959/2275/2173 1974/2299/2173
f 1952/2276/2174 1967/2300/2174 1968/2302/2174
f 1961/2279/2175 1960/2277/2175 1975/2301/2175
f 1972/2293/2176 1987/2316/2176 1988/2303/2176
f 1965/2295/2177 1980/2318/2177 1981/2304/2177
f 1973/2297/2178 1988/2303/2178 1989/2305/2178
f 1966/2298/2179 1981/2304/2179 1982/2306/2179
f 1975/2301/2180 1974/2299/2180 1989/2305/2180
f 1967/2300/2181 1982/2306/2181 1983/2308/2181
f 1975/2301/2182 1990/2307/2182 1991/2309/2182
f 1968/2302/2183 1983/2308/2183 1984/2310/2183
f 1976/2287/2184 1991/2309/2184 1992/2311/2184
f 1969/2286/2185 1984/2310/2185 1985/2312/2185
f 1977/2288/2186 1992/2311/2186 1993/2313/2186
f 1971/2291/2187 1970/2289/2187 1985/2312/2187
f 1978/2290/2188 1993/2313/2188 1994/2315/2188
f 1972/2293/2189 1971/2291/2189 1986/2314/2189
f 1991/2309/2192 2006/2335/2192 2007/2320/2192
f 1984/2310/2193 1999/2336/2193 2000/2321/2193
f 1993/2313/2194 1992/2311/2194 2007/2320/2194
f 1986/2314/2195 1985/2312/2195 2000/2321/2195
f 1993/2313/2196 2008/2322/2196 2009/2324/2196
f 1987/2316/2197 1986/2314/2197 2001/2323/2197
f 1987/2316/2200 2002/2325/2200 2003/2329/2200
f 1980/2318/2201 1995/2327/2201 1996/2330/2201
f 1988/2303/2202 2003/2329/2202 2004/2331/2202
f 1981/2304/2643 1996/2330/2643 1997/2332/2643
f 1990/2307/2204 1989/2305/2204 2004/2331/2204
f 1982/2306/2205 1997/2332/2205 1998/2334/2205
f 1990/2307/2206 2005/2333/2206 2006/2335/2206
f 1984/2310/2207 1983/2308/2207 1998/2334/2207
f 1995/2327/2644 2011/2351/2644 2012/2337/2644
f 2003/2329/2209 2019/2353/2209 2020/2338/2209
f 1996/2330/2210 2012/2337/2210 2013/2339/2210
f 2005/2333/2211 2004/2331/2211 2020/2338/2211
f 1997/2332/2212 2013/2339/2212 2014/2341/2212
f 2005/2333/2213 2021/2340/2213 2022/2342/2213
f 1999/2336/2214 1998/2334/2214 2014/2341/2214
f 2006/2335/2215 2022/2342/2215 2023/2344/2215
f 1999/2336/2216 2015/2343/2216 2016/2345/2216
f 2007/2320/2217 2023/2344/2217 2024/2346/2217
f 2001/2323/2218 2000/2321/2218 2016/2345/2218
f 2009/2324/2219 2008/2322/2219 2024/2346/2219
f 2002/2325/2220 2001/2323/2220 2017/2347/2220
f 2002/2325/2223 2018/2349/2223 2019/2353/2223
f 2015/2343/2224 2030/2370/2224 2031/2354/2224
f 2024/2346/2225 2023/2344/2225 2038/2355/2225
f 2017/2347/2226 2016/2345/2226 2031/2354/2226
f 2024/2346/2227 2039/2356/2227 2040/2358/2227
f 2018/2349/2228 2017/2347/2228 2032/2357/2228
f 2018/2349/2231 2033/2359/2231 2034/2363/2231
f 2012/2337/2232 2011/2351/2232 2026/2361/2232
f 2019/2353/2645 2034/2363/2645 2035/2365/2645
f 2012/2337/2234 2027/2364/2234 2028/2366/2234
f 2021/2340/2235 2020/2338/2235 2035/2365/2235
f 2013/2339/2236 2028/2366/2236 2029/2368/2236
f 2021/2340/2237 2036/2367/2237 2037/2369/2237
f 2015/2343/2238 2014/2341/2238 2029/2368/2238
f 2023/2344/2239 2022/2342/2239 2037/2369/2239
f 2034/2363/2240 2049/2386/2240 2050/2371/2240
f 2027/2364/2241 2042/2387/2241 2043/2372/2241
f 2036/2367/2242 2035/2365/2242 2050/2371/2242
f 2028/2366/2243 2043/2372/2243 2044/2374/2243
f 2036/2367/2244 2051/2373/2244 2052/2375/2244
f 2030/2370/2245 2029/2368/2245 2044/2374/2245
f 2038/2355/2246 2037/2369/2246 2052/2375/2246
f 2030/2370/2247 2045/2376/2247 2046/2378/2247
f 2038/2355/2248 2053/2377/2248 2054/2379/2248
f 2032/2357/2249 2031/2354/2249 2046/2378/2249
f 2039/2356/2250 2054/2379/2250 2055/2381/2250
f 2033/2359/2251 2032/2357/2251 2047/2380/2251
f 2033/2359/2254 2048/2382/2254 2049/2386/2254
f 2027/2364/2255 2026/2361/2255 2041/2384/2255
f 2053/2377/2256 2068/2404/2256 2069/2388/2256
f 2047/2380/2257 2046/2378/2257 2061/2389/2257
f 2054/2379/2646 2069/2388/2646 2070/2391/2646
f 2048/2382/2259 2047/2380/2259 2062/2390/2259
f 2048/2382/2262 2063/2392/2262 2064/2396/2262
f 2041/2384/2647 2056/2394/2647 2057/2397/2647
f 2049/2386/2264 2064/2396/2264 2065/2398/2264
f 2042/2387/2648 2057/2397/2648 2058/2399/2648
f 2051/2373/2266 2050/2371/2266 2065/2398/2266
f 2043/2372/2267 2058/2399/2267 2059/2401/2267
f 2051/2373/2268 2066/2400/2268 2067/2402/2268
f 2045/2376/2269 2044/2374/2269 2059/2401/2269
f 2053/2377/2270 2052/2375/2270 2067/2402/2270
f 2045/2376/2271 2060/2403/2271 2061/2389/2271
f 2066/2400/2272 2065/2398/2272 2080/2405/2272
f 2058/2399/2273 2073/2421/2273 2074/2407/2273
f 2066/2400/2274 2081/2406/2274 2082/2408/2274
f 2060/2403/2275 2059/2401/2275 2074/2407/2275
f 2068/2404/2276 2067/2402/2276 2082/2408/2276
f 2060/2403/2277 2075/2409/2277 2076/2411/2277
f 2068/2404/2278 2083/2410/2278 2084/2412/2278
f 2062/2390/2649 2061/2389/2649 2076/2411/2649
f 2070/2391/2280 2069/2388/2280 2084/2412/2280
f 2063/2392/2281 2062/2390/2281 2077/2413/2281
f 2063/2392/2284 2078/2415/2284 2079/2419/2284
f 2056/2394/2285 2071/2417/2285 2072/2420/2285
f 2064/2396/2286 2079/2419/2286 2080/2405/2286
f 2058/2399/2287 2057/2397/2287 2072/2420/2287
f 2084/2412/2288 2099/2438/2288 2100/2422/2288
f 2078/2415/2289 2077/2413/2289 2092/2423/2289
f 2078/2415/2292 2093/2424/2292 2094/2428/2292
f 2071/2417/2293 2086/2426/2293 2087/2429/2293
f 2079/2419/2294 2094/2428/2294 2095/2430/2294
f 2073/2421/2295 2072/2420/2295 2087/2429/2295
f 2081/2406/2296 2080/2405/2296 2095/2430/2296
f 2073/2421/2297 2088/2431/2297 2089/2433/2297
f 2081/2406/2298 2096/2432/2298 2097/2434/2298
f 2075/2409/2650 2074/2407/2650 2089/2433/2650
f 2083/2410/2300 2082/2408/2300 2097/2434/2300
f 2075/2409/2301 2090/2435/2301 2091/2437/2301
f 2083/2410/2302 2098/2436/2302 2099/2438/2302
f 2077/2413/2303 2076/2411/2303 2091/2437/2303
f 2088/2431/2304 2103/2454/2304 2104/2439/2304
f 2096/2432/2305 2111/2455/2305 2112/2440/2305
f 2090/2435/2306 2089/2433/2306 2104/2439/2306
f 2097/2434/2307 2112/2440/2307 2113/2442/2307
f 2090/2435/2308 2105/2441/2308 2106/2443/2308
f 2099/2438/2309 2098/2436/2309 2113/2442/2309
f 2092/2423/2310 2091/2437/2310 2106/2443/2310
f 2100/2422/2651 2099/2438/2651 2114/2444/2651
f 2093/2424/2312 2092/2423/2312 2107/2445/2312
f 2093/2424/2315 2108/2447/2315 2109/2451/2315
f 2086/2426/2316 2101/2449/2316 2102/2452/2316
f 2094/2428/2317 2109/2451/2317 2110/2453/2317
f 2087/2429/2318 2102/2452/2318 2103/2454/2318
f 2096/2432/2319 2095/2430/2319 2110/2453/2319
f 2108/2447/2652 2107/2445/2652 2122/2456/2652
f 2108/2447/2323 2123/2457/2323 2124/2462/2323
f 2102/2452/2324 2101/2449/2324 2116/2459/2324
f 2109/2451/2325 2124/2462/2325 2125/2464/2325
f 2103/2454/2326 2102/2452/2326 2117/2463/2326
f 2111/2455/2327 2110/2453/2327 2125/2464/2327
f 2103/2454/2328 2118/2465/2328 2119/2467/2328
f 2111/2455/2329 2126/2466/2329 2127/2468/2329
f 2105/2441/2330 2104/2439/2330 2119/2467/2330
f 2113/2442/2331 2112/2440/2331 2127/2468/2331
f 2105/2441/2332 2120/2469/2332 2121/2471/2332
f 2113/2442/2653 2128/2470/2653 2129/2472/2653
f 2107/2445/2334 2106/2443/2334 2121/2471/2334
f 2114/2444/2335 2129/2472/2335 2130/2461/2335
f 2126/2466/2336 2141/2489/2336 2142/2473/2336
f 2120/2469/2337 2119/2467/2337 2134/2474/2337
f 2128/2470/2338 2127/2468/2338 2142/2473/2338
f 2120/2469/2339 2135/2475/2339 2136/2477/2339
f 2128/2470/2340 2143/2476/2340 2144/2478/2340
f 2122/2456/2341 2121/2471/2341 2136/2477/2341
f 2129/2472/2342 2144/2478/2342 2145/2480/2342
f 2123/2457/2343 2122/2456/2343 2137/2479/2343
f 2123/2457/2346 2138/2481/2346 2139/2485/2346
f 2116/2459/2347 2131/2483/2347 2132/2486/2347
f 2124/2462/2348 2139/2485/2348 2140/2487/2348
f 2117/2463/2349 2132/2486/2349 2133/2488/2349
f 2126/2466/2350 2125/2464/2350 2140/2487/2350
f 2118/2465/2351 2133/2488/2351 2134/2474/2351
f 2138/2481/2354 2153/2506/2354 2154/2494/2354
f 2131/2483/2355 2146/2491/2355 2147/2495/2355
f 2139/2485/2356 2154/2494/2356 2155/2496/2356
f 2132/2486/2357 2147/2495/2357 2148/2497/2357
f 2141/2489/2358 2140/2487/2358 2155/2496/2358
f 2133/2488/2359 2148/2497/2359 2149/2499/2359
f 2141/2489/2360 2156/2498/2360 2157/2500/2360
f 2135/2475/2361 2134/2474/2361 2149/2499/2361
f 2143/2476/2362 2142/2473/2362 2157/2500/2362
f 2135/2475/2363 2150/2501/2363 2151/2503/2363
f 2143/2476/2364 2158/2502/2364 2159/2504/2364
f 2137/2479/2365 2136/2477/2365 2151/2503/2365
f 2144/2478/2366 2159/2504/2366 2160/2493/2366
f 2138/2481/2367 2137/2479/2367 2152/2505/2367
f 2150/2501/2368 2149/2499/2368 2164/2507/2368
f 2158/2502/2369 2157/2500/2369 2172/2509/2369
f 2150/2501/2654 2165/2508/2654 2166/2511/2654
f 2158/2502/2371 2173/2510/2371 2174/2512/2371
f 2152/2505/2372 2151/2503/2372 2166/2511/2372
f 2160/2493/2373 2159/2504/2373 2174/2512/2373
f 2153/2506/2374 2152/2505/2374 2167/2513/2374
f 2153/2506/2377 2168/2515/2377 2169/2519/2377
f 2146/2491/2378 2161/2517/2378 2162/2520/2378
f 2154/2494/2379 2169/2519/2379 2170/2521/2379
f 2148/2497/2655 2147/2495/2655 2162/2520/2655
f 2156/2498/2381 2155/2496/2381 2170/2521/2381
f 2148/2497/2382 2163/2522/2382 2164/2507/2382
f 2156/2498/2383 2171/2523/2383 2172/2509/2383
f 2168/2515/2656 2183/2537/2656 2184/2524/2656
f 2161/2517/2385 2176/2539/2385 2177/2525/2385
f 2169/2519/2386 2184/2524/2386 2185/2526/2386
f 2162/2520/2387 2177/2525/2387 2178/2527/2387
f 2171/2523/2388 2170/2521/2388 2185/2526/2388
f 2163/2522/2389 2178/2527/2389 2179/2529/2389
f 2171/2523/2390 2186/2528/2390 2187/2530/2390
f 2165/2508/2391 2164/2507/2391 2179/2529/2391
f 2173/2510/2392 2172/2509/2392 2187/2530/2392
f 2165/2508/2393 2180/2531/2393 2181/2533/2393
f 2173/2510/2394 2188/2532/2394 2189/2534/2394
f 2167/2513/2395 2166/2511/2395 2181/2533/2395
f 2174/2512/2396 2189/2534/2396 2190/2536/2396
f 2168/2515/2397 2167/2513/2397 2182/2535/2397
f 2188/2532/2400 2187/2530/2400 2202/2541/2400
f 2180/2531/2401 2195/2557/2401 2196/2543/2401
f 2188/2532/2402 2203/2542/2402 2204/2544/2402
f 2182/2535/2403 2181/2533/2403 2196/2543/2403
f 2189/2534/2404 2204/2544/2404 2205/2546/2404
f 2183/2537/2405 2182/2535/2405 2197/2545/2405
f 2183/2537/2408 2198/2547/2408 2199/2551/2408
f 2177/2525/2409 2176/2539/2409 2191/2549/2409
f 2184/2524/2410 2199/2551/2410 2200/2553/2410
f 2177/2525/2411 2192/2552/2411 2193/2554/2411
f 2186/2528/2412 2185/2526/2412 2200/2553/2412
f 2178/2527/2413 2193/2554/2413 2194/2556/2413
f 2186/2528/2414 2201/2555/2414 2202/2541/2414
f 2180/2531/2415 2179/2529/2415 2194/2556/2415
f 2199/2551/2416 2214/2573/2416 2215/2558/2416
f 2192/2552/2417 2207/2574/2417 2208/2559/2417
f 2201/2555/2418 2200/2553/2418 2215/2558/2418
f 2193/2554/2419 2208/2559/2419 2209/2561/2419
f 2201/2555/2657 2216/2560/2657 2217/2562/2657
f 2195/2557/2421 2194/2556/2421 2209/2561/2421
f 2203/2542/2422 2202/2541/2422 2217/2562/2422
f 2195/2557/2423 2210/2563/2423 2211/2565/2423
f 2203/2542/2424 2218/2564/2424 2219/2566/2424
f 2197/2545/2425 2196/2543/2425 2211/2565/2425
f 2205/2546/2426 2204/2544/2426 2219/2566/2426
f 2198/2547/2427 2197/2545/2427 2212/2567/2427
f 2198/2547/2430 2213/2569/2430 2214/2573/2430
f 2192/2552/2431 2191/2549/2431 2206/2571/2431
f 2218/2564/2432 2233/2591/2432 2234/2575/2432
f 2212/2567/2433 2211/2565/2433 2226/2576/2433
f 2220/2568/2434 2219/2566/2434 2234/2575/2434
f 2213/2569/2435 2212/2567/2435 2227/2577/2435
f 2213/2569/2658 2228/2579/2658 2229/2583/2658
f 2206/2571/2439 2221/2581/2439 2222/2584/2439
f 2214/2573/2440 2229/2583/2440 2230/2585/2440
f 2207/2574/2441 2222/2584/2441 2223/2586/2441
f 2216/2560/2442 2215/2558/2442 2230/2585/2442
f 2208/2559/2443 2223/2586/2443 2224/2588/2443
f 2216/2560/2444 2231/2587/2444 2232/2589/2444
f 2210/2563/2445 2209/2561/2445 2224/2588/2445
f 2218/2564/2446 2217/2562/2446 2232/2589/2446
f 2210/2563/2447 2225/2590/2447 2226/2576/2447
f 2222/2584/2448 2238/2608/2448 2239/2592/2448
f 2231/2587/2449 2230/2585/2449 2246/2593/2449
f 2223/2586/2450 2239/2592/2450 2240/2595/2450
f 2231/2587/2451 2247/2594/2451 2248/2596/2451
f 2225/2590/2452 2224/2588/2452 2240/2595/2452
f 2233/2591/2453 2232/2589/2453 2248/2596/2453
f 2225/2590/2454 2241/2597/2454 2242/2599/2454
f 2233/2591/2659 2249/2598/2659 2250/2600/2659
f 2227/2577/2456 2226/2576/2456 2242/2599/2456
f 2234/2575/2457 2250/2600/2457 2251/2602/2457
f 2228/2579/2458 2227/2577/2458 2243/2601/2458
f 2228/2579/2461 2244/2603/2461 2245/2607/2461
f 2221/2581/2462 2237/2605/2462 2238/2608/2462
f 2229/2583/2463 2245/2607/2463 2246/2593/2463
f 2243/2601/2464 2242/2599/2464 2257/2609/2464
f 2250/2600/2660 2265/2625/2660 2266/2611/2660
f 2244/2603/2466 2243/2601/2466 2258/2610/2466
f 2244/2603/2469 2259/2612/2469 2260/2616/2469
f 2237/2605/2470 2252/2614/2470 2253/2617/2470
f 2245/2607/2471 2260/2616/2471 2261/2618/2471
f 2238/2608/2661 2253/2617/2661 2254/2619/2661
f 2247/2594/2473 2246/2593/2473 2261/2618/2473
f 2239/2592/2474 2254/2619/2474 2255/2621/2474
f 2247/2594/2475 2262/2620/2475 2263/2622/2475
f 2240/2595/2476 2255/2621/2476 2256/2623/2476
f 2249/2598/2477 2248/2596/2477 2263/2622/2477
f 2241/2597/2478 2256/2623/2478 2257/2609/2478
f 2249/2598/2479 2264/2624/2479 2265/2625/2479
f 2262/2620/2480 2261/2618/2480 2276/2626/2480
f 2254/2619/2481 2269/2642/2481 2270/2628/2481
f 2262/2620/2482 2277/2627/2482 2278/2629/2482
f 2256/2623/2483 2255/2621/2483 2270/2628/2483
f 2264/2624/2484 2263/2622/2484 2278/2629/2484
f 2256/2623/2485 2271/2630/2485 2272/2632/2485
f 2264/2624/2486 2279/2631/2486 2280/2633/2486
f 2258/2610/2487 2257/2609/2487 2272/2632/2487
f 2265/2625/2488 2280/2633/2488 2281/2635/2488
f 2259/2612/2489 2258/2610/2489 2273/2634/2489
f 2259/2612/2492 2274/2636/2492 2275/2640/2492
f 2252/2614/2493 2267/2638/2493 2268/2641/2493
f 2260/2616/2494 2275/2640/2494 2276/2626/2494
f 2253/2617/2495 2268/2641/2495 2269/2642/2495
f 2280/2633/2496 2295/2659/2496 2296/2643/2496
f 2274/2636/2497 2273/2634/2497 2288/2644/2497
f 2274/2636/2500 2289/2645/2500 2290/2649/2500
f 2267/2638/2501 2282/2647/2501 2283/2650/2501
f 2275/2640/2502 2290/2649/2502 2291/2651/2502
f 2269/2642/2503 2268/2641/2503 2283/2650/2503
f 2277/2627/2504 2276/2626/2504 2291/2651/2504
f 2269/2642/2505 2284/2652/2505 2285/2654/2505
f 2277/2627/2506 2292/2653/2506 2293/2655/2506
f 2271/2630/2507 2270/2628/2507 2285/2654/2507
f 2279/2631/2508 2278/2629/2508 2293/2655/2508
f 2271/2630/2509 2286/2656/2509 2287/2658/2509
f 2279/2631/2510 2294/2657/2510 2295/2659/2510
f 2273/2634/2511 2272/2632/2511 2287/2658/2511
f 2284/2660/2512 2299/2690/2512 2300/2661/2512
f 2292/2663/2513 2307/2691/2513 2308/2664/2513
f 2286/2666/2514 2285/2662/2514 2300/2661/2514
f 2294/2668/2515 2293/2665/2515 2308/2664/2515
f 2286/2666/2516 2301/2667/2516 2302/2670/2516
f 2294/2668/2517 2309/2669/2517 2310/2672/2517
f 2288/2674/2518 2287/2671/2518 2302/2670/2518
f 2295/2673/2519 2310/2672/2519 2311/2676/2519
f 2289/2678/2520 2288/2674/2520 2303/2675/2520
f 2289/2678/2523 2304/2679/2523 2305/2684/2523
f 2282/2680/2662 2297/2682/2662 2298/2686/2662
f 2290/2685/2525 2305/2684/2525 2306/2688/2525
f 2284/2660/2526 2283/2687/2526 2298/2686/2526
f 2292/2663/2527 2291/2689/2527 2306/2688/2527
f 2304/2679/2528 2303/2675/2528 2318/2692/2528
f 2304/2679/2531 2319/2693/2531 2320/2698/2531
f 2297/2682/2532 2312/2695/2532 2313/2699/2532
f 2305/2684/2533 2320/2698/2533 2321/2700/2533
f 2299/2690/2534 2298/2686/2534 2313/2699/2534
f 2307/2691/2535 2306/2688/2535 2321/2700/2535
f 2299/2690/2536 2314/2701/2536 2315/2703/2536
f 2307/2691/2537 2322/2702/2537 2323/2704/2537
f 2301/2667/2538 2300/2661/2538 2315/2703/2538
f 2309/2669/2539 2308/2664/2539 2323/2704/2539
f 2301/2667/2540 2316/2705/2540 2317/2707/2540
f 2309/2669/2541 2324/2706/2541 2325/2708/2541
f 2303/2675/2663 2302/2670/2663 2317/2707/2663
f 2310/2672/2664 2325/2708/2664 2326/2697/2664
f 2322/2702/2544 2337/2725/2544 2338/2709/2544
f 2316/2705/2545 2315/2703/2545 2330/2710/2545
f 2324/2706/2546 2323/2704/2546 2338/2709/2546
f 2316/2705/2547 2331/2711/2547 2332/2713/2547
f 2325/2708/2548 2324/2706/2548 2339/2712/2548
f 2318/2692/2549 2317/2707/2549 2332/2713/2549
f 2325/2708/2550 2340/2714/2550 2341/2716/2550
f 2319/2693/2551 2318/2692/2551 2333/2715/2551
f 2319/2693/2554 2334/2717/2554 2335/2721/2554
f 2313/2699/2665 2312/2695/2665 2327/2719/2665
f 2320/2698/2556 2335/2721/2556 2336/2723/2556
f 2313/2699/2557 2328/2722/2557 2329/2724/2557
f 2322/2702/2558 2321/2700/2558 2336/2723/2558
f 2314/2701/2559 2329/2724/2559 2330/2710/2559
f 2334/2717/2561 2349/2740/2561 2350/2728/2561
f 2327/2719/2562 2342/2742/2562 2343/2729/2562
f 2335/2721/2563 2350/2728/2563 2351/2730/2563
f 2329/2724/2564 2328/2722/2564 2343/2729/2564
f 2337/2725/2565 2336/2723/2565 2351/2730/2565
f 2329/2724/2666 2344/2731/2666 2345/2733/2666
f 2337/2725/2567 2352/2732/2567 2353/2734/2567
f 2331/2711/2568 2330/2710/2568 2345/2733/2568
f 2339/2712/2569 2338/2709/2569 2353/2734/2569
f 2331/2711/2570 2346/2735/2570 2347/2737/2570
f 2339/2712/2571 2354/2736/2571 2355/2738/2571
f 2333/2715/2572 2332/2713/2572 2347/2737/2572
f 2340/2714/2573 2355/2738/2573 2356/2727/2573
f 2334/2717/2574 2333/2715/2574 2348/2739/2574
f 2354/2736/2576 2353/2734/2576 2368/2743/2576
f 2346/2735/2577 2361/2759/2577 2362/2745/2577
f 2354/2736/2578 2369/2744/2578 2370/2746/2578
f 2348/2739/2579 2347/2737/2579 2362/2745/2579
f 2355/2738/2580 2370/2746/2580 2371/2748/2580
f 2349/2740/2581 2348/2739/2581 2363/2747/2581
f 2349/2740/2584 2364/2749/2584 2365/2753/2584
f 2342/2742/2585 2357/2751/2585 2358/2754/2585
f 2350/2728/2586 2365/2753/2586 2366/2755/2586
f 2344/2731/2667 2343/2729/2667 2358/2754/2667
f 2352/2732/2588 2351/2730/2588 2366/2755/2588
f 2344/2731/2589 2359/2756/2589 2360/2758/2589
f 2352/2732/2590 2367/2757/2590 2368/2743/2590
f 2346/2735/2591 2345/2733/2591 2360/2758/2591
f 2358/2754/2592 2357/2751/2592 2372/2760/2592
f 2365/2753/2593 2380/2776/2593 2381/2762/2593
f 2358/2754/2594 2373/2761/2594 2374/2763/2594
f 2367/2757/2595 2366/2755/2595 2381/2762/2595
f 2359/2756/2596 2374/2763/2596 2375/2765/2596
f 2367/2757/2597 2382/2764/2597 2383/2766/2597
f 2361/2759/2598 2360/2758/2598 2375/2765/2598
f 2369/2744/2599 2368/2743/2599 2383/2766/2599
f 2361/2759/2600 2376/2767/2600 2377/2769/2600
f 2369/2744/2601 2384/2768/2601 2385/2770/2601
f 2363/2747/2602 2362/2745/2602 2377/2769/2602
f 2370/2746/2603 2385/2770/2603 2386/2772/2603
f 2364/2749/2604 2363/2747/2604 2378/2771/2604
f 2364/2749/2607 2379/2773/2607 2380/2776/2607
f 2376/2767/2608 2391/2792/2608 2392/2777/2608
f 2384/2768/2609 2399/2793/2609 2400/2778/2609
f 2378/2771/2610 2377/2769/2610 2392/2777/2610
f 2386/2772/2611 2385/2770/2611 2400/2778/2611
f 2379/2773/2612 2378/2771/2612 2393/2779/2612
f 2379/2773/2615 2394/2781/2615 2395/2785/2615
f 2372/2760/2616 2387/2783/2616 2388/2786/2616
f 2380/2776/2617 2395/2785/2617 2396/2787/2617
f 2374/2763/2618 2373/2761/2618 2388/2786/2618
f 2382/2764/2619 2381/2762/2619 2396/2787/2619
f 2374/2763/2620 2389/2788/2620 2390/2790/2620
f 2382/2764/2621 2397/2789/2621 2398/2791/2621
f 2376/2767/2622 2375/2765/2622 2390/2790/2622
f 2384/2768/2623 2383/2766/2623 2398/2791/2623
f 2395/2785/2624 1933/2240/2624 2406/2242/2624
f 2389/2788/2625 2388/2786/2625 2403/2237/2625
f 2396/2787/2626 2406/2242/2626 1934/2246/2626
f 2390/2790/2627 2389/2788/2627 1929/2243/2627
f 2397/2789/2628 1934/2246/2628 2407/2250/2628
f 2391/2792/2629 2390/2790/2629 2404/2247/2629
f 2399/2793/2630 2398/2791/2630 2407/2250/2630
f 2392/2777/2631 2391/2792/2631 1930/2251/2631
f 2399/2793/2632 2408/2254/2632 2409/2258/2632
f 2393/2779/2668 2392/2777/2668 2405/2255/2668
f 2400/2778/2634 2409/2258/2634 2410/2262/2634
f 2394/2781/2635 2393/2779/2635 1931/2259/2635
f 2394/2781/2638 1932/2264/2638 1933/2240/2638
f 2388/2786/2639 2387/2783/2639 2402/2265/2639
