# Blender 4.4.1
# www.blender.org
mtllib enemy.mtl
o 球
v 0.003020 0.708584 -0.141652
v 0.002261 0.703252 -0.249437
v 0.001157 0.669704 -0.319248
v 0.000528 0.643795 -0.336314
v -0.000122 0.613048 -0.340455
v -0.001383 0.541909 -0.309832
v 0.014298 0.684193 -0.011107
v 0.024767 0.698875 -0.076142
v 0.034285 0.706604 -0.138251
v 0.042485 0.707082 -0.195046
v 0.049052 0.700289 -0.244347
v 0.053734 0.686489 -0.284257
v 0.056351 0.666210 -0.313243
v 0.056803 0.640232 -0.330191
v 0.055071 0.609554 -0.334451
v 0.051224 0.575354 -0.325858
v 0.045408 0.538947 -0.304742
v 0.037846 0.501731 -0.271915
v 0.028831 0.465138 -0.228638
v 0.018707 0.430573 -0.176575
v 0.007865 0.399364 -0.117727
v 0.024851 0.682581 -0.007438
v 0.045468 0.695713 -0.068943
v 0.064337 0.702013 -0.127800
v 0.080734 0.701239 -0.181745
v 0.094028 0.693419 -0.228706
v 0.103709 0.678854 -0.266877
v 0.109404 0.658105 -0.294793
v 0.110895 0.631969 -0.311380
v 0.108124 0.601449 -0.316001
v 0.101198 0.567720 -0.308478
v 0.090384 0.532076 -0.289101
v 0.076095 0.495888 -0.258613
v 0.058883 0.460547 -0.218187
v 0.039408 0.427410 -0.169377
v 0.018418 0.397752 -0.114057
v 0.034573 0.680113 -0.001433
v 0.064537 0.690874 -0.057165
v 0.092021 0.694987 -0.110701
v 0.115969 0.692296 -0.159982
v 0.135460 0.682904 -0.203115
v 0.149746 0.667171 -0.238443
v 0.158277 0.645702 -0.264607
v 0.160725 0.619323 -0.280603
v 0.156997 0.589046 -0.285815
v 0.147236 0.556036 -0.280043
v 0.131816 0.521561 -0.263510
v 0.111331 0.486946 -0.236850
v 0.086567 0.453521 -0.201088
v 0.058477 0.422571 -0.157599
v 0.028139 0.395285 -0.108053
v 0.043089 0.676886 0.006675
v 0.081243 0.684543 -0.041261
v 0.116274 0.685796 -0.087611
v 0.146837 0.680598 -0.130594
v 0.171757 0.669148 -0.168558
v 0.190077 0.651887 -0.200045
v 0.201092 0.629476 -0.223845
v 0.204379 0.602779 -0.239042
v 0.199812 0.572820 -0.245053
v 0.187567 0.540752 -0.241646
v 0.168113 0.507806 -0.228953
v 0.142199 0.475248 -0.207462
v 0.110820 0.444330 -0.177998
v 0.075182 0.416240 -0.141694
v 0.036656 0.392057 -0.099944
v 0.050073 0.673022 0.016575
v 0.094943 0.676964 -0.021841
v 0.136163 0.674793 -0.059417
v 0.172151 0.666594 -0.094710
v 0.201524 0.652681 -0.126364
v 0.223152 0.633589 -0.153161
v 0.236204 0.610052 -0.174073
v 0.240179 0.582974 -0.188295
v 0.234924 0.553396 -0.195281
v 0.220641 0.522455 -0.194762
v 0.197879 0.491339 -0.186759
v 0.167513 0.461244 -0.171579
v 0.130709 0.433327 -0.149805
v 0.088882 0.408661 -0.122274
v 0.043640 0.388193 -0.090044
v 0.003280 0.663120 0.054354
v 0.055257 0.668671 0.027887
v 0.105110 0.668428 0.000349
v 0.150925 0.662401 -0.027203
v 0.190939 0.650822 -0.053710
v 0.223616 0.634135 -0.078152
v 0.247699 0.612982 -0.099592
v 0.262263 0.588176 -0.117204
v 0.266749 0.560670 -0.130311
v 0.260983 0.531520 -0.138411
v 0.245189 0.501848 -0.141192
v 0.219971 0.472793 -0.138547
v 0.186301 0.445472 -0.130578
v 0.145471 0.420935 -0.117591
v 0.099050 0.400125 -0.100085
v 0.048823 0.383842 -0.078732
v 0.058440 0.663999 0.040176
v 0.111355 0.659264 0.024454
v 0.159991 0.649097 0.007793
v 0.202478 0.633888 -0.009169
v 0.237184 0.614224 -0.025777
v 0.262776 0.590858 -0.041396
v 0.278268 0.564688 -0.055423
v 0.283068 0.536722 -0.067320
v 0.276989 0.508032 -0.076631
v 0.260265 0.479723 -0.082996
v 0.233540 0.452881 -0.086172
v 0.197840 0.428538 -0.086037
v 0.154537 0.407631 -0.082595
v 0.105295 0.390961 -0.075979
v 0.052007 0.379170 -0.066443
v 0.059502 0.659186 0.052970
v 0.113437 0.649823 0.049550
v 0.163014 0.635390 0.044226
v 0.206325 0.616444 0.037202
v 0.241708 0.593711 0.028749
v 0.267802 0.568065 0.019191
v 0.283605 0.540492 0.008895
v 0.288508 0.512051 -0.001742
v 0.282325 0.483836 -0.012313
v 0.265292 0.456930 -0.022410
v 0.238064 0.432368 -0.031646
v 0.201687 0.411094 -0.039666
v 0.157560 0.393924 -0.046162
v 0.107377 0.381520 -0.050883
v 0.053068 0.374357 -0.053650
v 0.058400 0.654417 0.065777
v 0.111277 0.640468 0.074671
v 0.159877 0.621809 0.080696
v 0.202333 0.599158 0.083620
v 0.237013 0.573385 0.083331
v 0.262585 0.545480 0.079839
v 0.278067 0.516516 0.073279
v 0.282862 0.487606 0.063903
v 0.276787 0.459860 0.052071
v 0.260075 0.434346 0.038238
v 0.233369 0.412043 0.022936
v 0.197694 0.393808 0.006752
v 0.154423 0.380343 -0.009691
v 0.105216 0.372165 -0.025762
v 0.051967 0.369588 -0.040843
v 0.055178 0.649875 0.078104
v 0.104956 0.631559 0.098853
v 0.150700 0.608875 0.115802
v 0.190654 0.582697 0.128302
v 0.223280 0.554028 0.135871
v 0.247326 0.523972 0.138218
v 0.261867 0.493683 0.135254
v 0.266345 0.464325 0.127092
v 0.260587 0.437027 0.114046
v 0.244816 0.412837 0.096617
v 0.219636 0.392686 0.075476
v 0.186015 0.377346 0.051433
v 0.145246 0.367409 0.025415
v 0.098896 0.363256 -0.001581
v 0.048745 0.365046 -0.028515
v 0.049959 0.645735 0.089479
v 0.094718 0.623438 0.121165
v 0.135838 0.597086 0.148195
v 0.171737 0.567691 0.169530
v 0.201036 0.536384 0.184350
v 0.222610 0.504366 0.192085
v 0.235629 0.472870 0.192439
v 0.239593 0.443104 0.185397
v 0.234349 0.416214 0.171231
v 0.220100 0.393232 0.150484
v 0.197392 0.375041 0.123955
v 0.167099 0.362341 0.092661
v 0.130384 0.355619 0.057807
v 0.088658 0.355135 0.020732
v 0.043526 0.360906 -0.017141
v 0.042944 0.642156 0.099464
v 0.080957 0.616417 0.140751
v 0.115859 0.586893 0.176629
v 0.146309 0.554718 0.205720
v 0.171137 0.521129 0.226905
v 0.189388 0.487417 0.239370
v 0.200360 0.454876 0.242636
v 0.203633 0.424758 0.236578
v 0.199081 0.398220 0.221428
v 0.186877 0.376282 0.197769
v 0.167493 0.359787 0.166510
v 0.141671 0.349368 0.128851
v 0.110405 0.345427 0.086242
v 0.074897 0.348114 0.040318
v 0.036510 0.357327 -0.007156
v 0.034401 0.639275 0.107675
v 0.064201 0.610766 0.156858
v 0.091534 0.578690 0.200013
v 0.115349 0.544277 0.235481
v 0.134731 0.508852 0.261900
v 0.148935 0.473775 0.278255
v 0.157416 0.440394 0.283916
v 0.159848 0.409992 0.278667
v 0.156137 0.383738 0.262708
v 0.146425 0.362640 0.236654
v 0.131087 0.347509 0.201505
v 0.110710 0.338927 0.158613
v 0.086080 0.337223 0.109625
v 0.058141 0.342463 0.056424
v 0.027968 0.354446 0.001055
v 0.024661 0.637203 0.113797
v 0.045095 0.606703 0.168866
v 0.063795 0.572790 0.217446
v 0.080044 0.536769 0.257670
v 0.093217 0.500023 0.287992
v 0.102808 0.463964 0.307246
v 0.108448 0.429979 0.314693
v 0.109920 0.399374 0.310046
v 0.107168 0.373323 0.293485
v 0.100298 0.352830 0.265645
v 0.089573 0.338680 0.227597
v 0.075406 0.331419 0.180802
v 0.058341 0.331324 0.127059
v 0.039034 0.338400 0.068433
v 0.018228 0.352375 0.007177
v 0.014096 0.636021 0.117594
v 0.024371 0.604383 0.176315
v 0.033710 0.569422 0.228261
v 0.041753 0.532481 0.271434
v 0.048191 0.494981 0.304176
v 0.052778 0.458363 0.325229
v 0.055336 0.424033 0.333784
v 0.055768 0.393310 0.329511
v 0.054056 0.367377 0.312576
v 0.050268 0.347228 0.283629
v 0.044547 0.333639 0.243781
v 0.037115 0.327131 0.194566
v 0.028256 0.327955 0.137873
v 0.018311 0.336080 0.075882
v 0.007663 0.351192 0.010975
v 0.003114 0.635772 0.118921
v 0.002828 0.603895 0.178918
v 0.002434 0.568713 0.232040
v 0.001946 0.531580 0.276244
v 0.001383 0.493921 0.309832
v 0.000768 0.457185 0.331514
v 0.000122 0.422782 0.340455
v -0.000528 0.392036 0.336313
v -0.001157 0.366126 0.319247
v -0.001742 0.346050 0.289913
v -0.002261 0.332579 0.249437
v -0.002692 0.326230 0.199375
v -0.003020 0.327247 0.141652
v -0.003232 0.335592 0.078485
v -0.003320 0.350943 0.012302
v -0.007865 0.636467 0.117727
v -0.018707 0.605258 0.176575
v -0.028831 0.570693 0.228638
v -0.037846 0.534099 0.271915
v -0.045408 0.496884 0.304742
v -0.051224 0.460477 0.325857
v -0.055071 0.426277 0.334451
v -0.056803 0.395599 0.330191
v -0.056351 0.369621 0.313243
v -0.053734 0.349342 0.284257
v -0.049052 0.335541 0.244346
v -0.042485 0.328749 0.195046
v -0.034285 0.329227 0.138251
v -0.024767 0.336955 0.076142
v -0.014298 0.351638 0.011107
v -0.018418 0.638079 0.114057
v -0.039408 0.608420 0.169377
v -0.058883 0.575284 0.218187
v -0.076095 0.539942 0.258613
v -0.090384 0.503755 0.289101
v -0.101198 0.468111 0.308478
v -0.108124 0.434381 0.316001
v -0.110895 0.403862 0.311380
v -0.109404 0.377725 0.294793
v -0.103708 0.356976 0.266877
v -0.094028 0.342412 0.228705
v -0.080734 0.334592 0.181745
v -0.064337 0.333818 0.127800
v -0.045468 0.340118 0.068943
v -0.024851 0.353250 0.007437
v -0.028139 0.640546 0.108053
v -0.058477 0.613260 0.157599
v -0.086567 0.582310 0.201088
v -0.111331 0.548885 0.236850
v -0.131816 0.514270 0.263510
v -0.147236 0.479795 0.280043
v -0.156997 0.446785 0.285815
v -0.160725 0.416508 0.280602
v -0.158277 0.390129 0.264607
v -0.149746 0.368660 0.238443
v -0.135460 0.352927 0.203115
v -0.115969 0.343535 0.159982
v -0.092021 0.340843 0.110701
v -0.064537 0.344957 0.057165
v -0.034573 0.355717 0.001433
v -0.036656 0.643774 0.099944
v -0.075182 0.619591 0.141694
v -0.110820 0.591501 0.177998
v -0.142199 0.560583 0.207462
v -0.168113 0.528025 0.228953
v -0.187567 0.495079 0.241646
v -0.199812 0.463010 0.245052
v -0.204379 0.433052 0.239041
v -0.201092 0.406354 0.223845
v -0.190077 0.383944 0.200045
v -0.171757 0.366682 0.168558
v -0.146837 0.355233 0.130594
v -0.116274 0.350035 0.087611
v -0.081243 0.351288 0.041261
v -0.043089 0.358945 -0.006675
v -0.003280 0.372711 -0.054354
v -0.043640 0.647637 0.090044
v -0.088882 0.627170 0.122274
v -0.130709 0.602504 0.149805
v -0.167513 0.574587 0.171579
v -0.197879 0.544492 0.186759
v -0.220641 0.513376 0.194762
v -0.234924 0.482434 0.195280
v -0.240179 0.452856 0.188294
v -0.236204 0.425778 0.174072
v -0.223152 0.402241 0.153161
v -0.201524 0.383149 0.126364
v -0.172151 0.369237 0.094710
v -0.136163 0.361037 0.059417
v -0.094943 0.358867 0.021841
v -0.050073 0.362809 -0.016575
v -0.048823 0.651989 0.078732
v -0.099050 0.635705 0.100085
v -0.145471 0.614896 0.117591
v -0.186301 0.590359 0.130578
v -0.219971 0.563038 0.138547
v -0.245189 0.533983 0.141192
v -0.260983 0.504311 0.138411
v -0.266749 0.475161 0.130311
v -0.262263 0.447655 0.117203
v -0.247699 0.422848 0.099592
v -0.223616 0.401695 0.078152
v -0.190939 0.385009 0.053710
v -0.150925 0.373429 0.027203
v -0.105110 0.367403 -0.000349
v -0.055257 0.367160 -0.027887
v -0.052007 0.656661 0.066443
v -0.105295 0.644870 0.075979
v -0.154537 0.628200 0.082595
v -0.197840 0.607292 0.086037
v -0.233540 0.582950 0.086172
v -0.260265 0.556108 0.082996
v -0.276989 0.527798 0.076631
v -0.283067 0.499109 0.067320
v -0.278268 0.471142 0.055423
v -0.262775 0.444973 0.041396
v -0.237184 0.421607 0.025777
v -0.202478 0.401942 0.009169
v -0.159991 0.386734 -0.007793
v -0.111355 0.376567 -0.024454
v -0.058440 0.371832 -0.040176
v -0.053068 0.661474 0.053650
v -0.107377 0.654311 0.050883
v -0.157560 0.641906 0.046162
v -0.201687 0.624737 0.039666
v -0.238064 0.603463 0.031646
v -0.265292 0.578901 0.022410
v -0.282325 0.551995 0.012313
v -0.288508 0.523780 0.001742
v -0.283604 0.495339 -0.008895
v -0.267802 0.467766 -0.019191
v -0.241708 0.442120 -0.028749
v -0.206325 0.419387 -0.037202
v -0.163014 0.400440 -0.044226
v -0.113437 0.386008 -0.049550
v -0.059502 0.376645 -0.052970
v -0.051967 0.666243 0.040843
v -0.105216 0.663666 0.025762
v -0.154422 0.655488 0.009691
v -0.197694 0.642022 -0.006752
v -0.233369 0.623788 -0.022936
v -0.260075 0.601485 -0.038238
v -0.276787 0.575971 -0.052071
v -0.282862 0.548225 -0.063903
v -0.278066 0.519315 -0.073279
v -0.262585 0.490350 -0.079839
v -0.237013 0.462446 -0.083331
v -0.202333 0.436672 -0.083620
v -0.159876 0.414021 -0.080696
v -0.111277 0.395363 -0.074671
v -0.058400 0.381414 -0.065777
v -0.048745 0.670785 0.028515
v -0.098896 0.672575 0.001581
v -0.145246 0.668422 -0.025415
v -0.186015 0.658484 -0.051433
v -0.219636 0.643145 -0.075476
v -0.244816 0.622993 -0.096617
v -0.260587 0.598804 -0.114046
v -0.266345 0.571505 -0.127092
v -0.261867 0.542148 -0.135254
v -0.247326 0.511859 -0.138218
v -0.223280 0.481803 -0.135871
v -0.190653 0.453134 -0.128302
v -0.150700 0.426955 -0.115802
v -0.104956 0.404272 -0.098853
v -0.055178 0.385956 -0.078104
v -0.043525 0.674925 0.017141
v -0.088658 0.680696 -0.020732
v -0.130383 0.680211 -0.057807
v -0.167099 0.673490 -0.092661
v -0.197392 0.660790 -0.123955
v -0.220100 0.642599 -0.150484
v -0.234349 0.619617 -0.171231
v -0.239592 0.592726 -0.185397
v -0.235629 0.562961 -0.192439
v -0.222610 0.531464 -0.192085
v -0.201036 0.499447 -0.184350
v -0.171737 0.468140 -0.169530
v -0.135837 0.438745 -0.148195
v -0.094718 0.412393 -0.121165
v -0.049959 0.390096 -0.089479
v -0.036510 0.678504 0.007156
v -0.074897 0.687716 -0.040318
v -0.110405 0.690404 -0.086242
v -0.141671 0.686462 -0.128851
v -0.167493 0.676044 -0.166510
v -0.186877 0.659549 -0.197769
v -0.199080 0.637610 -0.221428
v -0.203633 0.611072 -0.236578
v -0.200360 0.580954 -0.242636
v -0.189388 0.548414 -0.239370
v -0.171137 0.514701 -0.226905
v -0.146309 0.481112 -0.205720
v -0.115859 0.448938 -0.176629
v -0.080957 0.419414 -0.140751
v -0.042944 0.393675 -0.099464
v -0.027968 0.681385 -0.001055
v -0.058141 0.693367 -0.056424
v -0.086080 0.698607 -0.109625
v -0.110710 0.696904 -0.158613
v -0.131086 0.688321 -0.201505
v -0.146425 0.673191 -0.236654
v -0.156137 0.652093 -0.262708
v -0.159848 0.625839 -0.278666
v -0.157416 0.595437 -0.283916
v -0.148935 0.562056 -0.278255
v -0.134731 0.526979 -0.261900
v -0.115349 0.491554 -0.235481
v -0.091534 0.457141 -0.200013
v -0.064201 0.425064 -0.156858
v -0.034401 0.396556 -0.107675
v -0.018228 0.683456 -0.007177
v -0.039034 0.697431 -0.068433
v -0.058341 0.704507 -0.127059
v -0.075406 0.704412 -0.180802
v -0.089573 0.697151 -0.227597
v -0.100298 0.683001 -0.265645
v -0.107168 0.662507 -0.293485
v -0.109920 0.636457 -0.310046
v -0.108448 0.605851 -0.314693
v -0.102808 0.571866 -0.307246
v -0.093217 0.535808 -0.287992
v -0.080044 0.499062 -0.257670
v -0.063795 0.463041 -0.217446
v -0.045095 0.429128 -0.168866
v -0.024661 0.398627 -0.113797
v -0.007663 0.684639 -0.010975
v -0.018311 0.699751 -0.075882
v -0.028256 0.707875 -0.137873
v -0.037115 0.708700 -0.194566
v -0.044547 0.702192 -0.243781
v -0.050268 0.688603 -0.283628
v -0.054056 0.668454 -0.312576
v -0.055768 0.642520 -0.329511
v -0.055336 0.611798 -0.333784
v -0.052778 0.577468 -0.325229
v -0.048191 0.540849 -0.304176
v -0.041753 0.503349 -0.271434
v -0.033710 0.466409 -0.228260
v -0.024371 0.431448 -0.176315
v -0.014096 0.399810 -0.117594
v 0.003320 0.684888 -0.012302
v 0.003232 0.700239 -0.078485
v 0.002692 0.709601 -0.199375
v 0.001743 0.689780 -0.289913
v -0.000768 0.578646 -0.331514
v -0.001946 0.504251 -0.276244
v -0.002434 0.467117 -0.232039
v -0.002828 0.431936 -0.178918
v -0.003114 0.400059 -0.118921
v 0.045866 0.339232 -0.024318
v 0.058914 0.303031 0.082725
v 0.062783 0.231839 0.180156
v 0.061033 0.186340 0.220509
v 0.056885 0.136494 0.253141
v 0.042117 0.031512 0.290570
v 0.016877 0.336788 -0.122817
v 0.019310 0.345894 -0.072692
v 0.020949 0.344521 -0.019021
v 0.021730 0.332720 0.036134
v 0.021623 0.310946 0.090653
v 0.020632 0.280035 0.142441
v 0.018796 0.241175 0.189507
v 0.016184 0.195860 0.230044
v 0.012897 0.145830 0.262493
v 0.009062 0.093009 0.285607
v 0.004826 0.039427 0.298498
v 0.000351 -0.012858 0.300671
v -0.004189 -0.061837 0.292042
v -0.008622 -0.105626 0.272942
v -0.012777 -0.142543 0.244106
v 0.007995 0.337726 -0.122534
v 0.001889 0.347733 -0.072138
v -0.004343 0.347190 -0.018217
v -0.010460 0.336118 0.037157
v -0.016229 0.314941 0.091856
v -0.021427 0.284474 0.143778
v -0.025854 0.245888 0.190927
v -0.029340 0.200665 0.231491
v -0.031752 0.150543 0.263912
v -0.032997 0.097448 0.286944
v -0.033026 0.043422 0.299702
v -0.031839 -0.009461 0.301694
v -0.029481 -0.059167 0.292846
v -0.026044 -0.103787 0.273496
v -0.021658 -0.141605 0.244389
v -0.000676 0.337707 -0.123841
v -0.015121 0.347698 -0.074700
v -0.029038 0.347138 -0.021937
v -0.041891 0.336052 0.032423
v -0.053187 0.314863 0.086289
v -0.062493 0.284388 0.137592
v -0.069449 0.245796 0.184359
v -0.073790 0.200571 0.224795
v -0.075348 0.150451 0.257345
v -0.074063 0.097362 0.280758
v -0.069985 0.043344 0.294134
v -0.063270 -0.009527 0.296959
v -0.054176 -0.059219 0.289126
v -0.043054 -0.103823 0.270934
v -0.030330 -0.141624 0.243082
v -0.008805 0.336734 -0.126686
v -0.031066 0.345788 -0.080281
v -0.052186 0.344367 -0.030038
v -0.071354 0.332524 0.022112
v -0.087832 0.310715 0.074164
v -0.100988 0.279779 0.124119
v -0.110315 0.240903 0.170058
v -0.115457 0.195582 0.210213
v -0.116214 0.145558 0.243043
v -0.112558 0.092753 0.267286
v -0.104629 0.039196 0.282009
v -0.092733 -0.013054 0.286648
v -0.077325 -0.061991 0.281024
v -0.058999 -0.105732 0.265353
v -0.038458 -0.142597 0.240238
v -0.016079 0.334843 -0.130960
v -0.045334 0.342079 -0.088665
v -0.072899 0.338982 -0.042210
v -0.097717 0.325671 0.006620
v -0.118831 0.302657 0.055948
v -0.135432 0.270824 0.103879
v -0.146882 0.231397 0.148571
v -0.152739 0.185890 0.188305
v -0.152780 0.136052 0.221556
v -0.147003 0.083799 0.247046
v -0.135629 0.031137 0.263794
v -0.119095 -0.019908 0.271157
v -0.098038 -0.067375 0.268853
v -0.073266 -0.109441 0.256969
v -0.045732 -0.144488 0.235964
v 0.013741 0.317552 -0.167469
v -0.022217 0.332108 -0.136499
v -0.057375 0.336713 -0.099530
v -0.090381 0.331191 -0.057983
v -0.119966 0.315755 -0.013456
v -0.144994 0.290997 0.032342
v -0.164503 0.257869 0.077649
v -0.177743 0.217644 0.120725
v -0.184205 0.171867 0.159914
v -0.183641 0.122299 0.193710
v -0.176073 0.070843 0.220815
v -0.161791 0.019478 0.240187
v -0.141345 -0.029824 0.251081
v -0.115520 -0.075166 0.253079
v -0.085308 -0.114807 0.246104
v -0.051871 -0.147224 0.230425
v -0.026985 0.328632 -0.143090
v -0.066728 0.329895 -0.112458
v -0.103959 0.321294 -0.076753
v -0.137248 0.303158 -0.037345
v -0.165315 0.276184 0.004251
v -0.187083 0.241410 0.046436
v -0.201713 0.200171 0.087590
v -0.208645 0.154052 0.126129
v -0.207612 0.104826 0.160575
v -0.198653 0.054384 0.189603
v -0.182112 0.004665 0.212096
v -0.158627 -0.042421 0.227192
v -0.129098 -0.085064 0.234310
v -0.094661 -0.121625 0.233176
v -0.056639 -0.150699 0.223834
v -0.030199 0.324550 -0.150479
v -0.073032 0.321889 -0.126954
v -0.113112 0.309670 -0.097797
v -0.148897 0.288363 -0.064129
v -0.179013 0.258788 -0.027244
v -0.202303 0.222080 0.011441
v -0.217871 0.179650 0.050439
v -0.225120 0.133129 0.088251
v -0.223770 0.084305 0.123424
v -0.213873 0.035054 0.154607
v -0.195811 -0.012732 0.180601
v -0.170276 -0.057215 0.200408
v -0.138251 -0.096688 0.213266
v -0.100965 -0.129631 0.218680
v -0.059853 -0.154781 0.216444
v -0.031736 0.320019 -0.158384
v -0.076047 0.313001 -0.142459
v -0.117488 0.296766 -0.120307
v -0.154467 0.271940 -0.092779
v -0.185562 0.239476 -0.060933
v -0.209580 0.200622 -0.025992
v -0.225596 0.156871 0.010700
v -0.232996 0.109904 0.047733
v -0.231495 0.061526 0.083685
v -0.221150 0.013596 0.117174
v -0.202359 -0.032043 0.146913
v -0.175845 -0.073639 0.171758
v -0.142626 -0.109591 0.190755
v -0.103979 -0.138520 0.203175
v -0.061389 -0.159312 0.208539
v -0.031536 0.315213 -0.166499
v -0.075654 0.303572 -0.158378
v -0.116918 0.283079 -0.143418
v -0.153742 0.254519 -0.122194
v -0.184710 0.218991 -0.095521
v -0.208633 0.177860 -0.064425
v -0.224591 0.132707 -0.030100
v -0.231971 0.085267 0.006134
v -0.230489 0.037362 0.042886
v -0.220203 -0.009165 0.078742
v -0.201507 -0.052528 0.112324
v -0.175121 -0.091059 0.142343
v -0.142057 -0.123279 0.167644
v -0.103587 -0.147948 0.187256
v -0.061189 -0.164119 0.200424
v -0.029607 0.310316 -0.174514
v -0.071871 0.293967 -0.174100
v -0.111426 0.269133 -0.166242
v -0.146751 0.236770 -0.151243
v -0.176490 0.198121 -0.129680
v -0.199499 0.154670 -0.102380
v -0.214895 0.108089 -0.070393
v -0.222085 0.060166 -0.034948
v -0.220793 0.012744 0.002593
v -0.211069 -0.032355 0.040787
v -0.193287 -0.073399 0.078166
v -0.168130 -0.108808 0.113293
v -0.136564 -0.137224 0.144820
v -0.099804 -0.157553 0.171534
v -0.059260 -0.169015 0.192409
v -0.026024 0.305516 -0.182120
v -0.064842 0.284553 -0.189019
v -0.101221 0.255466 -0.187902
v -0.133763 0.219375 -0.178811
v -0.161217 0.177666 -0.162096
v -0.182529 0.131943 -0.138398
v -0.196879 0.083961 -0.108630
v -0.203716 0.035566 -0.073934
v -0.202778 -0.011384 -0.035644
v -0.194099 -0.055083 0.004768
v -0.178014 -0.093853 0.045750
v -0.155142 -0.126203 0.085726
v -0.126360 -0.150891 0.123161
v -0.092774 -0.166968 0.156615
v -0.055677 -0.173815 0.184803
v -0.020923 0.300999 -0.189025
v -0.054837 0.275692 -0.202563
v -0.086696 0.242602 -0.207565
v -0.115276 0.203003 -0.203837
v -0.139479 0.158414 -0.191523
v -0.158375 0.110551 -0.171097
v -0.171238 0.061252 -0.143342
v -0.177572 0.012411 -0.109326
v -0.177136 -0.034093 -0.070357
v -0.169945 -0.076475 -0.027930
v -0.156276 -0.113105 0.016322
v -0.136655 -0.142576 0.060700
v -0.111835 -0.163755 0.103498
v -0.082770 -0.175828 0.143071
v -0.050577 -0.178332 0.177898
v -0.014502 0.296938 -0.194963
v -0.042241 0.267725 -0.214212
v -0.068409 0.231036 -0.224476
v -0.092002 0.188282 -0.225360
v -0.112111 0.141104 -0.216832
v -0.127966 0.091317 -0.199218
v -0.138955 0.040833 -0.173196
v -0.144657 -0.008407 -0.139765
v -0.144853 -0.054512 -0.100210
v -0.139536 -0.095709 -0.056052
v -0.128909 -0.130415 -0.008987
v -0.113380 -0.157297 0.039177
v -0.093548 -0.175321 0.086587
v -0.070174 -0.183795 0.131422
v -0.044155 -0.182393 0.171960
v -0.007006 0.293488 -0.199706
v -0.027538 0.260958 -0.223516
v -0.047063 0.221212 -0.237984
v -0.064834 0.175778 -0.242553
v -0.080165 0.126401 -0.237049
v -0.092469 0.074980 -0.221682
v -0.101272 0.023490 -0.197043
v -0.106236 -0.026090 -0.164079
v -0.107170 -0.071855 -0.124058
v -0.104039 -0.112046 -0.078516
v -0.096962 -0.145118 -0.029203
v -0.086212 -0.169801 0.021984
v -0.072202 -0.185145 0.073078
v -0.055470 -0.190562 0.122118
v -0.036660 -0.185843 0.167217
v 0.001275 0.290783 -0.203073
v -0.011292 0.255651 -0.230120
v -0.023479 0.213508 -0.247571
v -0.034816 0.165972 -0.254755
v -0.044868 0.114871 -0.251397
v -0.053249 0.062168 -0.237625
v -0.059636 0.009889 -0.213968
v -0.063785 -0.039958 -0.181336
v -0.065535 -0.085456 -0.140982
v -0.064819 -0.124858 -0.094458
v -0.061666 -0.156648 -0.043552
v -0.056195 -0.179606 0.009781
v -0.048618 -0.192850 0.063491
v -0.039225 -0.195869 0.115514
v -0.028378 -0.188549 0.163850
v 0.010025 0.288926 -0.204933
v 0.005871 0.252008 -0.233769
v 0.001438 0.208219 -0.252869
v -0.003103 0.159241 -0.261498
v -0.007577 0.106956 -0.259325
v -0.011814 0.053374 -0.246434
v -0.015649 0.000553 -0.223320
v -0.018935 -0.049477 -0.190871
v -0.021547 -0.094792 -0.150334
v -0.023384 -0.133652 -0.103268
v -0.024375 -0.164563 -0.051480
v -0.024482 -0.186338 0.003039
v -0.023701 -0.198138 0.058194
v -0.022062 -0.199512 0.111865
v -0.019628 -0.190406 0.161990
v 0.018907 0.287988 -0.205216
v 0.023292 0.250169 -0.234323
v 0.026730 0.205550 -0.253673
v 0.029088 0.155843 -0.262521
v 0.030275 0.102961 -0.260528
v 0.030245 0.048934 -0.247771
v 0.029001 -0.004160 -0.224739
v 0.026589 -0.054282 -0.192318
v 0.023102 -0.099505 -0.151754
v 0.018675 -0.138092 -0.104605
v 0.013477 -0.168559 -0.052683
v 0.007709 -0.189735 0.002016
v 0.001591 -0.200808 0.057390
v -0.004640 -0.201351 0.111311
v -0.010747 -0.191343 0.161708
v 0.027578 0.288006 -0.203909
v 0.040302 0.250205 -0.231760
v 0.051425 0.205602 -0.249952
v 0.060518 0.155909 -0.257786
v 0.067233 0.103039 -0.254961
v 0.071311 0.049021 -0.241585
v 0.072596 -0.004068 -0.218172
v 0.071039 -0.054188 -0.185622
v 0.066698 -0.099413 -0.145186
v 0.059741 -0.138005 -0.098418
v 0.050436 -0.168481 -0.047116
v 0.039139 -0.189669 0.006751
v 0.026286 -0.200756 0.061110
v 0.012370 -0.201315 0.113874
v -0.002075 -0.191325 0.163014
v 0.035707 0.288980 -0.201064
v 0.056248 0.252114 -0.226180
v 0.074574 0.208373 -0.241851
v 0.089981 0.159437 -0.247475
v 0.101878 0.107187 -0.242836
v 0.109806 0.053630 -0.228113
v 0.113462 0.000824 -0.203870
v 0.112705 -0.049200 -0.171040
v 0.107564 -0.094521 -0.130884
v 0.098236 -0.133396 -0.084946
v 0.085081 -0.164333 -0.034991
v 0.068602 -0.186142 0.017062
v 0.049435 -0.197984 0.069211
v 0.028315 -0.199406 0.119454
v 0.006054 -0.190352 0.165859
v -0.016493 -0.171170 0.206642
v 0.042980 0.290870 -0.196790
v 0.070515 0.255823 -0.217796
v 0.095287 0.213758 -0.229680
v 0.116344 0.166290 -0.231984
v 0.132877 0.115245 -0.224621
v 0.144251 0.062584 -0.207872
v 0.150029 0.010330 -0.182383
v 0.149988 -0.039508 -0.149132
v 0.144130 -0.085015 -0.109398
v 0.132681 -0.124442 -0.064706
v 0.116080 -0.156274 -0.016775
v 0.094965 -0.179288 0.032553
v 0.070148 -0.192600 0.081383
v 0.042582 -0.195697 0.127838
v 0.013327 -0.188461 0.170133
v 0.049119 0.293606 -0.191251
v 0.082556 0.261190 -0.206931
v 0.112768 0.221549 -0.213906
v 0.138594 0.176206 -0.211908
v 0.159040 0.126905 -0.201014
v 0.173322 0.075540 -0.181642
v 0.180890 0.024084 -0.154537
v 0.181454 -0.025485 -0.120740
v 0.174992 -0.071261 -0.081551
v 0.161752 -0.111486 -0.038476
v 0.142243 -0.144614 0.006831
v 0.117215 -0.169372 0.052629
v 0.087629 -0.184809 0.097156
v 0.054624 -0.190330 0.138703
v 0.019466 -0.185725 0.175672
v 0.053887 0.297082 -0.184660
v 0.091909 0.268007 -0.194003
v 0.126346 0.231446 -0.195137
v 0.155875 0.188803 -0.188019
v 0.179361 0.141718 -0.172923
v 0.195901 0.091999 -0.150429
v 0.204860 0.041557 -0.121402
v 0.205893 -0.007669 -0.086956
v 0.198962 -0.053788 -0.048416
v 0.184331 -0.095027 -0.007263
v 0.162564 -0.129802 0.034922
v 0.134496 -0.156775 0.076518
v 0.101208 -0.174911 0.115926
v 0.063976 -0.183513 0.151631
v 0.024234 -0.182249 0.182263
v 0.057101 0.301164 -0.177271
v 0.098214 0.276014 -0.179507
v 0.135499 0.243070 -0.174092
v 0.167524 0.203598 -0.161235
v 0.193059 0.159114 -0.141428
v 0.211122 0.111329 -0.115434
v 0.221018 0.062077 -0.084251
v 0.222368 0.013253 -0.049078
v 0.215120 -0.033268 -0.011266
v 0.199552 -0.075697 0.027732
v 0.176262 -0.112405 0.066417
v 0.146146 -0.141981 0.103302
v 0.110360 -0.163287 0.136970
v 0.070281 -0.175506 0.166127
v 0.027448 -0.178168 0.189652
v 0.058638 0.305695 -0.169366
v 0.101228 0.284902 -0.164002
v 0.139875 0.255974 -0.151582
v 0.173094 0.220021 -0.132585
v 0.199608 0.178426 -0.107739
v 0.218398 0.132787 -0.078001
v 0.228743 0.084857 -0.044512
v 0.230244 0.036479 -0.008560
v 0.222845 -0.010488 0.028473
v 0.206828 -0.054239 0.065165
v 0.182811 -0.093093 0.100106
v 0.151715 -0.125557 0.131952
v 0.114736 -0.150384 0.159480
v 0.073295 -0.166618 0.181632
v 0.028985 -0.173637 0.197557
v 0.058438 0.310501 -0.161251
v 0.100836 0.294330 -0.148083
v 0.139305 0.269661 -0.128471
v 0.172369 0.237442 -0.103170
v 0.198756 0.198911 -0.073151
v 0.217452 0.155548 -0.039568
v 0.227738 0.109020 -0.003713
v 0.229219 0.061116 0.033039
v 0.221840 0.013675 0.069273
v 0.205881 -0.031478 0.103598
v 0.181959 -0.072609 0.134694
v 0.150990 -0.108137 0.161367
v 0.114167 -0.136696 0.182591
v 0.072903 -0.157190 0.197551
v 0.028785 -0.168830 0.205672
v 0.056509 0.315398 -0.153236
v 0.097052 0.303936 -0.132361
v 0.133813 0.283607 -0.105647
v 0.165378 0.255191 -0.074120
v 0.190536 0.219781 -0.038993
v 0.208318 0.178738 -0.001614
v 0.218041 0.133639 0.036580
v 0.219333 0.086217 0.074121
v 0.212143 0.038294 0.109566
v 0.196748 -0.008288 0.141553
v 0.173738 -0.051738 0.168853
v 0.144000 -0.090388 0.190416
v 0.108674 -0.122751 0.205415
v 0.069120 -0.147584 0.213273
v 0.026856 -0.163933 0.213687
v 0.052926 0.320197 -0.145630
v 0.090023 0.313350 -0.117442
v 0.123608 0.297274 -0.083987
v 0.152390 0.272586 -0.046553
v 0.175263 0.240236 -0.006577
v 0.191348 0.201466 0.034405
v 0.200026 0.157766 0.074817
v 0.200965 0.110817 0.113107
v 0.194128 0.062422 0.147803
v 0.179778 0.014440 0.177571
v 0.158466 -0.031284 0.201269
v 0.131011 -0.072993 0.217984
v 0.098469 -0.109084 0.227075
v 0.062090 -0.138170 0.228192
v 0.023272 -0.159134 0.221293
v 0.047825 0.324714 -0.138725
v 0.080018 0.322211 -0.103898
v 0.109083 0.310138 -0.064324
v 0.133904 0.288959 -0.021527
v 0.153525 0.259488 0.022851
v 0.167194 0.222858 0.067103
v 0.174385 0.180476 0.109530
v 0.174821 0.133971 0.148500
v 0.168486 0.085131 0.182515
v 0.155624 0.035832 0.210270
v 0.136728 -0.012032 0.230696
v 0.112525 -0.056620 0.243010
v 0.083944 -0.096220 0.246738
v 0.052085 -0.129309 0.241736
v 0.018172 -0.154617 0.228198
v 0.041404 0.328776 -0.132787
v 0.067422 0.330178 -0.092249
v 0.090797 0.321704 -0.047414
v 0.110629 0.303680 -0.000003
v 0.126157 0.276798 0.048160
v 0.136784 0.242092 0.095225
v 0.142102 0.200895 0.139383
v 0.141906 0.154790 0.178938
v 0.136203 0.105550 0.212369
v 0.125214 0.055066 0.238391
v 0.109360 0.005278 0.256005
v 0.089250 -0.041899 0.264533
v 0.065658 -0.084654 0.263649
v 0.039489 -0.121342 0.253385
v 0.011751 -0.150555 0.234136
v 0.033908 0.332226 -0.128044
v 0.052719 0.336945 -0.082945
v 0.069451 0.331528 -0.033905
v 0.083461 0.316183 0.017190
v 0.094211 0.291500 0.068377
v 0.101287 0.258428 0.117689
v 0.104419 0.218238 0.163231
v 0.103484 0.172473 0.203252
v 0.098520 0.122893 0.236216
v 0.089717 0.071402 0.260855
v 0.077414 0.019981 0.276222
v 0.062082 -0.029395 0.281726
v 0.044312 -0.074830 0.277157
v 0.024786 -0.114575 0.262689
v 0.004255 -0.147106 0.238880
v 0.025626 0.334931 -0.124677
v 0.036474 0.342252 -0.076341
v 0.053444 0.325989 0.029392
v 0.062068 0.271240 0.133631
v 0.050498 0.084214 0.276798
v 0.032065 -0.019590 0.293929
v 0.020727 -0.067125 0.286744
v 0.008541 -0.109269 0.269293
v -0.004027 -0.144400 0.242246
v -0.531116 -0.125869 -0.062458
v -0.283097 0.267148 -0.079516
v -0.521501 -0.134611 -0.060329
v -0.273482 0.258407 -0.077387
v -0.512254 -0.143155 -0.054806
v -0.264234 0.249862 -0.071864
v -0.503729 -0.151175 -0.046102
v -0.255709 0.241842 -0.063160
v -0.496254 -0.158361 -0.034551
v -0.248234 0.234656 -0.051609
v -0.490116 -0.164437 -0.020598
v -0.242097 0.228580 -0.037656
v -0.485552 -0.169170 -0.004778
v -0.237533 0.223847 -0.021836
v -0.482737 -0.172378 0.012301
v -0.234717 0.220639 -0.004757
v -0.481779 -0.173938 0.029982
v -0.233759 0.219079 0.012924
v -0.482714 -0.173790 0.047586
v -0.234695 0.219228 0.030528
v -0.485507 -0.171938 0.064436
v -0.237488 0.221079 0.047378
v -0.490051 -0.168456 0.079885
v -0.242032 0.224561 0.062827
v -0.496171 -0.163476 0.093339
v -0.248151 0.229542 0.076281
v -0.503631 -0.157189 0.104281
v -0.255612 0.235828 0.087223
v -0.512145 -0.149838 0.112291
v -0.264126 0.243179 0.095233
v -0.521386 -0.141705 0.117060
v -0.273367 0.251312 0.100002
v -0.530999 -0.133103 0.118406
v -0.282980 0.259915 0.101348
v -0.540614 -0.124361 0.116277
v -0.292595 0.268656 0.099219
v -0.549862 -0.115816 0.110754
v -0.301843 0.277201 0.093696
v -0.558387 -0.107797 0.102050
v -0.310368 0.285221 0.084992
v -0.565862 -0.100611 0.090499
v -0.317843 0.292406 0.073441
v -0.572000 -0.094535 0.076546
v -0.323980 0.298483 0.059488
v -0.576564 -0.089801 0.060726
v -0.328544 0.303216 0.043668
v -0.579379 -0.086593 0.043647
v -0.331360 0.306424 0.026589
v -0.580337 -0.085034 0.025966
v -0.332318 0.307984 0.008908
v -0.579402 -0.085182 0.008362
v -0.331382 0.307835 -0.008696
v -0.576609 -0.087033 -0.008488
v -0.328589 0.305984 -0.025546
v -0.572065 -0.090516 -0.023937
v -0.324045 0.302502 -0.040995
v -0.565945 -0.095496 -0.037391
v -0.317926 0.297521 -0.054449
v -0.558485 -0.101782 -0.048333
v -0.310465 0.291235 -0.065391
v -0.549970 -0.109133 -0.056343
v -0.301951 0.283884 -0.073401
v -0.540729 -0.117266 -0.061112
v -0.292710 0.275751 -0.078170
v 0.475730 -0.138235 -0.060888
v 0.270652 0.285297 -0.079751
v 0.486186 -0.130984 -0.059462
v 0.281108 0.292548 -0.078325
v 0.496243 -0.124151 -0.054616
v 0.291165 0.299382 -0.073479
v 0.505513 -0.117997 -0.046535
v 0.300435 0.305535 -0.065399
v 0.513641 -0.112761 -0.035531
v 0.308563 0.310772 -0.054394
v 0.520315 -0.108642 -0.022026
v 0.315237 0.314890 -0.040889
v 0.525277 -0.105800 -0.006539
v 0.320199 0.317732 -0.025403
v 0.528338 -0.104343 0.010334
v 0.323260 0.319189 -0.008529
v 0.529379 -0.104328 0.027946
v 0.324301 0.319205 0.009083
v 0.528361 -0.105754 0.045619
v 0.323283 0.317778 0.026756
v 0.525322 -0.108568 0.062675
v 0.320244 0.314964 0.043811
v 0.520380 -0.112661 0.078457
v 0.315302 0.310871 0.059593
v 0.513724 -0.117876 0.092359
v 0.308646 0.305657 0.073496
v 0.505611 -0.124012 0.103848
v 0.300533 0.299521 0.084984
v 0.496351 -0.130834 0.112481
v 0.291273 0.292699 0.093617
v 0.486301 -0.138079 0.117927
v 0.281223 0.285454 0.099063
v 0.475847 -0.145469 0.119976
v 0.270769 0.278064 0.101113
v 0.465391 -0.152720 0.118550
v 0.260313 0.270813 0.099687
v 0.455334 -0.159553 0.113704
v 0.250257 0.263979 0.094841
v 0.446064 -0.165706 0.105624
v 0.240986 0.257826 0.086760
v 0.437936 -0.170943 0.094619
v 0.232858 0.252589 0.075756
v 0.431262 -0.175061 0.081114
v 0.226185 0.248471 0.062251
v 0.426300 -0.177904 0.065628
v 0.221222 0.245629 0.046764
v 0.423239 -0.179361 0.048754
v 0.218162 0.244172 0.029891
v 0.422198 -0.179376 0.031142
v 0.217120 0.244156 0.012279
v 0.423216 -0.177949 0.013469
v 0.218139 0.245583 -0.005394
v 0.426255 -0.175136 -0.003586
v 0.221177 0.248397 -0.022450
v 0.431197 -0.171043 -0.019368
v 0.226119 0.252490 -0.038232
v 0.437853 -0.165828 -0.033271
v 0.232775 0.257704 -0.052134
v 0.445967 -0.159692 -0.044759
v 0.240889 0.263840 -0.063623
v 0.455226 -0.152870 -0.053392
v 0.250148 0.270662 -0.072256
v 0.465276 -0.145625 -0.058838
v 0.260198 0.277907 -0.077702
vn 0.0613 0.9980 0.0172
vn 0.0390 -0.6654 -0.7454
vn 0.0763 0.9891 -0.1261
vn 0.0215 -0.7656 -0.6429
vn 0.0941 0.9443 -0.3155
vn 0.0073 -0.8337 -0.5521
vn 0.1131 0.8189 -0.5627
vn -0.0049 -0.8831 -0.4692
vn 0.1247 0.5437 -0.8300
vn 0.0264 0.9503 0.3103
vn -0.0159 -0.9207 -0.3900
vn 0.1154 0.1302 -0.9848
vn 0.0371 0.9735 0.2257
vn 0.0889 -0.2521 -0.9636
vn 0.0485 0.9902 0.1307
vn 0.0613 -0.5081 -0.8591
vn 0.1024 0.9851 0.1383
vn 0.2102 -0.5154 -0.8308
vn 0.1412 0.9896 0.0287
vn 0.1500 -0.6710 -0.7261
vn 0.1872 0.9762 -0.1096
vn 0.1014 -0.7700 -0.6299
vn 0.2427 0.9253 -0.2915
vn 0.0612 -0.8370 -0.5438
vn 0.3046 0.7932 -0.5274
vn 0.0263 -0.8851 -0.4646
vn 0.3506 0.5160 -0.7815
vn 0.0366 0.9494 0.3118
vn -0.0056 -0.9214 -0.3885
vn 0.3415 0.1103 -0.9334
vn 0.0683 0.9708 0.2302
vn 0.2807 -0.2635 -0.9229
vn 0.4748 0.7500 -0.4606
vn 0.0557 -0.8886 -0.4553
vn 0.5470 0.4706 -0.6923
vn 0.0462 0.9481 0.3147
vn 0.0040 -0.9227 -0.3856
vn 0.5382 0.0782 -0.8392
vn 0.0976 0.9661 0.2390
vn 0.4515 -0.2815 -0.8467
vn 0.1529 0.9762 0.1535
vn 0.3458 -0.5270 -0.7764
vn 0.2156 0.9751 0.0515
vn 0.2527 -0.6798 -0.6885
vn 0.2896 0.9541 -0.0769
vn 0.1761 -0.7770 -0.6043
vn 0.3778 0.8929 -0.2449
vn 0.1119 -0.8423 -0.5272
vn 0.4619 -0.5429 -0.7013
vn 0.2816 0.9558 0.0847
vn 0.3426 -0.6921 -0.6353
vn 0.3791 0.9249 -0.0301
vn 0.2423 -0.7868 -0.5677
vn 0.4934 0.8511 -0.1795
vn 0.1571 -0.8497 -0.5033
vn 0.6158 0.6956 -0.3700
vn 0.0820 -0.8934 -0.4418
vn 0.7050 0.4144 -0.5755
vn 0.0549 0.9462 0.3190
vn 0.0126 -0.9244 -0.3812
vn 0.6965 0.0376 -0.7166
vn 0.1239 0.9598 0.2519
vn 0.5932 -0.3056 -0.7448
vn 0.1981 0.9643 0.1758
vn 0.1044 -0.8993 -0.4246
vn 0.8238 0.3537 -0.4431
vn 0.0622 0.9439 0.3245
vn 0.0200 -0.9265 -0.3757
vn 0.8156 -0.0082 -0.5786
vn 0.1462 0.9521 0.2684
vn 0.7033 -0.3352 -0.6269
vn 0.2361 0.9500 0.2042
vn 0.5553 -0.5635 -0.6116
vn 0.3367 0.9331 0.1266
vn 0.4166 -0.7080 -0.5702
vn 0.4527 0.8912 0.0284
vn 0.2976 -0.7994 -0.5219
vn 0.5862 0.8040 -0.0997
vn 0.1953 -0.8591 -0.4730
vn 0.7252 0.6361 -0.2634
vn 0.3793 0.9085 0.1757
vn 0.4730 -0.7278 -0.4967
vn 0.5087 0.8556 0.0960
vn 0.3403 -0.8148 -0.4694
vn 0.6551 0.7555 -0.0096
vn 0.2250 -0.8704 -0.4379
vn 0.8040 0.5762 -0.1468
vn 0.1219 -0.9064 -0.4045
vn 0.9070 0.2924 -0.3031
vn 0.0680 0.9412 0.3309
vn 0.0257 -0.9290 -0.3692
vn 0.8991 -0.0572 -0.4340
vn 0.1637 0.9436 0.2880
vn 0.7826 -0.3697 -0.5008
vn 0.2658 0.9343 0.2376
vn 0.6247 -0.5889 -0.5128
vn 0.9593 0.2327 -0.1600
vn 0.0720 0.9384 0.3381
vn 0.0297 -0.9317 -0.3619
vn 0.9516 -0.1083 -0.2877
vn 0.1757 0.9345 0.3098
vn 0.8336 -0.4089 -0.3714
vn 0.2861 0.9179 0.2749
vn 0.6704 -0.6191 -0.4090
vn 0.4081 0.8835 0.2301
vn 0.5107 -0.7513 -0.4179
vn 0.5462 0.8202 0.1703
vn 0.3693 -0.8328 -0.4123
vn 0.7004 0.7083 0.0879
vn 0.2454 -0.8833 -0.3994
vn 0.8545 0.5188 -0.0241
vn 0.1339 -0.9143 -0.3823
vn 0.5296 -0.7785 -0.3368
vn 0.5649 0.7867 0.2491
vn 0.3839 -0.8533 -0.3529
vn 0.7227 0.6645 0.1900
vn 0.2557 -0.8977 -0.3589
vn 0.8791 0.4656 0.1022
vn 0.1400 -0.9229 -0.3588
vn 0.9843 0.1756 -0.0156
vn 0.0740 0.9354 0.3458
vn 0.0317 -0.9346 -0.3542
vn 0.9767 -0.1610 -0.1416
vn 0.1817 0.9252 0.3330
vn 0.8583 -0.4527 -0.2415
vn 0.2963 0.9018 0.3147
vn 0.6929 -0.6540 -0.3035
vn 0.4226 0.8593 0.2882
vn 0.0317 -0.9375 -0.3464
vn 0.9765 -0.2154 0.0038
vn 0.1817 0.9163 0.3569
vn 0.8581 -0.5009 -0.1127
vn 0.2962 0.8865 0.3556
vn 0.6928 -0.6933 -0.1986
vn 0.4225 0.8369 0.3480
vn 0.5294 -0.8089 -0.2557
vn 0.5648 0.7563 0.3302
vn 0.3838 -0.8757 -0.2931
vn 0.7225 0.6252 0.2950
vn 0.2556 -0.9130 -0.3180
vn 0.8789 0.4174 0.2310
vn 0.1400 -0.9318 -0.3349
vn 0.9841 0.1211 0.1298
vn 0.0740 0.9325 0.3536
vn 0.3691 -0.8992 -0.2348
vn 0.6999 0.5912 0.4008
vn 0.2452 -0.9287 -0.2781
vn 0.8539 0.3746 0.3612
vn 0.1338 -0.9407 -0.3116
vn 0.9586 0.0694 0.2761
vn 0.0719 0.9297 0.3613
vn 0.0297 -0.9404 -0.3387
vn 0.9509 -0.2715 0.1485
vn 0.1755 0.9080 0.3804
vn 0.8330 -0.5531 0.0139
vn 0.2859 0.8725 0.3962
vn 0.6699 -0.7362 -0.0961
vn 0.4078 0.8170 0.4076
vn 0.5103 -0.8416 -0.1767
vn 0.5458 0.7298 0.4116
vn 0.1635 0.9006 0.4028
vn 0.7816 -0.6085 0.1372
vn 0.2655 0.8604 0.4350
vn 0.6239 -0.7815 0.0018
vn 0.3788 0.8002 0.4650
vn 0.4723 -0.8755 -0.1019
vn 0.5081 0.7078 0.4908
vn 0.3399 -0.9231 -0.1800
vn 0.6543 0.5629 0.5051
vn 0.2247 -0.9443 -0.2406
vn 0.8030 0.3374 0.4913
vn 0.1217 -0.9494 -0.2897
vn 0.9058 0.0205 0.4231
vn 0.0679 0.9271 0.3686
vn 0.0257 -0.9431 -0.3315
vn 0.8980 -0.3291 0.2922
vn 0.5851 0.5403 0.6048
vn 0.1949 -0.9588 -0.2068
vn 0.7238 0.3061 0.6183
vn 0.1041 -0.9572 -0.2700
vn 0.8222 -0.0250 0.5687
vn 0.0621 0.9249 0.3752
vn 0.0199 -0.9455 -0.3250
vn 0.8140 -0.3869 0.4332
vn 0.1460 0.8943 0.4231
vn 0.7019 -0.6652 0.2547
vn 0.2357 0.8504 0.4704
vn 0.5542 -0.8272 0.0928
vn 0.3361 0.7865 0.5181
vn 0.4158 -0.9088 -0.0337
vn 0.4519 0.6904 0.5650
vn 0.2970 -0.9459 -0.1304
vn 0.5915 -0.7201 0.3627
vn 0.1976 0.8425 0.5011
vn 0.4606 -0.8705 0.1737
vn 0.2809 0.7762 0.5645
vn 0.3416 -0.9395 0.0257
vn 0.3781 0.6774 0.6310
vn 0.2415 -0.9664 -0.0878
vn 0.4920 0.5235 0.6955
vn 0.1566 -0.9715 -0.1779
vn 0.6141 0.2811 0.7375
vn 0.0817 -0.9640 -0.2532
vn 0.7030 -0.0661 0.7081
vn 0.0548 0.9230 0.3808
vn 0.0125 -0.9475 -0.3194
vn 0.6945 -0.4429 0.5671
vn 0.1236 0.8892 0.4405
vn 0.1113 -0.9816 -0.1551
vn 0.4728 0.2628 0.8411
vn 0.0553 -0.9692 -0.2399
vn 0.5446 -0.1002 0.8327
vn 0.0461 0.9217 0.3852
vn 0.0039 -0.9491 -0.3150
vn 0.5358 -0.4926 0.6858
vn 0.0972 0.8855 0.4544
vn 0.4495 -0.7688 0.4550
vn 0.1523 0.8370 0.5256
vn 0.3442 -0.9076 0.2405
vn 0.2148 0.7691 0.6020
vn 0.2515 -0.9651 0.0736
vn 0.2884 0.6688 0.6852
vn 0.1752 -0.9831 -0.0539
vn 0.3762 0.5123 0.7720
vn 0.1018 0.8337 0.5428
vn 0.2084 -0.9344 0.2888
vn 0.1402 0.7651 0.6285
vn 0.1487 -0.9830 0.1075
vn 0.1859 0.6642 0.7241
vn 0.1005 -0.9945 -0.0302
vn 0.2410 0.5062 0.8280
vn 0.0606 -0.9884 -0.1393
vn 0.3023 0.2516 0.9194
vn 0.0260 -0.9727 -0.2307
vn 0.3479 -0.1243 0.9292
vn 0.0365 0.9208 0.3883
vn -0.0058 -0.9501 -0.3120
vn 0.3388 -0.5300 0.7774
vn 0.0679 0.8832 0.4640
vn 0.2784 -0.8050 0.5239
vn 0.1107 0.2481 0.9624
vn -0.0052 -0.9741 -0.2259
vn 0.1219 -0.1350 0.9833
vn 0.0263 0.9205 0.3899
vn -0.0160 -0.9505 -0.3104
vn 0.1125 -0.5485 0.8285
vn 0.0367 0.8824 0.4690
vn 0.0865 -0.8230 0.5615
vn 0.0478 0.8326 0.5518
vn 0.0595 -0.9474 0.3145
vn 0.0603 0.7640 0.6424
vn 0.0376 -0.9914 0.1254
vn 0.0750 0.6631 0.7447
vn 0.0205 -0.9996 -0.0177
vn 0.0923 0.5050 0.8582
vn 0.0066 -0.9914 -0.1310
vn -0.0941 -0.9443 0.3155
vn -0.0215 0.7656 0.6429
vn -0.0763 -0.9891 0.1261
vn -0.0390 0.6654 0.7454
vn -0.0613 -0.9980 -0.0172
vn -0.0613 0.5081 0.8591
vn -0.0485 -0.9902 -0.1307
vn -0.0889 0.2521 0.9636
vn -0.0371 -0.9735 -0.2257
vn -0.1154 -0.1302 0.9847
vn 0.0159 0.9207 0.3900
vn -0.0264 -0.9503 -0.3103
vn -0.1247 -0.5437 0.8300
vn 0.0049 0.8831 0.4692
vn -0.1131 -0.8189 0.5627
vn -0.0073 0.8337 0.5521
vn -0.0683 -0.9708 -0.2302
vn -0.3415 -0.1103 0.9334
vn 0.0056 0.9214 0.3885
vn -0.0366 -0.9494 -0.3118
vn -0.3506 -0.5160 0.7815
vn -0.0263 0.8851 0.4646
vn -0.3046 -0.7932 0.5274
vn -0.0612 0.8370 0.5438
vn -0.2427 -0.9253 0.2915
vn -0.1014 0.7700 0.6299
vn -0.1872 -0.9762 0.1096
vn -0.1500 0.6710 0.7261
vn -0.1412 -0.9896 -0.0287
vn -0.2102 0.5154 0.8308
vn -0.1024 -0.9851 -0.1383
vn -0.2807 0.2635 0.9229
vn -0.2896 -0.9541 0.0769
vn -0.2527 0.6798 0.6885
vn -0.2156 -0.9751 -0.0515
vn -0.3458 0.5270 0.7764
vn -0.1529 -0.9762 -0.1535
vn -0.4515 0.2815 0.8467
vn -0.0976 -0.9661 -0.2390
vn -0.5382 -0.0782 0.8392
vn -0.0040 0.9227 0.3856
vn -0.0462 -0.9481 -0.3147
vn -0.5470 -0.4706 0.6923
vn -0.0557 0.8886 0.4553
vn -0.4748 -0.7500 0.4606
vn -0.1119 0.8423 0.5272
vn -0.3778 -0.8929 0.2449
vn -0.1761 0.7770 0.6043
vn -0.0126 0.9244 0.3812
vn -0.0549 -0.9462 -0.3190
vn -0.7050 -0.4144 0.5755
vn -0.0820 0.8934 0.4418
vn -0.6158 -0.6956 0.3700
vn -0.1571 0.8497 0.5033
vn -0.4934 -0.8511 0.1795
vn -0.2423 0.7868 0.5677
vn -0.3791 -0.9249 0.0301
vn -0.3426 0.6921 0.6353
vn -0.2816 -0.9558 -0.0847
vn -0.4619 0.5429 0.7013
vn -0.1981 -0.9643 -0.1758
vn -0.5932 0.3056 0.7448
vn -0.1239 -0.9598 -0.2519
vn -0.6965 -0.0376 0.7166
vn -0.4166 0.7080 0.5702
vn -0.3367 -0.9331 -0.1266
vn -0.5553 0.5635 0.6116
vn -0.2361 -0.9500 -0.2042
vn -0.7033 0.3352 0.6269
vn -0.1462 -0.9521 -0.2684
vn -0.8156 0.0082 0.5786
vn -0.0200 0.9265 0.3757
vn -0.0622 -0.9439 -0.3245
vn -0.8238 -0.3537 0.4431
vn -0.1044 0.8993 0.4246
vn -0.7252 -0.6361 0.2634
vn -0.1953 0.8591 0.4730
vn -0.5862 -0.8040 0.0997
vn -0.2976 0.7994 0.5219
vn -0.4527 -0.8912 -0.0284
vn -0.9070 -0.2924 0.3031
vn -0.1219 0.9064 0.4045
vn -0.8040 -0.5762 0.1468
vn -0.2250 0.8704 0.4379
vn -0.6551 -0.7555 0.0096
vn -0.3403 0.8148 0.4694
vn -0.5087 -0.8556 -0.0960
vn -0.4730 0.7278 0.4967
vn -0.3793 -0.9085 -0.1757
vn -0.6247 0.5889 0.5128
vn -0.2658 -0.9343 -0.2376
vn -0.7826 0.3697 0.5008
vn -0.1637 -0.9436 -0.2880
vn -0.8991 0.0572 0.4340
vn -0.0257 0.9290 0.3692
vn -0.0680 -0.9412 -0.3309
vn -0.4081 -0.8835 -0.2301
vn -0.6704 0.6191 0.4090
vn -0.2861 -0.9179 -0.2749
vn -0.8336 0.4089 0.3714
vn -0.1757 -0.9345 -0.3098
vn -0.9516 0.1083 0.2877
vn -0.0297 0.9317 0.3619
vn -0.0720 -0.9384 -0.3381
vn -0.9593 -0.2327 0.1600
vn -0.1339 0.9143 0.3823
vn -0.8545 -0.5188 0.0241
vn -0.2454 0.8833 0.3994
vn -0.7004 -0.7083 -0.0879
vn -0.3693 0.8328 0.4123
vn -0.5462 -0.8202 -0.1703
vn -0.5107 0.7513 0.4179
vn -0.1400 0.9229 0.3588
vn -0.8791 -0.4656 -0.1022
vn -0.2557 0.8977 0.3589
vn -0.7227 -0.6645 -0.1900
vn -0.3839 0.8533 0.3529
vn -0.5649 -0.7867 -0.2491
vn -0.5296 0.7785 0.3368
vn -0.4226 -0.8593 -0.2882
vn -0.6929 0.6540 0.3035
vn -0.2963 -0.9018 -0.3147
vn -0.8583 0.4527 0.2415
vn -0.1817 -0.9252 -0.3330
vn -0.9767 0.1610 0.1416
vn -0.0317 0.9346 0.3542
vn -0.0740 -0.9354 -0.3458
vn -0.9843 -0.1756 0.0156
vn -0.6928 0.6933 0.1986
vn -0.2962 -0.8865 -0.3556
vn -0.8581 0.5009 0.1127
vn -0.1817 -0.9163 -0.3569
vn -0.9765 0.2154 -0.0038
vn -0.0317 0.9375 0.3464
vn -0.0740 -0.9325 -0.3536
vn -0.9841 -0.1211 -0.1298
vn -0.1400 0.9318 0.3349
vn -0.8789 -0.4174 -0.2310
vn -0.2556 0.9130 0.3180
vn -0.7225 -0.6252 -0.2950
vn -0.3838 0.8757 0.2931
vn -0.5648 -0.7563 -0.3302
vn -0.5294 0.8089 0.2557
vn -0.4225 -0.8369 -0.3480
vn -0.8539 -0.3746 -0.3612
vn -0.2452 0.9287 0.2781
vn -0.6999 -0.5912 -0.4008
vn -0.3691 0.8992 0.2348
vn -0.5458 -0.7298 -0.4116
vn -0.5103 0.8416 0.1767
vn -0.4078 -0.8170 -0.4076
vn -0.6699 0.7362 0.0961
vn -0.2859 -0.8725 -0.3962
vn -0.8330 0.5531 -0.0139
vn -0.1755 -0.9080 -0.3804
vn -0.9509 0.2715 -0.1485
vn -0.0297 0.9404 0.3387
vn -0.0719 -0.9297 -0.3613
vn -0.9586 -0.0694 -0.2761
vn -0.1338 0.9407 0.3116
vn -0.2655 -0.8604 -0.4350
vn -0.7816 0.6085 -0.1372
vn -0.1635 -0.9006 -0.4028
vn -0.8980 0.3291 -0.2922
vn -0.0257 0.9431 0.3315
vn -0.0679 -0.9271 -0.3686
vn -0.9058 -0.0205 -0.4231
vn -0.1217 0.9494 0.2897
vn -0.8030 -0.3374 -0.4913
vn -0.2247 0.9443 0.2406
vn -0.6543 -0.5629 -0.5051
vn -0.3399 0.9231 0.1800
vn -0.5081 -0.7078 -0.4908
vn -0.4723 0.8755 0.1019
vn -0.3788 -0.8002 -0.4650
vn -0.6239 0.7815 -0.0018
vn -0.5851 -0.5403 -0.6048
vn -0.2970 0.9459 0.1304
vn -0.4519 -0.6904 -0.5650
vn -0.4158 0.9088 0.0337
vn -0.3361 -0.7865 -0.5181
vn -0.5542 0.8272 -0.0928
vn -0.2357 -0.8504 -0.4704
vn -0.7019 0.6652 -0.2547
vn -0.1460 -0.8943 -0.4231
vn -0.8140 0.3869 -0.4332
vn -0.0199 0.9455 0.3250
vn -0.0621 -0.9249 -0.3752
vn -0.8222 0.0250 -0.5687
vn -0.1041 0.9572 0.2700
vn -0.7238 -0.3061 -0.6183
vn -0.1949 0.9588 0.2068
vn -0.1236 -0.8892 -0.4405
vn -0.6945 0.4429 -0.5671
vn -0.0125 0.9475 0.3194
vn -0.0548 -0.9230 -0.3808
vn -0.7030 0.0661 -0.7081
vn -0.0817 0.9640 0.2532
vn -0.6141 -0.2811 -0.7375
vn -0.1566 0.9715 0.1779
vn -0.4920 -0.5235 -0.6956
vn -0.2415 0.9664 0.0878
vn -0.3781 -0.6774 -0.6310
vn -0.3416 0.9395 -0.0257
vn -0.2809 -0.7762 -0.5645
vn -0.4606 0.8705 -0.1737
vn -0.1976 -0.8425 -0.5011
vn -0.5915 0.7201 -0.3627
vn -0.1752 0.9831 0.0539
vn -0.2884 -0.6688 -0.6852
vn -0.2515 0.9651 -0.0736
vn -0.2148 -0.7691 -0.6020
vn -0.3442 0.9076 -0.2405
vn -0.1523 -0.8370 -0.5256
vn -0.4495 0.7688 -0.4550
vn -0.0972 -0.8855 -0.4544
vn -0.5358 0.4926 -0.6858
vn -0.0039 0.9491 0.3150
vn -0.0461 -0.9217 -0.3852
vn -0.5446 0.1002 -0.8327
vn -0.0553 0.9692 0.2399
vn -0.4728 -0.2628 -0.8411
vn -0.1113 0.9816 0.1551
vn -0.3762 -0.5123 -0.7720
vn -0.3388 0.5300 -0.7774
vn 0.0058 0.9501 0.3120
vn -0.0365 -0.9208 -0.3883
vn -0.3479 0.1243 -0.9292
vn -0.0260 0.9727 0.2307
vn -0.3023 -0.2516 -0.9194
vn -0.0606 0.9884 0.1393
vn -0.2410 -0.5062 -0.8280
vn -0.1005 0.9945 0.0302
vn -0.1859 -0.6642 -0.7241
vn -0.1487 0.9830 -0.1075
vn -0.1402 -0.7651 -0.6285
vn -0.2084 0.9344 -0.2888
vn -0.1018 -0.8337 -0.5428
vn -0.2784 0.8050 -0.5239
vn -0.0679 -0.8832 -0.4640
vn -0.0750 -0.6631 -0.7447
vn -0.0376 0.9914 -0.1254
vn -0.0603 -0.7640 -0.6424
vn -0.0595 0.9474 -0.3146
vn -0.0478 -0.8326 -0.5518
vn -0.0865 0.8230 -0.5615
vn -0.0367 -0.8824 -0.4690
vn -0.1125 0.5485 -0.8285
vn 0.0160 0.9505 0.3104
vn -0.0263 -0.9205 -0.3899
vn -0.1219 0.1350 -0.9833
vn 0.0052 0.9741 0.2259
vn -0.1107 -0.2481 -0.9624
vn -0.0066 0.9914 0.1310
vn -0.0923 -0.5050 -0.8582
vn -0.0205 0.9996 0.0177
vn 0.1872 0.9762 -0.1095
vn 0.1125 -0.5485 0.8286
vn 0.0595 -0.9474 0.3146
vn -0.4920 -0.5235 -0.6955
vn -0.0595 0.9474 -0.3145
vn -0.1125 0.5485 -0.8286
vn 0.2810 0.5092 0.8135
vn 0.1665 0.9687 -0.1841
vn 0.2677 0.3699 0.8897
vn 0.2114 0.9772 0.0186
vn 0.2455 0.2084 0.9467
vn 0.2439 0.9490 0.1996
vn 0.2125 0.0224 0.9769
vn 0.2661 0.8950 0.3580
vn 0.1664 -0.1860 0.9684
vn 0.2799 0.8220 0.4960
vn 0.1066 -0.4066 0.9074
vn 0.2867 0.7332 0.6166
vn 0.0359 -0.6177 0.7856
vn 0.2871 0.6294 0.7221
vn 0.1082 0.9102 -0.3997
vn -0.0386 -0.7921 0.6091
vn 0.0934 0.6608 0.7447
vn 0.0837 0.9130 -0.3992
vn -0.0640 -0.7899 0.6099
vn 0.0835 0.5384 0.8385
vn 0.0975 0.9784 -0.1825
vn 0.0709 0.3956 0.9157
vn 0.1056 0.9942 0.0222
vn 0.0551 0.2294 0.9718
vn 0.1092 0.9723 0.2065
vn 0.0358 0.0384 0.9986
vn 0.1092 0.9230 0.3689
vn 0.0129 -0.1747 0.9845
vn 0.1063 0.8529 0.5111
vn -0.0129 -0.3987 0.9170
vn 0.1010 0.7653 0.6358
vn -0.0395 -0.6123 0.7896
vn -0.1489 0.0339 0.9883
vn -0.0555 0.9331 0.3554
vn -0.1462 -0.1801 0.9727
vn -0.0770 0.8633 0.4988
vn -0.1355 -0.4030 0.9051
vn -0.0958 0.7747 0.6250
vn -0.1163 -0.6142 0.7805
vn -0.1122 0.6683 0.7354
vn 0.0587 0.9135 -0.4026
vn -0.0897 -0.7900 0.6065
vn -0.1262 0.5431 0.8302
vn 0.0268 0.9811 -0.1916
vn -0.1375 0.3969 0.9075
vn -0.0036 0.9999 0.0097
vn -0.1455 0.2274 0.9629
vn -0.0311 0.9808 0.1927
vn 0.0343 0.9115 -0.4098
vn -0.1147 -0.7925 0.5990
vn -0.3369 0.5202 0.7848
vn -0.0430 0.9765 -0.2112
vn -0.3460 0.3716 0.8615
vn -0.1123 0.9935 -0.0191
vn -0.3449 0.2010 0.9169
vn -0.1716 0.9724 0.1577
vn -0.3312 0.0084 0.9435
vn -0.2212 0.9225 0.3165
vn -0.3019 -0.2021 0.9317
vn -0.2618 0.8499 0.4574
vn -0.2548 -0.4190 0.8715
vn -0.2944 0.7582 0.5818
vn -0.1908 -0.6231 0.7585
vn -0.3195 0.6485 0.6910
vn -0.3798 0.8899 0.2526
vn -0.4449 -0.2393 0.8630
vn -0.4383 0.8113 0.3870
vn -0.3646 -0.4457 0.8176
vn -0.4832 0.7142 0.5063
vn -0.2598 -0.6384 0.7246
vn -0.5154 0.6003 0.6115
vn 0.0112 0.9072 -0.4205
vn -0.1381 -0.7972 0.5877
vn -0.5349 0.4692 0.7027
vn -0.1093 0.9644 -0.2406
vn -0.5404 0.3199 0.7782
vn -0.2161 0.9743 -0.0633
vn -0.5297 0.1510 0.8346
vn -0.3062 0.9464 0.1024
vn -0.4992 -0.0368 0.8657
vn -0.7063 0.3933 0.5886
vn -0.1695 0.9452 -0.2790
vn -0.7074 0.2452 0.6629
vn -0.3106 0.9428 -0.1214
vn -0.6874 0.0811 0.7218
vn -0.4283 0.9032 0.0286
vn -0.6422 -0.0983 0.7602
vn -0.5227 0.8361 0.1663
vn -0.5671 -0.2890 0.7713
vn -0.5959 0.7486 0.2907
vn -0.4592 -0.4813 0.7466
vn -0.6502 0.6446 0.4022
vn -0.3201 -0.6593 0.6804
vn -0.6869 0.5262 0.5014
vn -0.0095 0.9007 -0.4343
vn -0.1589 -0.8039 0.5731
vn -0.6627 -0.3482 0.6630
vn -0.7258 0.6655 0.1741
vn -0.5345 -0.5241 0.6630
vn -0.7854 0.5541 0.2760
vn -0.3693 -0.6848 0.6282
vn -0.8235 0.4315 0.3682
vn -0.0272 0.8922 -0.4508
vn -0.1762 -0.8124 0.5559
vn -0.8411 0.2981 0.4513
vn -0.2212 0.9195 -0.3249
vn -0.8373 0.1533 0.5248
vn -0.3915 0.9001 -0.1914
vn -0.8093 -0.0035 0.5873
vn -0.5319 0.8446 -0.0606
vn -0.7529 -0.1719 0.6353
vn -0.6424 0.7639 0.0619
vn -0.9258 0.0511 0.3745
vn -0.4554 0.8482 -0.2705
vn -0.8920 -0.0970 0.4415
vn -0.6124 0.7739 -0.1611
vn -0.8283 -0.2529 0.4999
vn -0.7333 0.6776 -0.0554
vn -0.7289 -0.4137 0.5455
vn -0.8220 0.5678 0.0439
vn -0.5883 -0.5719 0.5717
vn -0.8831 0.4491 0.1360
vn -0.4057 -0.7139 0.5708
vn -0.9200 0.3234 0.2215
vn -0.0410 0.8820 -0.4694
vn -0.1895 -0.8223 0.5366
vn -0.9343 0.1909 0.3009
vn -0.2621 0.8885 -0.3767
vn -0.6197 -0.6229 0.4775
vn -0.9416 0.3365 -0.0098
vn -0.4283 -0.7455 0.5106
vn -0.9755 0.2088 0.0699
vn -0.0505 0.8707 -0.4893
vn -0.1983 -0.8332 0.5162
vn -0.9861 0.0784 0.1467
vn -0.2907 0.8534 -0.4327
vn -0.9737 -0.0556 0.2212
vn -0.4996 0.7899 -0.3557
vn -0.9361 -0.1943 0.2933
vn -0.6668 0.6951 -0.2688
vn -0.8688 -0.3374 0.3623
vn -0.7926 0.5826 -0.1799
vn -0.7656 -0.4826 0.4254
vn -0.8822 0.4616 -0.0931
vn -0.5225 0.7279 -0.4440
vn -0.9448 -0.2916 0.1494
vn -0.6936 0.6122 -0.3796
vn -0.8771 -0.4225 0.2286
vn -0.8195 0.4840 -0.3068
vn -0.7744 -0.5526 0.3082
vn -0.9068 0.3526 -0.2312
vn -0.6292 -0.6755 0.3845
vn -0.9626 0.2221 -0.1553
vn -0.4369 -0.7786 0.4504
vn -0.9924 0.0934 -0.0798
vn -0.0553 0.8585 -0.5098
vn -0.2022 -0.8448 0.4954
vn -0.9994 -0.0342 -0.0043
vn -0.3056 0.8159 -0.4908
vn -0.9841 -0.1622 0.0718
vn -0.9488 0.1105 -0.2958
vn -0.4317 -0.8122 0.3924
vn -0.9746 -0.0188 -0.2231
vn -0.0551 0.8461 -0.5302
vn -0.2012 -0.8567 0.4750
vn -0.9785 -0.1436 -0.1477
vn -0.3062 0.7778 -0.5489
vn -0.9616 -0.2658 -0.0690
vn -0.5234 0.6652 -0.5324
vn -0.9222 -0.3865 0.0143
vn -0.6928 0.5291 -0.4900
vn -0.8563 -0.5061 0.1031
vn -0.8150 0.3861 -0.4320
vn -0.7576 -0.6221 0.1978
vn -0.8977 0.2454 -0.3660
vn -0.6180 -0.7282 0.2962
vn -0.8718 -0.4774 -0.1095
vn -0.6649 0.4492 -0.5967
vn -0.8098 -0.5866 -0.0114
vn -0.7806 0.2925 -0.5523
vn -0.7177 -0.6896 0.0970
vn -0.8573 0.1434 -0.4944
vn -0.5877 -0.7799 0.2152
vn -0.9035 0.0044 -0.4285
vn -0.4133 -0.8453 0.3386
vn -0.9256 -0.1252 -0.3571
vn -0.0499 0.8339 -0.5497
vn -0.1954 -0.8683 0.4558
vn -0.9273 -0.2475 -0.2807
vn -0.2924 0.7406 -0.6050
vn -0.9098 -0.3644 -0.1987
vn -0.5024 0.6046 -0.6182
vn -0.3828 -0.8768 0.2908
vn -0.8482 -0.2242 -0.4799
vn -0.0398 0.8224 -0.5675
vn -0.1851 -0.8794 0.4386
vn -0.8486 -0.3444 -0.4015
vn -0.2644 0.7059 -0.6571
vn -0.8317 -0.4569 -0.3155
vn -0.4599 0.5483 -0.6984
vn -0.7966 -0.5631 -0.2200
vn -0.6110 0.3754 -0.6969
vn -0.7401 -0.6629 -0.1130
vn -0.7178 0.2060 -0.6650
vn -0.6570 -0.7539 0.0079
vn -0.7878 0.0490 -0.6140
vn -0.5400 -0.8293 0.1436
vn -0.8292 -0.0939 -0.5511
vn -0.5323 0.3100 -0.7877
vn -0.6492 -0.7338 -0.2002
vn -0.6281 0.1290 -0.7674
vn -0.5774 -0.8137 -0.0678
vn -0.6906 -0.0357 -0.7224
vn -0.4767 -0.8751 0.0831
vn -0.7273 -0.1827 -0.6615
vn -0.3414 -0.9059 0.2504
vn -0.7440 -0.3142 -0.5897
vn -0.0254 0.8122 -0.5829
vn -0.1706 -0.8895 0.4239
vn -0.7442 -0.4331 -0.5085
vn -0.2232 0.6752 -0.7031
vn -0.7292 -0.5420 -0.4178
vn -0.3970 0.4987 -0.7705
vn -0.6984 -0.6423 -0.3159
vn -0.6141 -0.3934 -0.6842
vn -0.0069 0.8035 -0.5953
vn -0.1525 -0.8982 0.4123
vn -0.6151 -0.5119 -0.5997
vn -0.1700 0.6496 -0.7410
vn -0.6034 -0.6181 -0.5039
vn -0.3155 0.4576 -0.8313
vn -0.5786 -0.7134 -0.3954
vn -0.4304 0.2554 -0.8658
vn -0.5388 -0.7975 -0.2714
vn -0.5126 0.0637 -0.8563
vn -0.4807 -0.8674 -0.1287
vn -0.5668 -0.1085 -0.8167
vn -0.3994 -0.9161 0.0351
vn -0.5990 -0.2600 -0.7574
vn -0.2904 -0.9316 0.2186
vn -0.4104 -0.8521 -0.3247
vn -0.3731 0.0124 -0.9277
vn -0.3687 -0.9133 -0.1732
vn -0.4176 -0.1670 -0.8931
vn -0.3102 -0.9507 0.0008
vn -0.4451 -0.3235 -0.8350
vn -0.2315 -0.9528 0.1963
vn -0.4592 -0.4595 -0.7603
vn 0.0147 0.7967 -0.6042
vn -0.1314 -0.9052 0.4041
vn -0.4622 -0.5784 -0.6722
vn -0.1067 0.6302 -0.7690
vn -0.4553 -0.6829 -0.5713
vn -0.2176 0.4265 -0.8779
vn -0.4384 -0.7743 -0.4564
vn -0.3073 0.2134 -0.9274
vn -0.1082 -0.9102 0.3997
vn -0.2871 -0.6294 -0.7221
vn -0.0359 0.6177 -0.7856
vn -0.2867 -0.7332 -0.6166
vn -0.1066 0.4066 -0.9074
vn -0.2799 -0.8220 -0.4960
vn -0.1664 0.1860 -0.9684
vn -0.2661 -0.8950 -0.3580
vn -0.2125 -0.0224 -0.9769
vn -0.2439 -0.9490 -0.1996
vn -0.2455 -0.2084 -0.9467
vn -0.2114 -0.9772 -0.0186
vn -0.2677 -0.3699 -0.8897
vn -0.1665 -0.9687 0.1841
vn -0.2810 -0.5092 -0.8135
vn 0.0386 0.7921 -0.6091
vn -0.1092 -0.9723 -0.2065
vn -0.0551 -0.2294 -0.9718
vn -0.1056 -0.9942 -0.0222
vn -0.0709 -0.3956 -0.9157
vn -0.0975 -0.9784 0.1825
vn -0.0835 -0.5384 -0.8385
vn 0.0640 0.7899 -0.6099
vn -0.0837 -0.9130 0.3992
vn -0.0934 -0.6608 -0.7447
vn 0.0395 0.6123 -0.7896
vn -0.1010 -0.7653 -0.6358
vn 0.0129 0.3987 -0.9170
vn -0.1063 -0.8529 -0.5111
vn -0.0129 0.1747 -0.9845
vn -0.1092 -0.9230 -0.3689
vn -0.0358 -0.0384 -0.9986
vn 0.1163 0.6142 -0.7805
vn 0.0958 -0.7747 -0.6250
vn 0.1355 0.4030 -0.9051
vn 0.0770 -0.8633 -0.4988
vn 0.1462 0.1801 -0.9727
vn 0.0555 -0.9331 -0.3554
vn 0.1489 -0.0339 -0.9883
vn 0.0311 -0.9808 -0.1927
vn 0.1455 -0.2274 -0.9629
vn 0.0036 -0.9999 -0.0097
vn 0.1375 -0.3969 -0.9075
vn -0.0268 -0.9811 0.1916
vn 0.1262 -0.5431 -0.8302
vn 0.0897 0.7900 -0.6065
vn -0.0587 -0.9135 0.4026
vn 0.1122 -0.6683 -0.7354
vn 0.3449 -0.2010 -0.9169
vn 0.1123 -0.9935 0.0191
vn 0.3460 -0.3716 -0.8615
vn 0.0430 -0.9765 0.2112
vn 0.3369 -0.5202 -0.7848
vn 0.1147 0.7925 -0.5990
vn -0.0343 -0.9115 0.4098
vn 0.3195 -0.6485 -0.6910
vn 0.1909 0.6231 -0.7585
vn 0.2944 -0.7582 -0.5818
vn 0.2548 0.4190 -0.8715
vn 0.2618 -0.8499 -0.4574
vn 0.3019 0.2021 -0.9317
vn 0.2212 -0.9225 -0.3165
vn 0.3312 -0.0084 -0.9435
vn 0.1716 -0.9725 -0.1577
vn 0.4832 -0.7142 -0.5063
vn 0.3646 0.4457 -0.8176
vn 0.4383 -0.8113 -0.3870
vn 0.4449 0.2393 -0.8630
vn 0.3798 -0.8899 -0.2526
vn 0.4992 0.0368 -0.8657
vn 0.3062 -0.9464 -0.1024
vn 0.5297 -0.1510 -0.8346
vn 0.2161 -0.9743 0.0633
vn 0.5404 -0.3199 -0.7782
vn 0.1093 -0.9644 0.2406
vn 0.5349 -0.4692 -0.7027
vn 0.1381 0.7972 -0.5877
vn -0.0112 -0.9072 0.4205
vn 0.5154 -0.6003 -0.6115
vn 0.2598 0.6384 -0.7246
vn 0.3106 -0.9428 0.1214
vn 0.7074 -0.2452 -0.6629
vn 0.1695 -0.9452 0.2790
vn 0.7063 -0.3933 -0.5886
vn 0.1589 0.8039 -0.5731
vn 0.0095 -0.9007 0.4343
vn 0.6869 -0.5262 -0.5014
vn 0.3201 0.6593 -0.6804
vn 0.6502 -0.6446 -0.4022
vn 0.4592 0.4813 -0.7466
vn 0.5959 -0.7486 -0.2907
vn 0.5671 0.2890 -0.7713
vn 0.5227 -0.8361 -0.1663
vn 0.6422 0.0983 -0.7602
vn 0.4283 -0.9032 -0.0285
vn 0.6874 -0.0811 -0.7218
vn 0.5345 0.5241 -0.6630
vn 0.7258 -0.6655 -0.1741
vn 0.6627 0.3482 -0.6630
vn 0.6424 -0.7639 -0.0619
vn 0.7529 0.1719 -0.6353
vn 0.5319 -0.8446 0.0606
vn 0.8093 0.0035 -0.5873
vn 0.3915 -0.9001 0.1914
vn 0.8373 -0.1533 -0.5248
vn 0.2212 -0.9195 0.3249
vn 0.8411 -0.2981 -0.4513
vn 0.1762 0.8124 -0.5559
vn 0.0272 -0.8922 0.4508
vn 0.8235 -0.4315 -0.3682
vn 0.3693 0.6848 -0.6282
vn 0.7854 -0.5541 -0.2760
vn 0.9258 -0.0511 -0.3745
vn 0.2621 -0.8885 0.3767
vn 0.9343 -0.1909 -0.3009
vn 0.1895 0.8223 -0.5366
vn 0.0410 -0.8820 0.4694
vn 0.9200 -0.3234 -0.2215
vn 0.4057 0.7139 -0.5708
vn 0.8831 -0.4491 -0.1360
vn 0.5883 0.5719 -0.5717
vn 0.8220 -0.5678 -0.0439
vn 0.7289 0.4137 -0.5455
vn 0.7333 -0.6776 0.0554
vn 0.8283 0.2529 -0.4999
vn 0.6124 -0.7739 0.1611
vn 0.8920 0.0970 -0.4415
vn 0.4554 -0.8482 0.2705
vn 0.8822 -0.4616 0.0931
vn 0.7656 0.4826 -0.4254
vn 0.7926 -0.5826 0.1799
vn 0.8688 0.3374 -0.3623
vn 0.6668 -0.6951 0.2688
vn 0.9361 0.1943 -0.2933
vn 0.4996 -0.7899 0.3557
vn 0.9737 0.0556 -0.2212
vn 0.2907 -0.8534 0.4327
vn 0.9861 -0.0784 -0.1467
vn 0.1983 0.8332 -0.5162
vn 0.0505 -0.8707 0.4893
vn 0.9755 -0.2088 -0.0699
vn 0.4283 0.7455 -0.5106
vn 0.9416 -0.3365 0.0098
vn 0.6197 0.6229 -0.4775
vn 0.3056 -0.8159 0.4908
vn 0.9994 0.0342 0.0043
vn 0.2022 0.8448 -0.4954
vn 0.0553 -0.8585 0.5098
vn 0.9924 -0.0934 0.0798
vn 0.4369 0.7787 -0.4504
vn 0.9626 -0.2221 0.1553
vn 0.6292 0.6755 -0.3845
vn 0.9068 -0.3526 0.2312
vn 0.7744 0.5526 -0.3082
vn 0.8195 -0.4840 0.3068
vn 0.8771 0.4225 -0.2286
vn 0.6936 -0.6122 0.3797
vn 0.9448 0.2916 -0.1494
vn 0.5225 -0.7279 0.4440
vn 0.9841 0.1622 -0.0718
vn 0.8150 -0.3861 0.4320
vn 0.8563 0.5061 -0.1031
vn 0.6928 -0.5291 0.4900
vn 0.9222 0.3865 -0.0143
vn 0.5234 -0.6652 0.5324
vn 0.9616 0.2658 0.0690
vn 0.3062 -0.7778 0.5489
vn 0.9785 0.1436 0.1477
vn 0.2012 0.8567 -0.4750
vn 0.0551 -0.8461 0.5302
vn 0.9746 0.0188 0.2231
vn 0.4317 0.8122 -0.3924
vn 0.9488 -0.1105 0.2958
vn 0.6180 0.7282 -0.2962
vn 0.8977 -0.2454 0.3660
vn 0.7576 0.6221 -0.1978
vn 0.1954 0.8683 -0.4558
vn 0.0499 -0.8339 0.5497
vn 0.9256 0.1252 0.3571
vn 0.4133 0.8453 -0.3386
vn 0.9035 -0.0044 0.4285
vn 0.5877 0.7799 -0.2152
vn 0.8573 -0.1434 0.4944
vn 0.7177 0.6896 -0.0970
vn 0.7806 -0.2925 0.5523
vn 0.8098 0.5866 0.0114
vn 0.6649 -0.4492 0.5967
vn 0.8718 0.4774 0.1095
vn 0.5024 -0.6046 0.6182
vn 0.9098 0.3644 0.1987
vn 0.2924 -0.7406 0.6050
vn 0.9273 0.2475 0.2807
vn 0.7401 0.6629 0.1130
vn 0.6110 -0.3754 0.6969
vn 0.7966 0.5631 0.2200
vn 0.4599 -0.5483 0.6984
vn 0.8317 0.4569 0.3155
vn 0.2644 -0.7059 0.6571
vn 0.8486 0.3444 0.4015
vn 0.1851 0.8794 -0.4386
vn 0.0398 -0.8224 0.5675
vn 0.8482 0.2242 0.4799
vn 0.3828 0.8768 -0.2908
vn 0.8292 0.0939 0.5511
vn 0.5400 0.8293 -0.1436
vn 0.7878 -0.0490 0.6140
vn 0.6570 0.7539 -0.0079
vn 0.7178 -0.2060 0.6650
vn 0.7440 0.3142 0.5897
vn 0.3414 0.9059 -0.2504
vn 0.7273 0.1827 0.6615
vn 0.4767 0.8751 -0.0831
vn 0.6906 0.0357 0.7224
vn 0.5774 0.8137 0.0678
vn 0.6281 -0.1290 0.7674
vn 0.6492 0.7338 0.2002
vn 0.5323 -0.3100 0.7877
vn 0.6984 0.6423 0.3159
vn 0.3970 -0.4987 0.7705
vn 0.7292 0.5420 0.4178
vn 0.2232 -0.6752 0.7031
vn 0.7442 0.4331 0.5085
vn 0.1706 0.8895 -0.4239
vn 0.0253 -0.8121 0.5829
vn 0.4304 -0.2554 0.8658
vn 0.5786 0.7134 0.3954
vn 0.3155 -0.4576 0.8313
vn 0.6034 0.6181 0.5039
vn 0.1700 -0.6496 0.7410
vn 0.6151 0.5119 0.5997
vn 0.1525 0.8982 -0.4123
vn 0.0069 -0.8035 0.5953
vn 0.6141 0.3934 0.6842
vn 0.2904 0.9316 -0.2186
vn 0.5990 0.2600 0.7574
vn 0.3994 0.9161 -0.0351
vn 0.5668 0.1085 0.8167
vn 0.4807 0.8674 0.1287
vn 0.5126 -0.0637 0.8563
vn 0.5388 0.7975 0.2714
vn 0.2315 0.9528 -0.1963
vn 0.4451 0.3235 0.8350
vn 0.3102 0.9507 -0.0008
vn 0.4176 0.1670 0.8931
vn 0.3687 0.9133 0.1732
vn 0.3731 -0.0124 0.9277
vn 0.4104 0.8521 0.3247
vn 0.3073 -0.2134 0.9274
vn 0.4384 0.7743 0.4564
vn 0.2176 -0.4265 0.8779
vn 0.4553 0.6829 0.5713
vn 0.1067 -0.6302 0.7690
vn 0.4622 0.5784 0.6722
vn 0.1314 0.9052 -0.4041
vn -0.0147 -0.7967 0.6042
vn 0.4592 0.4595 0.7603
vn -0.1909 -0.6231 0.7585
vn -0.4369 -0.7787 0.4504
vn -0.2924 0.7406 -0.6051
vn 0.1716 -0.9724 -0.1577
vn 0.4283 -0.9032 -0.0286
vn 0.4369 0.7786 -0.4504
vn 0.6936 -0.6122 0.3796
vn 0.1141 -0.1148 -0.9868
vn 0.3220 -0.2429 -0.9150
vn 0.4917 -0.3450 -0.7995
vn 0.6201 -0.4201 -0.6626
vn 0.7125 -0.4722 -0.5190
vn 0.7764 -0.5062 -0.3754
vn 0.8177 -0.5261 -0.2336
vn 0.8402 -0.5343 -0.0927
vn 0.8456 -0.5315 0.0494
vn 0.8333 -0.5174 0.1950
vn 0.8002 -0.4900 0.3458
vn 0.7410 -0.4458 0.5021
vn 0.6478 -0.3802 0.6601
vn 0.5123 -0.2882 0.8090
vn 0.3309 -0.1685 0.9285
vn 0.1135 -0.0285 0.9931
vn -0.1141 0.1148 0.9868
vn -0.3220 0.2429 0.9150
vn -0.4917 0.3450 0.7995
vn -0.6201 0.4201 0.6626
vn -0.7125 0.4722 0.5190
vn -0.7764 0.5062 0.3754
vn -0.8177 0.5261 0.2336
vn -0.8402 0.5343 0.0927
vn -0.8456 0.5315 -0.0494
vn -0.8333 0.5174 -0.1950
vn -0.8002 0.4900 -0.3458
vn -0.7410 0.4458 -0.5021
vn -0.6478 0.3802 -0.6601
vn -0.5123 0.2882 -0.8090
vn 0.6689 0.7428 0.0293
vn -0.3309 0.1685 -0.9285
vn -0.1135 0.0285 -0.9931
vn -0.6689 -0.7428 -0.0293
vn 0.1141 -0.1149 -0.9868
vn -0.1141 0.1149 0.9868
vn -0.6688 -0.7428 -0.0293
vn -0.6688 -0.7429 -0.0293
vn 0.1242 0.0160 -0.9921
vn 0.3565 0.1314 -0.9250
vn 0.5484 0.2297 -0.8041
vn 0.6908 0.3053 -0.6555
vn 0.7884 0.3595 -0.4992
vn 0.8506 0.3965 -0.3453
vn 0.8858 0.4202 -0.1970
vn 0.8997 0.4332 -0.0536
vn 0.8951 0.4373 0.0869
vn 0.8726 0.4326 0.2268
vn 0.8302 0.4184 0.3685
vn 0.7635 0.3925 0.5128
vn 0.6658 0.3517 0.6580
vn 0.5286 0.2915 0.7973
vn 0.3457 0.2082 0.9149
vn 0.1210 0.1026 0.9873
vn -0.1242 -0.0160 0.9921
vn -0.3565 -0.1314 0.9250
vn -0.5484 -0.2297 0.8041
vn -0.6908 -0.3053 0.6555
vn -0.7884 -0.3595 0.4992
vn -0.8506 -0.3965 0.3453
vn -0.8858 -0.4202 0.1970
vn -0.8997 -0.4332 0.0536
vn -0.8951 -0.4373 -0.0869
vn -0.8726 -0.4326 -0.2268
vn -0.8302 -0.4184 -0.3685
vn -0.7635 -0.3925 -0.5128
vn -0.6658 -0.3517 -0.6581
vn -0.5286 -0.2915 -0.7973
vn -0.5726 0.8192 0.0331
vn -0.3457 -0.2082 -0.9149
vn -0.1210 -0.1026 -0.9873
vn 0.5726 -0.8192 -0.0331
vn 0.6658 0.3517 0.6581
vn 0.3457 0.2082 0.9150
vn -0.6658 -0.3517 -0.6580
vn -0.3457 -0.2082 -0.9150
vn 0.5726 -0.8191 -0.0331
vn 0.5726 -0.8192 -0.0332
vn 0.5725 -0.8192 -0.0332
vt 0.303857 0.658044
vt 0.329158 0.670694
vt 0.303857 0.670694
vt 0.126752 0.658044
vt 0.101451 0.670694
vt 0.101451 0.658044
vt 0.278556 0.658044
vt 0.278556 0.670694
vt 0.076150 0.670694
vt 0.076150 0.658044
vt 0.253256 0.658044
vt 0.253256 0.670694
vt 0.050850 0.670694
vt 0.050849 0.658044
vt 0.227955 0.658044
vt 0.227955 0.670694
vt 0.025549 0.670694
vt 0.025549 0.658044
vt 0.202654 0.670694
vt 0.202654 0.658044
vt 0.379759 0.658044
vt 0.405060 0.664369
vt 0.379759 0.670694
vt 0.000248 0.664369
vt 0.177353 0.670694
vt 0.177353 0.658044
vt 0.354458 0.658044
vt 0.354458 0.670694
vt 0.152052 0.670694
vt 0.152052 0.658044
vt 0.329158 0.658044
vt 0.126752 0.670694
vt 0.329158 0.683345
vt 0.126752 0.683345
vt 0.303857 0.683345
vt 0.101451 0.683345
vt 0.278556 0.683345
vt 0.076150 0.683345
vt 0.253255 0.683345
vt 0.050850 0.683345
vt 0.227955 0.683345
vt 0.025549 0.683345
vt 0.202654 0.683345
vt 0.405060 0.677019
vt 0.379759 0.683345
vt 0.000248 0.677019
vt 0.177353 0.683345
vt 0.354458 0.683345
vt 0.152052 0.683345
vt 0.227955 0.695995
vt 0.025549 0.695995
vt 0.202654 0.695995
vt 0.405060 0.689670
vt 0.379759 0.695995
vt 0.000248 0.689670
vt 0.177353 0.695995
vt 0.354458 0.695995
vt 0.152052 0.695995
vt 0.329158 0.695995
vt 0.126752 0.695995
vt 0.303857 0.695995
vt 0.101451 0.695995
vt 0.278556 0.695995
vt 0.076150 0.695995
vt 0.253256 0.695995
vt 0.050850 0.695995
vt 0.152052 0.708645
vt 0.126752 0.708645
vt 0.303857 0.708645
vt 0.101451 0.708645
vt 0.278556 0.708645
vt 0.076150 0.708645
vt 0.253255 0.708645
vt 0.050849 0.708645
vt 0.227955 0.708645
vt 0.025549 0.708645
vt 0.202654 0.708645
vt 0.405060 0.702320
vt 0.379759 0.708645
vt 0.000248 0.702320
vt 0.177353 0.708645
vt 0.354458 0.708645
vt 0.329158 0.708645
vt 0.025549 0.721296
vt 0.227955 0.721296
vt 0.202654 0.721296
vt 0.405060 0.714971
vt 0.379759 0.721296
vt 0.000248 0.714971
vt 0.177353 0.721296
vt 0.354458 0.721296
vt 0.152052 0.721296
vt 0.329158 0.721296
vt 0.126752 0.721296
vt 0.303857 0.721296
vt 0.101451 0.721296
vt 0.278556 0.721296
vt 0.076150 0.721296
vt 0.253255 0.721296
vt 0.050849 0.721296
vt 0.303857 0.733946
vt 0.101451 0.733946
vt 0.278556 0.733946
vt 0.076150 0.733946
vt 0.253255 0.733946
vt 0.050849 0.733946
vt 0.227955 0.733946
vt 0.025549 0.733946
vt 0.202654 0.733946
vt 0.405060 0.727621
vt 0.379759 0.733946
vt 0.000248 0.727621
vt 0.177353 0.733946
vt 0.354458 0.733946
vt 0.152052 0.733946
vt 0.329158 0.733946
vt 0.126752 0.733946
vt 0.227955 0.746596
vt 0.202654 0.746596
vt 0.405060 0.740271
vt 0.379759 0.746596
vt 0.000248 0.740271
vt 0.025549 0.746596
vt 0.177353 0.746596
vt 0.354458 0.746596
vt 0.152052 0.746596
vt 0.329158 0.746596
vt 0.126752 0.746597
vt 0.303857 0.746596
vt 0.101451 0.746597
vt 0.278556 0.746596
vt 0.076150 0.746597
vt 0.253255 0.746596
vt 0.050849 0.746596
vt 0.101451 0.759247
vt 0.303857 0.759247
vt 0.278556 0.759247
vt 0.076150 0.759247
vt 0.253255 0.759247
vt 0.050849 0.759247
vt 0.227955 0.759247
vt 0.025549 0.759247
vt 0.202654 0.759247
vt 0.405060 0.752922
vt 0.379759 0.759247
vt 0.000248 0.752922
vt 0.177353 0.759247
vt 0.354458 0.759247
vt 0.152052 0.759247
vt 0.329158 0.759247
vt 0.126752 0.759247
vt 0.000248 0.765572
vt 0.025549 0.771897
vt 0.177353 0.771897
vt 0.354458 0.771897
vt 0.152052 0.771897
vt 0.329158 0.771897
vt 0.126752 0.771897
vt 0.303857 0.771897
vt 0.101451 0.771897
vt 0.278556 0.771897
vt 0.076150 0.771897
vt 0.253255 0.771897
vt 0.050849 0.771897
vt 0.227955 0.771897
vt 0.202654 0.771897
vt 0.405060 0.765572
vt 0.379759 0.771897
vt 0.101451 0.784548
vt 0.076150 0.784548
vt 0.253255 0.784548
vt 0.050849 0.784548
vt 0.227955 0.784548
vt 0.025549 0.784548
vt 0.202654 0.784548
vt 0.405060 0.778222
vt 0.379759 0.784548
vt 0.000248 0.778222
vt 0.177353 0.784548
vt 0.354458 0.784548
vt 0.152052 0.784548
vt 0.329158 0.784548
vt 0.126752 0.784548
vt 0.303857 0.784548
vt 0.278556 0.784548
vt 0.354458 0.797198
vt 0.152052 0.797198
vt 0.329158 0.797198
vt 0.126752 0.797198
vt 0.303857 0.797198
vt 0.101451 0.797198
vt 0.278556 0.797198
vt 0.076150 0.797198
vt 0.253255 0.797198
vt 0.050849 0.797198
vt 0.227955 0.797198
vt 0.025549 0.797198
vt 0.202654 0.797198
vt 0.405060 0.790873
vt 0.379759 0.797198
vt 0.000248 0.790873
vt 0.177353 0.797198
vt 0.253255 0.809848
vt 0.076150 0.809848
vt 0.050849 0.809848
vt 0.227955 0.809848
vt 0.025549 0.809848
vt 0.202654 0.809848
vt 0.405060 0.803523
vt 0.379759 0.809848
vt 0.000248 0.803523
vt 0.177353 0.809848
vt 0.354458 0.809848
vt 0.152052 0.809848
vt 0.329158 0.809848
vt 0.126752 0.809848
vt 0.303857 0.809848
vt 0.101451 0.809848
vt 0.278556 0.809848
vt 0.152052 0.822499
vt 0.354458 0.822499
vt 0.329158 0.822499
vt 0.126752 0.822499
vt 0.303857 0.822499
vt 0.101451 0.822499
vt 0.278556 0.822499
vt 0.076150 0.822499
vt 0.253255 0.822499
vt 0.050849 0.822499
vt 0.227955 0.822499
vt 0.025549 0.822499
vt 0.202654 0.822499
vt 0.405060 0.816173
vt 0.379759 0.822499
vt 0.000248 0.816173
vt 0.177353 0.822499
vt 0.050849 0.835149
vt 0.253255 0.835149
vt 0.227955 0.835149
vt 0.025549 0.835149
vt 0.202654 0.835149
vt 0.405060 0.828824
vt 0.379759 0.835149
vt 0.000248 0.828824
vt 0.177353 0.835149
vt 0.354458 0.835149
vt 0.152052 0.835149
vt 0.329158 0.835149
vt 0.126752 0.835149
vt 0.303857 0.835149
vt 0.101451 0.835149
vt 0.278556 0.835149
vt 0.076150 0.835149
vt 0.329158 0.847799
vt 0.152052 0.847799
vt 0.126752 0.847799
vt 0.303857 0.847799
vt 0.101451 0.847799
vt 0.278556 0.847799
vt 0.076150 0.847799
vt 0.253255 0.847799
vt 0.050849 0.847799
vt 0.227955 0.847799
vt 0.025549 0.847799
vt 0.202654 0.847799
vt 0.405060 0.841474
vt 0.379759 0.847799
vt 0.000248 0.841474
vt 0.177353 0.847799
vt 0.354458 0.847799
vt 0.253255 0.860450
vt 0.227955 0.860450
vt 0.050849 0.860450
vt 0.025549 0.860450
vt 0.202654 0.860450
vt 0.405060 0.854125
vt 0.379759 0.860450
vt 0.000248 0.854125
vt 0.177353 0.860450
vt 0.354458 0.860450
vt 0.152052 0.860450
vt 0.329158 0.860450
vt 0.126752 0.860450
vt 0.303857 0.860450
vt 0.101451 0.860450
vt 0.278556 0.860450
vt 0.076150 0.860450
vt 0.152052 0.873100
vt 0.126752 0.873100
vt 0.303857 0.873100
vt 0.101451 0.873100
vt 0.278556 0.873100
vt 0.076150 0.873100
vt 0.253255 0.873100
vt 0.050849 0.873100
vt 0.227955 0.873100
vt 0.025549 0.873100
vt 0.202654 0.873100
vt 0.405060 0.866775
vt 0.379759 0.873100
vt 0.000248 0.866775
vt 0.177353 0.873100
vt 0.354458 0.873100
vt 0.329158 0.873100
vt 0.025549 0.885751
vt 0.227955 0.885751
vt 0.202654 0.885751
vt 0.405060 0.879425
vt 0.379759 0.885751
vt 0.000248 0.879425
vt 0.177353 0.885751
vt 0.354458 0.885751
vt 0.152052 0.885751
vt 0.329158 0.885751
vt 0.126752 0.885751
vt 0.303857 0.885751
vt 0.101451 0.885751
vt 0.278556 0.885751
vt 0.076150 0.885751
vt 0.253255 0.885751
vt 0.050849 0.885751
vt 0.101451 0.898401
vt 0.303857 0.898401
vt 0.278556 0.898401
vt 0.076150 0.898401
vt 0.253255 0.898401
vt 0.050849 0.898401
vt 0.227955 0.898401
vt 0.025549 0.898401
vt 0.202654 0.898401
vt 0.405060 0.892076
vt 0.379759 0.898401
vt 0.000248 0.892076
vt 0.177353 0.898401
vt 0.354458 0.898401
vt 0.152052 0.898401
vt 0.329158 0.898401
vt 0.126752 0.898401
vt 0.405060 0.904726
vt 0.379759 0.911051
vt 0.000248 0.904726
vt 0.025549 0.911051
vt 0.177353 0.911051
vt 0.354458 0.911051
vt 0.152052 0.911051
vt 0.329158 0.911051
vt 0.126752 0.911051
vt 0.303857 0.911051
vt 0.101451 0.911051
vt 0.278556 0.911051
vt 0.076150 0.911051
vt 0.253255 0.911051
vt 0.050849 0.911051
vt 0.227955 0.911051
vt 0.202654 0.911051
vt 0.303857 0.923702
vt 0.278556 0.923702
vt 0.101451 0.923702
vt 0.076150 0.923702
vt 0.253255 0.923702
vt 0.050849 0.923702
vt 0.227955 0.923702
vt 0.025549 0.923702
vt 0.202654 0.923702
vt 0.405060 0.917377
vt 0.379759 0.923702
vt 0.000248 0.917377
vt 0.177353 0.923702
vt 0.354458 0.923702
vt 0.152052 0.923702
vt 0.329158 0.923702
vt 0.126752 0.923702
vt 0.177353 0.936352
vt 0.354458 0.936352
vt 0.152052 0.936352
vt 0.329158 0.936352
vt 0.126752 0.936352
vt 0.303857 0.936352
vt 0.101451 0.936352
vt 0.278556 0.936352
vt 0.076150 0.936352
vt 0.253255 0.936352
vt 0.050849 0.936352
vt 0.227955 0.936352
vt 0.025549 0.936352
vt 0.202654 0.936352
vt 0.405060 0.930027
vt 0.379759 0.936352
vt 0.000248 0.930027
vt 0.101451 0.949002
vt 0.076150 0.949002
vt 0.253255 0.949002
vt 0.050849 0.949002
vt 0.227955 0.949002
vt 0.025549 0.949002
vt 0.202654 0.949002
vt 0.405060 0.942677
vt 0.379759 0.949002
vt 0.000248 0.942677
vt 0.177353 0.949002
vt 0.354459 0.949002
vt 0.152052 0.949002
vt 0.329158 0.949002
vt 0.126752 0.949002
vt 0.303857 0.949002
vt 0.278556 0.949002
vt 0.354459 0.961653
vt 0.152052 0.961653
vt 0.329158 0.961653
vt 0.126752 0.961653
vt 0.303857 0.961653
vt 0.101451 0.961653
vt 0.278556 0.961653
vt 0.076150 0.961653
vt 0.253256 0.961653
vt 0.050849 0.961653
vt 0.227955 0.961653
vt 0.025549 0.961653
vt 0.202654 0.961653
vt 0.405060 0.955328
vt 0.379759 0.961653
vt 0.000248 0.955328
vt 0.177353 0.961653
vt 0.278556 0.556841
vt 0.253256 0.569491
vt 0.253256 0.556841
vt 0.076150 0.556841
vt 0.050849 0.569491
vt 0.050849 0.556841
vt 0.227955 0.556841
vt 0.227955 0.569491
vt 0.025549 0.569491
vt 0.025549 0.556841
vt 0.202654 0.556841
vt 0.202654 0.569491
vt 0.379759 0.556841
vt 0.405060 0.563166
vt 0.379759 0.569491
vt 0.000248 0.563166
vt 0.177353 0.569491
vt 0.177353 0.556841
vt 0.354458 0.569491
vt 0.354458 0.556841
vt 0.152052 0.569491
vt 0.152052 0.556841
vt 0.329158 0.556841
vt 0.329158 0.569491
vt 0.126752 0.556841
vt 0.126752 0.569491
vt 0.303857 0.569491
vt 0.303857 0.556841
vt 0.101451 0.569491
vt 0.101451 0.556841
vt 0.278556 0.569491
vt 0.076150 0.569491
vt 0.152052 0.582142
vt 0.354458 0.582142
vt 0.329158 0.582142
vt 0.126752 0.582142
vt 0.303857 0.582142
vt 0.101451 0.582142
vt 0.278556 0.582142
vt 0.076150 0.582142
vt 0.253256 0.582142
vt 0.050849 0.582142
vt 0.227955 0.582142
vt 0.025549 0.582142
vt 0.202654 0.582142
vt 0.405060 0.575816
vt 0.379759 0.582142
vt 0.000248 0.575816
vt 0.177353 0.582142
vt 0.076150 0.594792
vt 0.050849 0.594792
vt 0.253256 0.594792
vt 0.227955 0.594792
vt 0.025549 0.594792
vt 0.202654 0.594792
vt 0.405060 0.588467
vt 0.379759 0.594792
vt 0.000248 0.588467
vt 0.177353 0.594792
vt 0.354458 0.594792
vt 0.152052 0.594792
vt 0.329158 0.594792
vt 0.126752 0.594792
vt 0.303857 0.594792
vt 0.101451 0.594792
vt 0.278556 0.594792
vt 0.152052 0.607442
vt 0.126752 0.607442
vt 0.303857 0.607442
vt 0.101451 0.607442
vt 0.278556 0.607442
vt 0.076150 0.607442
vt 0.253256 0.607442
vt 0.050849 0.607442
vt 0.227955 0.607442
vt 0.025549 0.607442
vt 0.202654 0.607442
vt 0.405060 0.601117
vt 0.379759 0.607442
vt 0.000248 0.601117
vt 0.177353 0.607442
vt 0.354458 0.607442
vt 0.329158 0.607442
vt 0.025549 0.620093
vt 0.227955 0.620093
vt 0.202654 0.620093
vt 0.405060 0.613768
vt 0.379759 0.620093
vt 0.000248 0.613768
vt 0.177353 0.620093
vt 0.354459 0.620093
vt 0.152052 0.620093
vt 0.329158 0.620093
vt 0.126752 0.620093
vt 0.303857 0.620093
vt 0.101451 0.620093
vt 0.278556 0.620093
vt 0.076150 0.620093
vt 0.253256 0.620093
vt 0.050849 0.620093
vt 0.303857 0.632743
vt 0.101451 0.632743
vt 0.278556 0.632743
vt 0.076150 0.632743
vt 0.253256 0.632743
vt 0.050849 0.632743
vt 0.227955 0.632743
vt 0.025549 0.632743
vt 0.202654 0.632743
vt 0.405060 0.626418
vt 0.379759 0.632743
vt 0.000248 0.626418
vt 0.177353 0.632743
vt 0.354458 0.632743
vt 0.152052 0.632743
vt 0.329158 0.632743
vt 0.126752 0.632743
vt 0.227955 0.645393
vt 0.202654 0.645393
vt 0.405060 0.639068
vt 0.379759 0.645393
vt 0.000248 0.639068
vt 0.025549 0.645393
vt 0.177353 0.645393
vt 0.354459 0.645393
vt 0.152052 0.645393
vt 0.329158 0.645393
vt 0.126752 0.645393
vt 0.303857 0.645393
vt 0.101451 0.645393
vt 0.278556 0.645393
vt 0.076150 0.645393
vt 0.253256 0.645393
vt 0.050849 0.645393
vt 0.405060 0.651719
vt 0.000248 0.651719
vt 0.607962 0.658044
vt 0.582661 0.670694
vt 0.582661 0.658044
vt 0.759766 0.658044
vt 0.785067 0.670694
vt 0.759766 0.670694
vt 0.557360 0.670694
vt 0.557360 0.658044
vt 0.734466 0.658044
vt 0.734466 0.670694
vt 0.532060 0.670694
vt 0.532060 0.658044
vt 0.709165 0.658044
vt 0.709165 0.670694
vt 0.506759 0.670694
vt 0.506759 0.658044
vt 0.683864 0.658044
vt 0.683864 0.670694
vt 0.481458 0.670694
vt 0.481458 0.658044
vt 0.658563 0.658044
vt 0.658563 0.670694
vt 0.456158 0.670694
vt 0.456157 0.658044
vt 0.633263 0.658044
vt 0.633263 0.670694
vt 0.430857 0.670694
vt 0.430857 0.658044
vt 0.607962 0.670694
vt 0.785067 0.658044
vt 0.810368 0.664369
vt 0.405556 0.664369
vt 0.607962 0.683344
vt 0.810368 0.677019
vt 0.785067 0.683344
vt 0.405556 0.677019
vt 0.430857 0.683344
vt 0.582661 0.683344
vt 0.759766 0.683344
vt 0.557360 0.683344
vt 0.734466 0.683344
vt 0.532060 0.683344
vt 0.709165 0.683344
vt 0.506759 0.683344
vt 0.683864 0.683344
vt 0.481458 0.683344
vt 0.658563 0.683344
vt 0.456158 0.683344
vt 0.633263 0.683344
vt 0.532060 0.695995
vt 0.506759 0.695995
vt 0.683864 0.695995
vt 0.481458 0.695995
vt 0.658563 0.695995
vt 0.456158 0.695995
vt 0.633263 0.695995
vt 0.430857 0.695995
vt 0.607962 0.695995
vt 0.810368 0.689670
vt 0.785067 0.695995
vt 0.405556 0.689670
vt 0.582661 0.695995
vt 0.759766 0.695995
vt 0.557360 0.695995
vt 0.734466 0.695995
vt 0.709165 0.695995
vt 0.810368 0.702320
vt 0.785067 0.708645
vt 0.405556 0.702320
vt 0.430857 0.708645
vt 0.582661 0.708645
vt 0.759766 0.708645
vt 0.557360 0.708645
vt 0.734466 0.708645
vt 0.532060 0.708645
vt 0.709165 0.708645
vt 0.506759 0.708645
vt 0.683864 0.708645
vt 0.481458 0.708645
vt 0.658563 0.708645
vt 0.456157 0.708645
vt 0.633263 0.708645
vt 0.607962 0.708645
vt 0.709165 0.721296
vt 0.683864 0.721296
vt 0.481458 0.721296
vt 0.658563 0.721296
vt 0.456157 0.721296
vt 0.633263 0.721296
vt 0.430857 0.721296
vt 0.607962 0.721296
vt 0.810368 0.714970
vt 0.785067 0.721296
vt 0.405556 0.714970
vt 0.582661 0.721296
vt 0.759766 0.721296
vt 0.557360 0.721296
vt 0.734466 0.721296
vt 0.532060 0.721296
vt 0.506759 0.721296
vt 0.582661 0.733946
vt 0.759766 0.733946
vt 0.557360 0.733946
vt 0.734466 0.733946
vt 0.532060 0.733946
vt 0.709165 0.733946
vt 0.506759 0.733946
vt 0.683864 0.733946
vt 0.481458 0.733946
vt 0.658563 0.733946
vt 0.456157 0.733946
vt 0.633263 0.733946
vt 0.430857 0.733946
vt 0.607962 0.733946
vt 0.810368 0.727621
vt 0.785067 0.733946
vt 0.405556 0.727621
vt 0.506759 0.746596
vt 0.481458 0.746596
vt 0.658563 0.746596
vt 0.456157 0.746596
vt 0.633263 0.746596
vt 0.430857 0.746596
vt 0.607962 0.746596
vt 0.810368 0.740271
vt 0.785067 0.746596
vt 0.405556 0.740271
vt 0.582661 0.746596
vt 0.759766 0.746596
vt 0.557360 0.746596
vt 0.734466 0.746596
vt 0.532060 0.746596
vt 0.709165 0.746596
vt 0.683864 0.746596
vt 0.557360 0.759247
vt 0.734466 0.759247
vt 0.532060 0.759247
vt 0.709165 0.759247
vt 0.506759 0.759247
vt 0.683864 0.759247
vt 0.481458 0.759247
vt 0.658563 0.759247
vt 0.456157 0.759247
vt 0.633263 0.759247
vt 0.430857 0.759247
vt 0.607962 0.759247
vt 0.810368 0.752922
vt 0.785067 0.759247
vt 0.405556 0.752922
vt 0.582661 0.759247
vt 0.759766 0.759247
vt 0.456157 0.771897
vt 0.658563 0.771897
vt 0.633263 0.771897
vt 0.430857 0.771897
vt 0.607962 0.771897
vt 0.810368 0.765572
vt 0.785067 0.771897
vt 0.405556 0.765572
vt 0.582661 0.771897
vt 0.759766 0.771897
vt 0.557360 0.771897
vt 0.734466 0.771897
vt 0.532060 0.771897
vt 0.709165 0.771897
vt 0.506759 0.771897
vt 0.683864 0.771897
vt 0.481458 0.771897
vt 0.759766 0.784547
vt 0.734466 0.784547
vt 0.557360 0.784547
vt 0.532060 0.784547
vt 0.709165 0.784547
vt 0.506759 0.784547
vt 0.683864 0.784547
vt 0.481458 0.784547
vt 0.658563 0.784547
vt 0.456157 0.784547
vt 0.633263 0.784547
vt 0.430857 0.784547
vt 0.607962 0.784547
vt 0.810368 0.778222
vt 0.785067 0.784547
vt 0.405556 0.778222
vt 0.582661 0.784547
vt 0.658563 0.797198
vt 0.633263 0.797198
vt 0.430857 0.797198
vt 0.607962 0.797198
vt 0.810368 0.790873
vt 0.785067 0.797198
vt 0.405556 0.790873
vt 0.582661 0.797198
vt 0.759766 0.797198
vt 0.557360 0.797198
vt 0.734466 0.797198
vt 0.532060 0.797198
vt 0.709165 0.797198
vt 0.506759 0.797198
vt 0.683864 0.797198
vt 0.481458 0.797198
vt 0.456157 0.797198
vt 0.557360 0.809848
vt 0.532060 0.809848
vt 0.709165 0.809848
vt 0.506759 0.809848
vt 0.683864 0.809848
vt 0.481458 0.809848
vt 0.658563 0.809848
vt 0.456157 0.809848
vt 0.633263 0.809848
vt 0.430857 0.809848
vt 0.607962 0.809848
vt 0.810368 0.803523
vt 0.785067 0.809848
vt 0.405556 0.803523
vt 0.582661 0.809848
vt 0.759766 0.809848
vt 0.734466 0.809848
vt 0.430857 0.822499
vt 0.633263 0.822499
vt 0.607962 0.822499
vt 0.810368 0.816173
vt 0.785067 0.822499
vt 0.405556 0.816173
vt 0.582661 0.822499
vt 0.759766 0.822499
vt 0.557360 0.822499
vt 0.734466 0.822499
vt 0.532060 0.822499
vt 0.709165 0.822499
vt 0.506759 0.822499
vt 0.683864 0.822499
vt 0.481458 0.822499
vt 0.658563 0.822499
vt 0.456157 0.822499
vt 0.709165 0.835149
vt 0.506759 0.835149
vt 0.683864 0.835149
vt 0.481458 0.835149
vt 0.658563 0.835149
vt 0.456157 0.835149
vt 0.633263 0.835149
vt 0.430857 0.835149
vt 0.607962 0.835149
vt 0.810368 0.828824
vt 0.785067 0.835149
vt 0.405556 0.828824
vt 0.582661 0.835149
vt 0.759766 0.835149
vt 0.557360 0.835149
vt 0.734466 0.835149
vt 0.532060 0.835149
vt 0.633263 0.847799
vt 0.607962 0.847799
vt 0.810368 0.841474
vt 0.785067 0.847799
vt 0.405556 0.841474
vt 0.430857 0.847799
vt 0.582661 0.847799
vt 0.759766 0.847799
vt 0.557360 0.847799
vt 0.734466 0.847799
vt 0.532060 0.847799
vt 0.709165 0.847799
vt 0.506759 0.847799
vt 0.683864 0.847799
vt 0.481458 0.847799
vt 0.658563 0.847799
vt 0.456157 0.847799
vt 0.506759 0.860450
vt 0.709165 0.860450
vt 0.683864 0.860450
vt 0.481458 0.860450
vt 0.658563 0.860450
vt 0.456157 0.860450
vt 0.633263 0.860450
vt 0.430857 0.860450
vt 0.607962 0.860450
vt 0.810368 0.854124
vt 0.785067 0.860450
vt 0.405556 0.854124
vt 0.582661 0.860450
vt 0.759766 0.860450
vt 0.557360 0.860450
vt 0.734466 0.860450
vt 0.532060 0.860450
vt 0.405556 0.866775
vt 0.430857 0.873100
vt 0.582661 0.873100
vt 0.759766 0.873100
vt 0.557360 0.873100
vt 0.734466 0.873100
vt 0.532060 0.873100
vt 0.709165 0.873100
vt 0.506759 0.873100
vt 0.683864 0.873100
vt 0.481458 0.873100
vt 0.658563 0.873100
vt 0.456157 0.873100
vt 0.633263 0.873100
vt 0.607962 0.873100
vt 0.810368 0.866775
vt 0.785067 0.873100
vt 0.506759 0.885750
vt 0.481458 0.885750
vt 0.658563 0.885750
vt 0.456157 0.885750
vt 0.633263 0.885750
vt 0.430857 0.885750
vt 0.607962 0.885750
vt 0.810368 0.879425
vt 0.785067 0.885750
vt 0.405556 0.879425
vt 0.582661 0.885750
vt 0.759766 0.885750
vt 0.557360 0.885750
vt 0.734466 0.885750
vt 0.532060 0.885750
vt 0.709165 0.885750
vt 0.683864 0.885750
vt 0.785067 0.898401
vt 0.759766 0.898401
vt 0.557360 0.898401
vt 0.734466 0.898401
vt 0.532060 0.898401
vt 0.709165 0.898401
vt 0.506759 0.898401
vt 0.683864 0.898401
vt 0.481458 0.898401
vt 0.658563 0.898401
vt 0.456157 0.898401
vt 0.633263 0.898401
vt 0.430857 0.898401
vt 0.607962 0.898401
vt 0.810368 0.892076
vt 0.405556 0.892076
vt 0.582661 0.898401
vt 0.658563 0.911051
vt 0.456157 0.911051
vt 0.633263 0.911051
vt 0.430857 0.911051
vt 0.607962 0.911051
vt 0.810368 0.904726
vt 0.785067 0.911051
vt 0.405556 0.904726
vt 0.582661 0.911051
vt 0.759766 0.911051
vt 0.557360 0.911051
vt 0.734466 0.911051
vt 0.532060 0.911051
vt 0.709165 0.911051
vt 0.506759 0.911051
vt 0.683864 0.911051
vt 0.481458 0.911051
vt 0.557360 0.923702
vt 0.734466 0.923702
vt 0.532060 0.923702
vt 0.709165 0.923702
vt 0.506759 0.923702
vt 0.683864 0.923702
vt 0.481458 0.923702
vt 0.658563 0.923702
vt 0.456157 0.923702
vt 0.633263 0.923702
vt 0.430857 0.923702
vt 0.607962 0.923702
vt 0.810368 0.917376
vt 0.785067 0.923702
vt 0.405556 0.917376
vt 0.582661 0.923702
vt 0.759766 0.923702
vt 0.456157 0.936352
vt 0.658563 0.936352
vt 0.633263 0.936352
vt 0.430857 0.936352
vt 0.607962 0.936352
vt 0.810368 0.930027
vt 0.785067 0.936352
vt 0.405556 0.930027
vt 0.582661 0.936352
vt 0.759766 0.936352
vt 0.557360 0.936352
vt 0.734466 0.936352
vt 0.532060 0.936352
vt 0.709165 0.936352
vt 0.506759 0.936352
vt 0.683864 0.936352
vt 0.481458 0.936352
vt 0.734466 0.949002
vt 0.557360 0.949002
vt 0.532060 0.949002
vt 0.709165 0.949002
vt 0.506759 0.949002
vt 0.683864 0.949002
vt 0.481458 0.949002
vt 0.658563 0.949002
vt 0.456157 0.949002
vt 0.633263 0.949002
vt 0.430857 0.949002
vt 0.607962 0.949002
vt 0.810368 0.942677
vt 0.785067 0.949002
vt 0.405556 0.942677
vt 0.582661 0.949002
vt 0.759766 0.949002
vt 0.658563 0.961653
vt 0.633263 0.961653
vt 0.430857 0.961653
vt 0.607962 0.961653
vt 0.810368 0.955327
vt 0.785067 0.961653
vt 0.405556 0.955327
vt 0.582661 0.961653
vt 0.759766 0.961653
vt 0.557360 0.961653
vt 0.734466 0.961653
vt 0.532060 0.961653
vt 0.709165 0.961653
vt 0.506759 0.961653
vt 0.683864 0.961653
vt 0.481458 0.961653
vt 0.456157 0.961653
vt 0.532060 0.556841
vt 0.557360 0.569491
vt 0.532060 0.569491
vt 0.734466 0.556841
vt 0.709165 0.569491
vt 0.709165 0.556841
vt 0.506759 0.569491
vt 0.506759 0.556841
vt 0.683864 0.556841
vt 0.683864 0.569491
vt 0.481458 0.556841
vt 0.481458 0.569491
vt 0.658563 0.569491
vt 0.658563 0.556841
vt 0.456157 0.569491
vt 0.456157 0.556841
vt 0.633263 0.556841
vt 0.633263 0.569491
vt 0.430857 0.569491
vt 0.430857 0.556841
vt 0.607962 0.556841
vt 0.607962 0.569491
vt 0.785067 0.556841
vt 0.810368 0.563166
vt 0.785067 0.569491
vt 0.405556 0.563166
vt 0.582661 0.569491
vt 0.582661 0.556841
vt 0.759766 0.569491
vt 0.759766 0.556841
vt 0.557360 0.556841
vt 0.734466 0.569491
vt 0.430857 0.582142
vt 0.633263 0.582142
vt 0.607962 0.582142
vt 0.810368 0.575816
vt 0.785067 0.582142
vt 0.405556 0.575816
vt 0.582661 0.582142
vt 0.759766 0.582142
vt 0.557360 0.582142
vt 0.734466 0.582142
vt 0.532060 0.582142
vt 0.709165 0.582142
vt 0.506759 0.582142
vt 0.683864 0.582142
vt 0.481458 0.582142
vt 0.658563 0.582142
vt 0.456157 0.582142
vt 0.506759 0.594792
vt 0.709165 0.594792
vt 0.683864 0.594792
vt 0.481458 0.594792
vt 0.658563 0.594792
vt 0.456157 0.594792
vt 0.633263 0.594792
vt 0.430857 0.594792
vt 0.607962 0.594792
vt 0.810368 0.588467
vt 0.785067 0.594792
vt 0.405556 0.588467
vt 0.582661 0.594792
vt 0.759766 0.594792
vt 0.557360 0.594792
vt 0.734466 0.594792
vt 0.532060 0.594792
vt 0.810368 0.601117
vt 0.785067 0.607442
vt 0.405556 0.601117
vt 0.430857 0.607442
vt 0.582661 0.607442
vt 0.759766 0.607442
vt 0.557360 0.607442
vt 0.734466 0.607442
vt 0.532060 0.607442
vt 0.709165 0.607442
vt 0.506759 0.607442
vt 0.683864 0.607442
vt 0.481458 0.607442
vt 0.658563 0.607442
vt 0.456157 0.607442
vt 0.633263 0.607442
vt 0.607962 0.607442
vt 0.709165 0.620093
vt 0.683864 0.620093
vt 0.506759 0.620093
vt 0.481458 0.620093
vt 0.658563 0.620093
vt 0.456157 0.620093
vt 0.633263 0.620093
vt 0.430857 0.620093
vt 0.607962 0.620093
vt 0.810368 0.613767
vt 0.785067 0.620093
vt 0.405556 0.613767
vt 0.582661 0.620093
vt 0.759767 0.620093
vt 0.557360 0.620093
vt 0.734466 0.620093
vt 0.532060 0.620093
vt 0.582661 0.632743
vt 0.785067 0.632743
vt 0.759766 0.632743
vt 0.557360 0.632743
vt 0.734466 0.632743
vt 0.532060 0.632743
vt 0.709165 0.632743
vt 0.506759 0.632743
vt 0.683864 0.632743
vt 0.481458 0.632743
vt 0.658563 0.632743
vt 0.456157 0.632743
vt 0.633263 0.632743
vt 0.430857 0.632743
vt 0.607962 0.632743
vt 0.810368 0.626418
vt 0.405556 0.626418
vt 0.506759 0.645393
vt 0.481458 0.645393
vt 0.658563 0.645393
vt 0.456157 0.645393
vt 0.633263 0.645393
vt 0.430857 0.645393
vt 0.607962 0.645393
vt 0.810368 0.639068
vt 0.785067 0.645393
vt 0.405556 0.639068
vt 0.582661 0.645393
vt 0.759767 0.645393
vt 0.557360 0.645393
vt 0.734466 0.645393
vt 0.532060 0.645393
vt 0.709165 0.645393
vt 0.683864 0.645393
vt 0.810368 0.651719
vt 0.405556 0.651719
vt 0.556841 0.000248
vt 0.278792 0.017626
vt 0.278792 0.000248
vt 0.556841 0.017626
vt 0.278792 0.035004
vt 0.556841 0.035004
vt 0.278792 0.052382
vt 0.556841 0.052382
vt 0.278792 0.069760
vt 0.556841 0.069760
vt 0.278792 0.087138
vt 0.556841 0.087138
vt 0.278792 0.104516
vt 0.556841 0.104516
vt 0.278792 0.121894
vt 0.556841 0.121894
vt 0.278792 0.139272
vt 0.556841 0.139272
vt 0.278792 0.156650
vt 0.556841 0.156650
vt 0.278792 0.174028
vt 0.556841 0.174028
vt 0.278792 0.191406
vt 0.556841 0.191406
vt 0.278792 0.208784
vt 0.556841 0.208784
vt 0.278792 0.226162
vt 0.556841 0.226162
vt 0.278792 0.243540
vt 0.556841 0.243540
vt 0.278792 0.260918
vt 0.556841 0.260918
vt 0.278792 0.278296
vt 0.556841 0.278296
vt 0.278792 0.295674
vt 0.556841 0.295674
vt 0.278792 0.313052
vt 0.556841 0.313052
vt 0.278792 0.330430
vt 0.556841 0.330430
vt 0.278792 0.347808
vt 0.556841 0.347808
vt 0.278792 0.365186
vt 0.556841 0.365186
vt 0.278792 0.382564
vt 0.556841 0.382564
vt 0.278792 0.399942
vt 0.556841 0.399942
vt 0.278792 0.417321
vt 0.556841 0.417321
vt 0.278792 0.434699
vt 0.556841 0.434699
vt 0.278792 0.452076
vt 0.556841 0.452076
vt 0.278792 0.469455
vt 0.556841 0.469455
vt 0.278792 0.486833
vt 0.556841 0.486833
vt 0.278792 0.504211
vt 0.556841 0.504211
vt 0.278792 0.521589
vt 0.582001 0.261757
vt 0.738243 0.246368
vt 0.753632 0.402610
vt 0.556841 0.521589
vt 0.278792 0.538967
vt 0.556841 0.538967
vt 0.278792 0.556345
vt 0.999752 0.121609
vt 0.900153 0.000248
vt 0.778792 0.099847
vt 0.738243 0.417999
vt 0.720148 0.430089
vt 0.700042 0.438418
vt 0.678698 0.442663
vt 0.656935 0.442663
vt 0.635591 0.438418
vt 0.615485 0.430090
vt 0.597390 0.417999
vt 0.582001 0.402610
vt 0.569911 0.384515
vt 0.561582 0.364409
vt 0.557337 0.343065
vt 0.557337 0.321302
vt 0.561582 0.299958
vt 0.569911 0.279852
vt 0.597390 0.246368
vt 0.656935 0.221704
vt 0.615485 0.234278
vt 0.635591 0.225949
vt 0.678698 0.221704
vt 0.700042 0.225949
vt 0.720148 0.234278
vt 0.753632 0.261757
vt 0.778296 0.321302
vt 0.765723 0.279852
vt 0.774051 0.299958
vt 0.778296 0.343065
vt 0.774051 0.364409
vt 0.765723 0.384515
vt 0.556841 0.556345
vt 0.778792 0.121609
vt 0.783038 0.142954
vt 0.791366 0.163060
vt 0.803457 0.181155
vt 0.818845 0.196543
vt 0.836940 0.208634
vt 0.857046 0.216962
vt 0.878391 0.221208
vt 0.900154 0.221208
vt 0.921498 0.216962
vt 0.941604 0.208634
vt 0.959699 0.196543
vt 0.975087 0.181155
vt 0.987178 0.163060
vt 0.995506 0.142953
vt 0.999752 0.099846
vt 0.995506 0.078502
vt 0.987178 0.058396
vt 0.975087 0.040301
vt 0.959699 0.024912
vt 0.941604 0.012822
vt 0.921498 0.004494
vt 0.878390 0.000248
vt 0.857046 0.004494
vt 0.836940 0.012822
vt 0.818845 0.024913
vt 0.803457 0.040301
vt 0.791366 0.058396
vt 0.783038 0.078502
vt 0.278296 0.000248
vt 0.000248 0.017626
vt 0.000248 0.000248
vt 0.278296 0.017626
vt 0.000248 0.035004
vt 0.278296 0.035004
vt 0.000248 0.052382
vt 0.278296 0.052382
vt 0.000248 0.069760
vt 0.278296 0.069760
vt 0.000248 0.087138
vt 0.278296 0.087138
vt 0.000248 0.104516
vt 0.278296 0.104516
vt 0.000248 0.121894
vt 0.278296 0.121894
vt 0.000248 0.139272
vt 0.278296 0.139272
vt 0.000248 0.156650
vt 0.278296 0.156650
vt 0.000248 0.174028
vt 0.278296 0.174028
vt 0.000248 0.191406
vt 0.278296 0.191406
vt 0.000248 0.208784
vt 0.278296 0.208784
vt 0.000248 0.226162
vt 0.278296 0.226162
vt 0.000248 0.243540
vt 0.278296 0.243540
vt 0.000248 0.260918
vt 0.278296 0.260918
vt 0.000248 0.278296
vt 0.278296 0.278296
vt 0.000248 0.295675
vt 0.278296 0.295675
vt 0.000248 0.313053
vt 0.278296 0.313053
vt 0.000248 0.330431
vt 0.278296 0.330431
vt 0.000248 0.347809
vt 0.278296 0.347809
vt 0.000248 0.365186
vt 0.278296 0.365186
vt 0.000248 0.382565
vt 0.278296 0.382565
vt 0.000248 0.399943
vt 0.278296 0.399943
vt 0.000248 0.417321
vt 0.278296 0.417321
vt 0.000248 0.434699
vt 0.278296 0.434699
vt 0.000248 0.452077
vt 0.278296 0.452077
vt 0.000248 0.469455
vt 0.278296 0.469455
vt 0.000248 0.486833
vt 0.278296 0.486833
vt 0.000248 0.504211
vt 0.278296 0.504211
vt 0.000248 0.521589
vt 0.783038 0.299958
vt 0.921498 0.225949
vt 0.995506 0.364409
vt 0.278296 0.521589
vt 0.000248 0.538967
vt 0.278296 0.538967
vt 0.000248 0.556345
vt 0.778296 0.099846
vt 0.656935 0.000248
vt 0.557337 0.121609
vt 0.987178 0.384515
vt 0.975087 0.402610
vt 0.959699 0.417999
vt 0.941604 0.430090
vt 0.921498 0.438418
vt 0.900153 0.442663
vt 0.878391 0.442663
vt 0.857046 0.438418
vt 0.836940 0.430090
vt 0.818845 0.417999
vt 0.803457 0.402610
vt 0.791366 0.384515
vt 0.783038 0.364409
vt 0.778792 0.343065
vt 0.778792 0.321302
vt 0.791366 0.279852
vt 0.836940 0.234278
vt 0.803457 0.261757
vt 0.818845 0.246368
vt 0.857046 0.225949
vt 0.878391 0.221704
vt 0.900153 0.221704
vt 0.941604 0.234278
vt 0.987178 0.279852
vt 0.959699 0.246368
vt 0.975087 0.261757
vt 0.995506 0.299958
vt 0.999752 0.321302
vt 0.999752 0.343065
vt 0.278296 0.556345
vt 0.561582 0.142954
vt 0.569911 0.163060
vt 0.582001 0.181155
vt 0.597390 0.196543
vt 0.615485 0.208634
vt 0.635591 0.216962
vt 0.656935 0.221208
vt 0.678698 0.221208
vt 0.700042 0.216962
vt 0.720148 0.208634
vt 0.738243 0.196543
vt 0.753632 0.181155
vt 0.765722 0.163060
vt 0.774051 0.142954
vt 0.778296 0.121609
vt 0.774051 0.078502
vt 0.765722 0.058396
vt 0.753632 0.040301
vt 0.738243 0.024913
vt 0.720148 0.012822
vt 0.700042 0.004494
vt 0.678698 0.000248
vt 0.635591 0.004494
vt 0.615485 0.012822
vt 0.597390 0.024913
vt 0.582001 0.040301
vt 0.569910 0.058396
vt 0.561582 0.078502
vt 0.557337 0.099847
s 0
usemtl マテリアル.005
f 476/1/1 9/2/1 10/3/1
f 6/4/2 18/5/2 479/6/2
f 2/7/3 10/3/3 11/8/3
f 479/6/4 19/9/4 480/10/4
f 477/11/5 11/8/5 12/12/5
f 480/10/6 20/13/6 481/14/6
f 3/15/7 12/12/7 13/16/7
f 481/14/8 21/17/8 482/18/8
f 3/15/9 14/19/9 4/20/9
f 474/21/10 82/22/10 7/23/10
f 308/24/11 482/18/11 21/17/11
f 4/20/12 15/25/12 5/26/12
f 475/27/13 7/23/13 8/28/13
f 5/26/14 16/29/14 478/30/14
f 1/31/15 8/28/15 9/2/15
f 478/30/16 17/32/16 6/4/16
f 8/28/17 24/33/17 9/2/17
f 16/29/18 32/34/18 17/32/18
f 9/2/19 25/35/19 10/3/19
f 17/32/20 33/36/20 18/5/20
f 10/3/21 26/37/21 11/8/21
f 19/9/22 33/36/22 34/38/22
f 11/8/23 27/39/23 12/12/23
f 20/13/24 34/38/24 35/40/24
f 13/16/25 27/39/25 28/41/25
f 20/13/26 36/42/26 21/17/26
f 13/16/27 29/43/27 14/19/27
f 7/23/28 82/44/28 22/45/28
f 308/46/29 21/17/29 36/42/29
f 14/19/30 30/47/30 15/25/30
f 7/23/31 23/48/31 8/28/31
f 15/25/32 31/49/32 16/29/32
f 27/39/33 43/50/33 28/41/33
f 35/40/34 51/51/34 36/42/34
f 28/41/35 44/52/35 29/43/35
f 22/45/36 82/53/36 37/54/36
f 308/55/37 36/42/37 51/51/37
f 30/47/38 44/52/38 45/56/38
f 22/45/39 38/57/39 23/48/39
f 30/47/40 46/58/40 31/49/40
f 23/48/41 39/59/41 24/33/41
f 32/34/42 46/58/42 47/60/42
f 24/33/43 40/61/43 25/35/43
f 33/36/44 47/60/44 48/62/44
f 25/35/45 41/63/45 26/37/45
f 34/38/46 48/62/46 49/64/46
f 26/37/47 42/65/47 27/39/47
f 34/38/48 50/66/48 35/40/48
f 47/60/49 61/67/49 62/68/49
f 39/59/50 55/69/50 40/61/50
f 47/60/51 63/70/51 48/62/51
f 40/61/52 56/71/52 41/63/52
f 48/62/53 64/72/53 49/64/53
f 41/63/54 57/73/54 42/65/54
f 49/64/55 65/74/55 50/66/55
f 43/50/56 57/73/56 58/75/56
f 50/66/57 66/76/57 51/51/57
f 44/52/58 58/75/58 59/77/58
f 37/54/59 82/78/59 52/79/59
f 308/80/60 51/51/60 66/76/60
f 44/52/61 60/81/61 45/56/61
f 37/54/62 53/82/62 38/57/62
f 45/56/63 61/67/63 46/58/63
f 38/57/64 54/83/64 39/59/64
f 65/74/65 81/84/65 66/76/65
f 59/77/66 73/85/66 74/86/66
f 52/79/67 82/87/67 67/88/67
f 308/89/68 66/76/68 81/84/68
f 59/77/69 75/90/69 60/81/69
f 52/79/70 68/91/70 53/82/70
f 60/81/71 76/92/71 61/67/71
f 53/82/72 69/93/72 54/83/72
f 62/68/73 76/92/73 77/94/73
f 54/83/74 70/95/74 55/69/74
f 62/68/75 78/96/75 63/70/75
f 56/71/76 70/95/76 71/97/76
f 63/70/77 79/98/77 64/72/77
f 56/71/78 72/99/78 57/73/78
f 65/74/79 79/98/79 80/100/79
f 58/75/80 72/99/80 73/85/80
f 69/93/81 86/101/81 70/95/81
f 77/94/82 94/102/82 78/96/82
f 71/97/83 86/101/83 87/103/83
f 78/96/84 95/104/84 79/98/84
f 71/97/85 88/105/85 72/99/85
f 79/98/86 96/106/86 80/100/86
f 73/85/87 88/105/87 89/107/87
f 81/84/88 96/106/88 97/108/88
f 74/86/89 89/107/89 90/109/89
f 67/88/90 82/110/90 83/111/90
f 308/112/91 81/84/91 97/108/91
f 74/86/92 91/113/92 75/90/92
f 67/88/93 84/114/93 68/91/93
f 75/90/94 92/115/94 76/92/94
f 68/91/95 85/116/95 69/93/95
f 77/94/96 92/115/96 93/117/96
f 90/109/97 104/118/97 105/119/97
f 83/111/98 82/120/98 98/121/98
f 308/122/99 97/108/99 112/123/99
f 90/109/100 106/124/100 91/113/100
f 84/114/101 98/121/101 99/125/101
f 91/113/102 107/126/102 92/115/102
f 84/114/103 100/127/103 85/116/103
f 93/117/104 107/126/104 108/128/104
f 85/116/105 101/129/105 86/101/105
f 93/117/106 109/130/106 94/102/106
f 87/103/107 101/129/107 102/131/107
f 95/104/108 109/130/108 110/132/108
f 87/103/109 103/133/109 88/105/109
f 96/106/110 110/132/110 111/134/110
f 89/107/111 103/133/111 104/118/111
f 96/106/112 112/123/112 97/108/112
f 108/128/113 124/135/113 109/130/113
f 102/131/114 116/136/114 117/137/114
f 110/132/115 124/135/115 125/138/115
f 102/131/116 118/139/116 103/133/116
f 110/132/117 126/140/117 111/134/117
f 104/118/118 118/139/118 119/141/118
f 111/134/119 127/142/119 112/123/119
f 105/119/120 119/141/120 120/143/120
f 98/121/121 82/144/121 113/145/121
f 308/146/122 112/123/122 127/142/122
f 105/119/123 121/147/123 106/124/123
f 99/125/124 113/145/124 114/148/124
f 106/124/125 122/149/125 107/126/125
f 99/125/126 115/150/126 100/127/126
f 108/128/127 122/149/127 123/151/127
f 100/127/128 116/136/128 101/129/128
f 308/152/129 127/142/129 142/153/129
f 120/143/130 136/154/130 121/147/130
f 113/145/131 129/155/131 114/148/131
f 121/147/132 137/156/132 122/149/132
f 114/148/133 130/157/133 115/150/133
f 123/151/134 137/156/134 138/158/134
f 115/150/135 131/159/135 116/136/135
f 123/151/136 139/160/136 124/135/136
f 117/137/137 131/159/137 132/161/137
f 125/138/138 139/160/138 140/162/138
f 117/137/139 133/163/139 118/139/139
f 125/138/140 141/164/140 126/140/140
f 119/141/141 133/163/141 134/165/141
f 126/140/142 142/153/142 127/142/142
f 120/143/143 134/165/143 135/166/143
f 113/145/144 82/167/144 128/168/144
f 140/162/145 154/169/145 155/170/145
f 132/161/146 148/171/146 133/163/146
f 140/162/147 156/172/147 141/164/147
f 134/165/148 148/171/148 149/173/148
f 142/153/149 156/172/149 157/174/149
f 135/166/150 149/173/150 150/175/150
f 128/168/151 82/176/151 143/177/151
f 308/178/152 142/153/152 157/174/152
f 135/166/153 151/179/153 136/154/153
f 128/168/154 144/180/154 129/155/154
f 136/154/155 152/181/155 137/156/155
f 130/157/156 144/180/156 145/182/156
f 138/158/157 152/181/157 153/183/157
f 130/157/158 146/184/158 131/159/158
f 138/158/159 154/169/159 139/160/159
f 132/161/160 146/184/160 147/185/160
f 143/177/161 159/186/161 144/180/161
f 151/179/162 167/187/162 152/181/162
f 145/182/163 159/186/163 160/188/163
f 153/183/164 167/187/164 168/189/164
f 145/182/165 161/190/165 146/184/165
f 153/183/166 169/191/166 154/169/166
f 147/185/167 161/190/167 162/192/167
f 155/170/168 169/191/168 170/193/168
f 147/185/169 163/194/169 148/171/169
f 155/170/170 171/195/170 156/172/170
f 149/173/171 163/194/171 164/196/171
f 156/172/172 172/197/172 157/174/172
f 150/175/173 164/196/173 165/198/173
f 143/177/174 82/199/174 158/200/174
f 308/201/175 157/174/175 172/197/175
f 150/175/176 166/202/176 151/179/176
f 162/192/177 178/203/177 163/194/177
f 171/195/178 185/204/178 186/205/178
f 164/196/179 178/203/179 179/206/179
f 172/197/180 186/205/180 187/207/180
f 165/198/181 179/206/181 180/208/181
f 158/200/182 82/209/182 173/210/182
f 308/211/183 172/197/183 187/207/183
f 165/198/184 181/212/184 166/202/184
f 158/200/185 174/213/185 159/186/185
f 166/202/186 182/214/186 167/187/186
f 159/186/187 175/215/187 160/188/187
f 168/189/188 182/214/188 183/216/188
f 160/188/189 176/217/189 161/190/189
f 168/189/190 184/218/190 169/191/190
f 162/192/191 176/217/191 177/219/191
f 169/191/192 185/204/192 170/193/192
f 181/212/193 197/220/193 182/214/193
f 175/215/194 189/221/194 190/222/194
f 183/216/195 197/220/195 198/223/195
f 175/215/196 191/224/196 176/217/196
f 183/216/197 199/225/197 184/218/197
f 177/219/198 191/224/198 192/226/198
f 185/204/199 199/225/199 200/227/199
f 177/219/200 193/228/200 178/203/200
f 185/204/201 201/229/201 186/205/201
f 179/206/202 193/228/202 194/230/202
f 186/205/203 202/231/203 187/207/203
f 180/208/204 194/230/204 195/232/204
f 173/210/205 82/233/205 188/234/205
f 308/235/206 187/207/206 202/231/206
f 180/208/207 196/236/207 181/212/207
f 174/213/208 188/234/208 189/221/208
f 200/227/209 216/237/209 201/229/209
f 194/230/210 208/238/210 209/239/210
f 201/229/211 217/240/211 202/231/211
f 195/232/212 209/239/212 210/241/212
f 188/234/213 82/242/213 203/243/213
f 308/244/214 202/231/214 217/240/214
f 195/232/215 211/245/215 196/236/215
f 188/234/216 204/246/216 189/221/216
f 196/236/217 212/247/217 197/220/217
f 189/221/218 205/248/218 190/222/218
f 198/223/219 212/247/219 213/249/219
f 190/222/220 206/250/220 191/224/220
f 198/223/221 214/251/221 199/225/221
f 192/226/222 206/250/222 207/252/222
f 200/227/223 214/251/223 215/253/223
f 192/226/224 208/238/224 193/228/224
f 204/246/225 220/254/225 205/248/225
f 213/249/226 227/255/226 228/256/226
f 205/248/227 221/257/227 206/250/227
f 213/249/228 229/258/228 214/251/228
f 207/252/229 221/257/229 222/259/229
f 215/253/230 229/258/230 230/260/230
f 207/252/231 223/261/231 208/238/231
f 215/253/232 231/262/232 216/237/232
f 209/239/233 223/261/233 224/263/233
f 216/237/234 232/264/234 217/240/234
f 210/241/235 224/263/235 225/265/235
f 203/243/236 82/266/236 218/267/236
f 308/268/237 217/240/237 232/264/237
f 210/241/238 226/269/238 211/245/238
f 203/243/239 219/270/239 204/246/239
f 211/245/240 227/255/240 212/247/240
f 224/263/241 238/271/241 239/272/241
f 232/264/242 246/273/242 247/274/242
f 225/265/243 239/272/243 240/275/243
f 218/267/244 82/276/244 233/277/244
f 308/278/245 232/264/245 247/274/245
f 225/265/246 241/279/246 226/269/246
f 218/267/247 234/280/247 219/270/247
f 226/269/248 242/281/248 227/255/248
f 220/254/249 234/280/249 235/282/249
f 228/256/250 242/281/250 243/283/250
f 220/254/251 236/284/251 221/257/251
f 228/256/252 244/285/252 229/258/252
f 222/259/253 236/284/253 237/286/253
f 230/260/254 244/285/254 245/287/254
f 222/259/255 238/271/255 223/261/255
f 230/260/256 246/273/256 231/262/256
f 243/283/257 257/288/257 258/289/257
f 235/282/258 251/290/258 236/284/258
f 243/283/259 259/291/259 244/285/259
f 237/286/260 251/290/260 252/292/260
f 245/287/261 259/291/261 260/293/261
f 237/286/262 253/294/262 238/271/262
f 245/287/263 261/295/263 246/273/263
f 239/272/264 253/294/264 254/296/264
f 246/273/265 262/297/265 247/274/265
f 240/275/266 254/296/266 255/298/266
f 233/277/267 82/299/267 248/300/267
f 308/301/268 247/274/268 262/297/268
f 240/275/269 256/302/269 241/279/269
f 233/277/270 249/303/270 234/280/270
f 241/279/271 257/288/271 242/281/271
f 234/280/272 250/304/272 235/282/272
f 261/295/273 277/305/273 262/297/273
f 255/298/274 269/306/274 270/307/274
f 248/300/275 82/308/275 263/309/275
f 308/310/276 262/297/276 277/305/276
f 255/298/277 271/311/277 256/302/277
f 249/303/278 263/309/278 264/312/278
f 256/302/279 272/313/279 257/288/279
f 249/303/280 265/314/280 250/304/280
f 258/289/281 272/313/281 273/315/281
f 250/304/282 266/316/282 251/290/282
f 258/289/283 274/317/283 259/291/283
f 252/292/284 266/316/284 267/318/284
f 260/293/285 274/317/285 275/319/285
f 252/292/286 268/320/286 253/294/286
f 260/293/287 276/321/287 261/295/287
f 254/296/288 268/320/288 269/306/288
f 273/315/289 289/322/289 274/317/289
f 267/318/290 281/323/290 282/324/290
f 275/319/291 289/322/291 290/325/291
f 267/318/292 283/326/292 268/320/292
f 275/319/293 291/327/293 276/321/293
f 269/306/294 283/326/294 284/328/294
f 277/305/295 291/327/295 292/329/295
f 270/307/296 284/328/296 285/330/296
f 263/309/297 82/331/297 278/332/297
f 308/333/298 277/305/298 292/329/298
f 270/307/299 286/334/299 271/311/299
f 264/312/300 278/332/300 279/335/300
f 271/311/301 287/336/301 272/313/301
f 264/312/302 280/337/302 265/314/302
f 273/315/303 287/336/303 288/338/303
f 265/314/304 281/323/304 266/316/304
f 278/332/305 82/339/305 293/340/305
f 308/341/306 292/329/306 307/342/306
f 285/330/307 301/343/307 286/334/307
f 278/332/308 294/344/308 279/335/308
f 286/334/309 302/345/309 287/336/309
f 279/335/310 295/346/310 280/337/310
f 288/338/311 302/345/311 303/347/311
f 280/337/312 296/348/312 281/323/312
f 288/338/313 304/349/313 289/322/313
f 282/324/314 296/348/314 297/350/314
f 290/325/315 304/349/315 305/351/315
f 282/324/316 298/352/316 283/326/316
f 290/325/317 306/353/317 291/327/317
f 284/328/318 298/352/318 299/354/318
f 292/329/319 306/353/319 307/342/319
f 285/330/320 299/354/320 300/355/320
f 297/350/321 312/356/321 313/357/321
f 305/351/322 320/358/322 321/359/322
f 297/350/323 314/360/323 298/352/323
f 305/351/324 322/361/324 306/353/324
f 299/354/325 314/360/325 315/362/325
f 306/353/326 323/363/326 307/342/326
f 300/355/327 315/362/327 316/364/327
f 293/340/328 82/365/328 309/366/328
f 308/367/329 307/342/329 323/363/329
f 300/355/330 317/368/330 301/343/330
f 293/340/331 310/369/331 294/344/331
f 301/343/332 318/370/332 302/345/332
f 294/344/333 311/371/333 295/346/333
f 303/347/334 318/370/334 319/372/334
f 295/346/335 312/356/335 296/348/335
f 303/347/336 320/358/336 304/349/336
f 316/364/337 332/373/337 317/368/337
f 309/366/338 325/374/338 310/369/338
f 317/368/339 333/375/339 318/370/339
f 310/369/340 326/376/340 311/371/340
f 319/372/341 333/375/341 334/377/341
f 311/371/342 327/378/342 312/356/342
f 319/372/343 335/379/343 320/358/343
f 312/356/344 328/380/344 313/357/344
f 321/359/345 335/379/345 336/381/345
f 313/357/346 329/382/346 314/360/346
f 321/359/347 337/383/347 322/361/347
f 315/362/348 329/382/348 330/384/348
f 322/361/349 338/385/349 323/363/349
f 316/364/350 330/384/350 331/386/350
f 309/366/351 82/387/351 324/388/351
f 308/389/352 323/363/352 338/385/352
f 336/381/353 350/390/353 351/391/353
f 328/380/354 344/392/354 329/382/354
f 336/381/355 352/393/355 337/383/355
f 330/384/356 344/392/356 345/394/356
f 337/383/357 353/395/357 338/385/357
f 331/386/358 345/394/358 346/396/358
f 324/388/359 82/397/359 339/398/359
f 308/399/360 338/385/360 353/395/360
f 331/386/361 347/400/361 332/373/361
f 324/388/362 340/401/362 325/374/362
f 332/373/363 348/402/363 333/375/363
f 325/374/364 341/403/364 326/376/364
f 334/377/365 348/402/365 349/404/365
f 326/376/366 342/405/366 327/378/366
f 334/377/367 350/390/367 335/379/367
f 328/380/368 342/405/368 343/406/368
f 339/398/369 355/407/369 340/401/369
f 347/400/370 363/408/370 348/402/370
f 341/403/371 355/407/371 356/409/371
f 349/404/372 363/408/372 364/410/372
f 341/403/373 357/411/373 342/405/373
f 349/404/374 365/412/374 350/390/374
f 343/406/375 357/411/375 358/413/375
f 351/391/376 365/412/376 366/414/376
f 343/406/377 359/415/377 344/392/377
f 351/391/378 367/416/378 352/393/378
f 345/394/379 359/415/379 360/417/379
f 352/393/380 368/418/380 353/395/380
f 346/396/381 360/417/381 361/419/381
f 339/398/382 82/420/382 354/421/382
f 308/422/383 353/395/383 368/418/383
f 346/396/384 362/423/384 347/400/384
f 358/424/385 374/425/385 359/426/385
f 366/427/386 382/428/386 367/429/386
f 360/430/387 374/425/387 375/431/387
f 367/429/388 383/432/388 368/433/388
f 361/434/389 375/431/389 376/435/389
f 354/436/390 82/437/390 369/438/390
f 308/439/391 368/433/391 383/432/391
f 361/434/392 377/440/392 362/441/392
f 354/436/393 370/442/393 355/443/393
f 362/441/394 378/444/394 363/445/394
f 356/446/395 370/442/395 371/447/395
f 364/448/396 378/444/396 379/449/396
f 356/446/397 372/450/397 357/451/397
f 364/448/398 380/452/398 365/453/398
f 358/424/399 372/450/399 373/454/399
f 366/427/400 380/452/400 381/455/400
f 377/440/401 393/456/401 378/444/401
f 371/447/402 385/457/402 386/458/402
f 379/449/403 393/456/403 394/459/403
f 371/447/404 387/460/404 372/450/404
f 379/449/405 395/461/405 380/452/405
f 373/454/406 387/460/406 388/462/406
f 381/455/407 395/461/407 396/463/407
f 373/454/408 389/464/408 374/425/408
f 381/455/409 397/465/409 382/428/409
f 375/431/410 389/464/410 390/466/410
f 382/428/411 398/467/411 383/432/411
f 376/435/412 390/466/412 391/468/412
f 369/438/413 82/469/413 384/470/413
f 308/471/414 383/432/414 398/467/414
f 376/435/415 392/472/415 377/440/415
f 369/438/416 385/457/416 370/442/416
f 397/465/417 411/473/417 412/474/417
f 390/466/418 404/475/418 405/476/418
f 397/465/419 413/477/419 398/467/419
f 391/468/420 405/476/420 406/478/420
f 384/470/421 82/479/421 399/480/421
f 308/481/422 398/467/422 413/477/422
f 391/468/423 407/482/423 392/472/423
f 385/457/424 399/480/424 400/483/424
f 392/472/425 408/484/425 393/456/425
f 385/457/426 401/485/426 386/458/426
f 394/459/427 408/484/427 409/486/427
f 386/458/428 402/487/428 387/460/428
f 394/459/429 410/488/429 395/461/429
f 388/462/430 402/487/430 403/489/430
f 396/463/431 410/488/431 411/473/431
f 388/462/432 404/475/432 389/464/432
f 409/486/433 423/490/433 424/491/433
f 401/485/434 417/492/434 402/487/434
f 409/486/435 425/493/435 410/488/435
f 403/489/436 417/492/436 418/494/436
f 411/473/437 425/493/437 426/495/437
f 403/489/438 419/496/438 404/475/438
f 411/473/439 427/497/439 412/474/439
f 405/476/440 419/496/440 420/498/440
f 412/474/441 428/499/441 413/477/441
f 406/478/442 420/498/442 421/500/442
f 399/480/443 82/501/443 414/502/443
f 308/503/444 413/477/444 428/499/444
f 406/478/445 422/504/445 407/482/445
f 399/480/446 415/505/446 400/483/446
f 407/482/447 423/490/447 408/484/447
f 401/485/448 415/505/448 416/506/448
f 427/497/449 443/507/449 428/499/449
f 421/500/450 435/508/450 436/509/450
f 414/502/451 82/510/451 429/511/451
f 308/512/452 428/499/452 443/507/452
f 421/500/453 437/513/453 422/504/453
f 414/502/454 430/514/454 415/505/454
f 422/504/455 438/515/455 423/490/455
f 416/506/456 430/514/456 431/516/456
f 424/491/457 438/515/457 439/517/457
f 416/506/458 432/518/458 417/492/458
f 424/491/459 440/519/459 425/493/459
f 418/494/460 432/518/460 433/520/460
f 426/495/461 440/519/461 441/521/461
f 418/494/462 434/522/462 419/496/462
f 426/495/463 442/523/463 427/497/463
f 420/498/464 434/522/464 435/508/464
f 431/516/465 447/524/465 432/518/465
f 439/517/466 455/525/466 440/519/466
f 433/520/467 447/524/467 448/526/467
f 441/521/468 455/525/468 456/527/468
f 433/520/469 449/528/469 434/522/469
f 441/521/470 457/529/470 442/523/470
f 435/508/471 449/528/471 450/530/471
f 442/523/472 458/531/472 443/507/472
f 436/509/473 450/530/473 451/532/473
f 429/511/474 82/533/474 444/534/474
f 308/535/475 443/507/475 458/531/475
f 436/509/476 452/536/476 437/513/476
f 430/514/477 444/534/477 445/537/477
f 437/513/478 453/538/478 438/515/478
f 430/514/479 446/539/479 431/516/479
f 439/517/480 453/538/480 454/540/480
f 451/532/481 465/541/481 466/542/481
f 444/534/482 82/543/482 459/544/482
f 308/545/483 458/531/483 473/546/483
f 451/532/484 467/547/484 452/536/484
f 444/534/485 460/548/485 445/537/485
f 452/536/486 468/549/486 453/538/486
f 446/539/487 460/548/487 461/550/487
f 454/540/488 468/549/488 469/551/488
f 446/539/489 462/552/489 447/524/489
f 454/540/490 470/553/490 455/525/490
f 448/526/491 462/552/491 463/554/491
f 456/527/492 470/553/492 471/555/492
f 448/526/493 464/556/493 449/528/493
f 456/527/494 472/557/494 457/529/494
f 450/530/495 464/556/495 465/541/495
f 458/531/496 472/557/496 473/546/496
f 469/551/497 479/6/497 470/553/497
f 463/554/498 476/1/498 2/7/498
f 471/555/499 479/6/499 480/10/499
f 464/556/500 2/7/500 477/11/500
f 471/555/501 481/14/501 472/557/501
f 465/541/502 477/11/502 3/15/502
f 472/557/503 482/18/503 473/546/503
f 466/542/504 3/15/504 4/20/504
f 459/544/505 82/558/505 474/21/505
f 308/559/506 473/546/506 482/18/506
f 466/542/507 5/26/507 467/547/507
f 460/548/508 474/21/508 475/27/508
f 467/547/509 478/30/509 468/549/509
f 461/550/510 475/27/510 1/31/510
f 468/549/511 6/4/511 469/551/511
f 462/552/512 1/31/512 476/1/512
f 476/1/1 1/31/1 9/2/1
f 6/4/2 17/32/2 18/5/2
f 2/7/3 476/1/3 10/3/3
f 479/6/4 18/5/4 19/9/4
f 477/11/5 2/7/5 11/8/5
f 480/10/6 19/9/6 20/13/6
f 3/15/7 477/11/7 12/12/7
f 481/14/8 20/13/8 21/17/8
f 3/15/9 13/16/9 14/19/9
f 4/20/12 14/19/12 15/25/12
f 475/27/13 474/21/13 7/23/13
f 5/26/14 15/25/14 16/29/14
f 1/31/15 475/27/15 8/28/15
f 478/30/16 16/29/16 17/32/16
f 8/28/17 23/48/17 24/33/17
f 16/29/18 31/49/18 32/34/18
f 9/2/19 24/33/19 25/35/19
f 17/32/20 32/34/20 33/36/20
f 10/3/513 25/35/513 26/37/513
f 19/9/22 18/5/22 33/36/22
f 11/8/23 26/37/23 27/39/23
f 20/13/24 19/9/24 34/38/24
f 13/16/25 12/12/25 27/39/25
f 20/13/26 35/40/26 36/42/26
f 13/16/27 28/41/27 29/43/27
f 14/19/30 29/43/30 30/47/30
f 7/23/31 22/45/31 23/48/31
f 15/25/32 30/47/32 31/49/32
f 27/39/33 42/65/33 43/50/33
f 35/40/34 50/66/34 51/51/34
f 28/41/35 43/50/35 44/52/35
f 30/47/38 29/43/38 44/52/38
f 22/45/39 37/54/39 38/57/39
f 30/47/40 45/56/40 46/58/40
f 23/48/41 38/57/41 39/59/41
f 32/34/42 31/49/42 46/58/42
f 24/33/43 39/59/43 40/61/43
f 33/36/44 32/34/44 47/60/44
f 25/35/45 40/61/45 41/63/45
f 34/38/46 33/36/46 48/62/46
f 26/37/47 41/63/47 42/65/47
f 34/38/48 49/64/48 50/66/48
f 47/60/49 46/58/49 61/67/49
f 39/59/50 54/83/50 55/69/50
f 47/60/51 62/68/51 63/70/51
f 40/61/52 55/69/52 56/71/52
f 48/62/53 63/70/53 64/72/53
f 41/63/54 56/71/54 57/73/54
f 49/64/55 64/72/55 65/74/55
f 43/50/56 42/65/56 57/73/56
f 50/66/57 65/74/57 66/76/57
f 44/52/58 43/50/58 58/75/58
f 44/52/61 59/77/61 60/81/61
f 37/54/62 52/79/62 53/82/62
f 45/56/63 60/81/63 61/67/63
f 38/57/64 53/82/64 54/83/64
f 65/74/65 80/100/65 81/84/65
f 59/77/66 58/75/66 73/85/66
f 59/77/69 74/86/69 75/90/69
f 52/79/70 67/88/70 68/91/70
f 60/81/71 75/90/71 76/92/71
f 53/82/72 68/91/72 69/93/72
f 62/68/73 61/67/73 76/92/73
f 54/83/74 69/93/74 70/95/74
f 62/68/75 77/94/75 78/96/75
f 56/71/76 55/69/76 70/95/76
f 63/70/77 78/96/77 79/98/77
f 56/71/78 71/97/78 72/99/78
f 65/74/79 64/72/79 79/98/79
f 58/75/80 57/73/80 72/99/80
f 69/93/81 85/116/81 86/101/81
f 77/94/82 93/117/82 94/102/82
f 71/97/83 70/95/83 86/101/83
f 78/96/84 94/102/84 95/104/84
f 71/97/85 87/103/85 88/105/85
f 79/98/86 95/104/86 96/106/86
f 73/85/87 72/99/87 88/105/87
f 81/84/88 80/100/88 96/106/88
f 74/86/89 73/85/89 89/107/89
f 74/86/92 90/109/92 91/113/92
f 67/88/93 83/111/93 84/114/93
f 75/90/94 91/113/94 92/115/94
f 68/91/95 84/114/95 85/116/95
f 77/94/96 76/92/96 92/115/96
f 90/109/97 89/107/97 104/118/97
f 90/109/100 105/119/100 106/124/100
f 84/114/101 83/111/101 98/121/101
f 91/113/102 106/124/102 107/126/102
f 84/114/103 99/125/103 100/127/103
f 93/117/104 92/115/104 107/126/104
f 85/116/105 100/127/105 101/129/105
f 93/117/106 108/128/106 109/130/106
f 87/103/107 86/101/107 101/129/107
f 95/104/108 94/102/108 109/130/108
f 87/103/109 102/131/109 103/133/109
f 96/106/110 95/104/110 110/132/110
f 89/107/111 88/105/111 103/133/111
f 96/106/112 111/134/112 112/123/112
f 108/128/113 123/151/113 124/135/113
f 102/131/114 101/129/114 116/136/114
f 110/132/115 109/130/115 124/135/115
f 102/131/116 117/137/116 118/139/116
f 110/132/117 125/138/117 126/140/117
f 104/118/118 103/133/118 118/139/118
f 111/134/119 126/140/119 127/142/119
f 105/119/120 104/118/120 119/141/120
f 105/119/123 120/143/123 121/147/123
f 99/125/124 98/121/124 113/145/124
f 106/124/125 121/147/125 122/149/125
f 99/125/126 114/148/126 115/150/126
f 108/128/127 107/126/127 122/149/127
f 100/127/128 115/150/128 116/136/128
f 120/143/130 135/166/130 136/154/130
f 113/145/131 128/168/131 129/155/131
f 121/147/132 136/154/132 137/156/132
f 114/148/133 129/155/133 130/157/133
f 123/151/134 122/149/134 137/156/134
f 115/150/135 130/157/135 131/159/135
f 123/151/136 138/158/136 139/160/136
f 117/137/137 116/136/137 131/159/137
f 125/138/138 124/135/138 139/160/138
f 117/137/139 132/161/139 133/163/139
f 125/138/140 140/162/140 141/164/140
f 119/141/141 118/139/141 133/163/141
f 126/140/142 141/164/142 142/153/142
f 120/143/143 119/141/143 134/165/143
f 140/162/145 139/160/145 154/169/145
f 132/161/146 147/185/146 148/171/146
f 140/162/147 155/170/147 156/172/147
f 134/165/148 133/163/148 148/171/148
f 142/153/149 141/164/149 156/172/149
f 135/166/150 134/165/150 149/173/150
f 135/166/153 150/175/153 151/179/153
f 128/168/154 143/177/154 144/180/154
f 136/154/155 151/179/155 152/181/155
f 130/157/156 129/155/156 144/180/156
f 138/158/157 137/156/157 152/181/157
f 130/157/158 145/182/158 146/184/158
f 138/158/159 153/183/159 154/169/159
f 132/161/160 131/159/160 146/184/160
f 143/177/161 158/200/161 159/186/161
f 151/179/162 166/202/162 167/187/162
f 145/182/163 144/180/163 159/186/163
f 153/183/164 152/181/164 167/187/164
f 145/182/165 160/188/165 161/190/165
f 153/183/166 168/189/166 169/191/166
f 147/185/167 146/184/167 161/190/167
f 155/170/168 154/169/168 169/191/168
f 147/185/169 162/192/169 163/194/169
f 155/170/170 170/193/170 171/195/170
f 149/173/171 148/171/171 163/194/171
f 156/172/172 171/195/172 172/197/172
f 150/175/173 149/173/173 164/196/173
f 150/175/176 165/198/176 166/202/176
f 162/192/177 177/219/177 178/203/177
f 171/195/178 170/193/178 185/204/178
f 164/196/179 163/194/179 178/203/179
f 172/197/180 171/195/180 186/205/180
f 165/198/181 164/196/181 179/206/181
f 165/198/184 180/208/184 181/212/184
f 158/200/185 173/210/185 174/213/185
f 166/202/186 181/212/186 182/214/186
f 159/186/187 174/213/187 175/215/187
f 168/189/188 167/187/188 182/214/188
f 160/188/189 175/215/189 176/217/189
f 168/189/190 183/216/190 184/218/190
f 162/192/191 161/190/191 176/217/191
f 169/191/192 184/218/192 185/204/192
f 181/212/193 196/236/193 197/220/193
f 175/215/194 174/213/194 189/221/194
f 183/216/195 182/214/195 197/220/195
f 175/215/196 190/222/196 191/224/196
f 183/216/197 198/223/197 199/225/197
f 177/219/198 176/217/198 191/224/198
f 185/204/199 184/218/199 199/225/199
f 177/219/200 192/226/200 193/228/200
f 185/204/201 200/227/201 201/229/201
f 179/206/202 178/203/202 193/228/202
f 186/205/203 201/229/203 202/231/203
f 180/208/204 179/206/204 194/230/204
f 180/208/207 195/232/207 196/236/207
f 174/213/208 173/210/208 188/234/208
f 200/227/209 215/253/209 216/237/209
f 194/230/210 193/228/210 208/238/210
f 201/229/211 216/237/211 217/240/211
f 195/232/212 194/230/212 209/239/212
f 195/232/215 210/241/215 211/245/215
f 188/234/216 203/243/216 204/246/216
f 196/236/217 211/245/217 212/247/217
f 189/221/218 204/246/218 205/248/218
f 198/223/219 197/220/219 212/247/219
f 190/222/220 205/248/220 206/250/220
f 198/223/221 213/249/221 214/251/221
f 192/226/222 191/224/222 206/250/222
f 200/227/223 199/225/223 214/251/223
f 192/226/224 207/252/224 208/238/224
f 204/246/225 219/270/225 220/254/225
f 213/249/226 212/247/226 227/255/226
f 205/248/227 220/254/227 221/257/227
f 213/249/228 228/256/228 229/258/228
f 207/252/229 206/250/229 221/257/229
f 215/253/230 214/251/230 229/258/230
f 207/252/231 222/259/231 223/261/231
f 215/253/232 230/260/232 231/262/232
f 209/239/233 208/238/233 223/261/233
f 216/237/234 231/262/234 232/264/234
f 210/241/235 209/239/235 224/263/235
f 210/241/238 225/265/238 226/269/238
f 203/243/239 218/267/239 219/270/239
f 211/245/240 226/269/240 227/255/240
f 224/263/241 223/261/241 238/271/241
f 232/264/242 231/262/242 246/273/242
f 225/265/243 224/263/243 239/272/243
f 225/265/514 240/275/514 241/279/514
f 218/267/247 233/277/247 234/280/247
f 226/269/248 241/279/248 242/281/248
f 220/254/249 219/270/249 234/280/249
f 228/256/515 227/255/515 242/281/515
f 220/254/251 235/282/251 236/284/251
f 228/256/252 243/283/252 244/285/252
f 222/259/253 221/257/253 236/284/253
f 230/260/254 229/258/254 244/285/254
f 222/259/255 237/286/255 238/271/255
f 230/260/256 245/287/256 246/273/256
f 243/283/257 242/281/257 257/288/257
f 235/282/258 250/304/258 251/290/258
f 243/283/259 258/289/259 259/291/259
f 237/286/260 236/284/260 251/290/260
f 245/287/261 244/285/261 259/291/261
f 237/286/262 252/292/262 253/294/262
f 245/287/263 260/293/263 261/295/263
f 239/272/264 238/271/264 253/294/264
f 246/273/265 261/295/265 262/297/265
f 240/275/266 239/272/266 254/296/266
f 240/275/269 255/298/269 256/302/269
f 233/277/270 248/300/270 249/303/270
f 241/279/271 256/302/271 257/288/271
f 234/280/272 249/303/272 250/304/272
f 261/295/273 276/321/273 277/305/273
f 255/298/274 254/296/274 269/306/274
f 255/298/277 270/307/277 271/311/277
f 249/303/278 248/300/278 263/309/278
f 256/302/279 271/311/279 272/313/279
f 249/303/280 264/312/280 265/314/280
f 258/289/281 257/288/281 272/313/281
f 250/304/282 265/314/282 266/316/282
f 258/289/283 273/315/283 274/317/283
f 252/292/284 251/290/284 266/316/284
f 260/293/285 259/291/285 274/317/285
f 252/292/286 267/318/286 268/320/286
f 260/293/287 275/319/287 276/321/287
f 254/296/288 253/294/288 268/320/288
f 273/315/289 288/338/289 289/322/289
f 267/318/290 266/316/290 281/323/290
f 275/319/291 274/317/291 289/322/291
f 267/318/292 282/324/292 283/326/292
f 275/319/293 290/325/293 291/327/293
f 269/306/294 268/320/294 283/326/294
f 277/305/295 276/321/295 291/327/295
f 270/307/296 269/306/296 284/328/296
f 270/307/299 285/330/299 286/334/299
f 264/312/300 263/309/300 278/332/300
f 271/311/301 286/334/301 287/336/301
f 264/312/302 279/335/302 280/337/302
f 273/315/303 272/313/303 287/336/303
f 265/314/304 280/337/304 281/323/304
f 285/330/307 300/355/307 301/343/307
f 278/332/308 293/340/308 294/344/308
f 286/334/309 301/343/309 302/345/309
f 279/335/310 294/344/310 295/346/310
f 288/338/311 287/336/311 302/345/311
f 280/337/312 295/346/312 296/348/312
f 288/338/313 303/347/313 304/349/313
f 282/324/314 281/323/314 296/348/314
f 290/325/315 289/322/315 304/349/315
f 282/324/316 297/350/316 298/352/316
f 290/325/317 305/351/317 306/353/317
f 284/328/318 283/326/318 298/352/318
f 292/329/319 291/327/319 306/353/319
f 285/330/320 284/328/320 299/354/320
f 297/350/321 296/348/321 312/356/321
f 305/351/322 304/349/322 320/358/322
f 297/350/323 313/357/323 314/360/323
f 305/351/324 321/359/324 322/361/324
f 299/354/325 298/352/325 314/360/325
f 306/353/326 322/361/326 323/363/326
f 300/355/327 299/354/327 315/362/327
f 300/355/330 316/364/330 317/368/330
f 293/340/331 309/366/331 310/369/331
f 301/343/332 317/368/332 318/370/332
f 294/344/333 310/369/333 311/371/333
f 303/347/334 302/345/334 318/370/334
f 295/346/335 311/371/335 312/356/335
f 303/347/336 319/372/336 320/358/336
f 316/364/337 331/386/337 332/373/337
f 309/366/338 324/388/338 325/374/338
f 317/368/339 332/373/339 333/375/339
f 310/369/340 325/374/340 326/376/340
f 319/372/341 318/370/341 333/375/341
f 311/371/342 326/376/342 327/378/342
f 319/372/343 334/377/343 335/379/343
f 312/356/344 327/378/344 328/380/344
f 321/359/345 320/358/345 335/379/345
f 313/357/346 328/380/346 329/382/346
f 321/359/347 336/381/347 337/383/347
f 315/362/348 314/360/348 329/382/348
f 322/361/349 337/383/349 338/385/349
f 316/364/350 315/362/350 330/384/350
f 336/381/353 335/379/353 350/390/353
f 328/380/354 343/406/354 344/392/354
f 336/381/355 351/391/355 352/393/355
f 330/384/356 329/382/356 344/392/356
f 337/383/357 352/393/357 353/395/357
f 331/386/358 330/384/358 345/394/358
f 331/386/361 346/396/361 347/400/361
f 324/388/362 339/398/362 340/401/362
f 332/373/363 347/400/363 348/402/363
f 325/374/364 340/401/364 341/403/364
f 334/377/365 333/375/365 348/402/365
f 326/376/366 341/403/366 342/405/366
f 334/377/367 349/404/367 350/390/367
f 328/380/368 327/378/368 342/405/368
f 339/398/369 354/421/369 355/407/369
f 347/400/370 362/423/370 363/408/370
f 341/403/371 340/401/371 355/407/371
f 349/404/372 348/402/372 363/408/372
f 341/403/373 356/409/373 357/411/373
f 349/404/374 364/410/374 365/412/374
f 343/406/375 342/405/375 357/411/375
f 351/391/376 350/390/376 365/412/376
f 343/406/377 358/413/377 359/415/377
f 351/391/378 366/414/378 367/416/378
f 345/394/379 344/392/379 359/415/379
f 352/393/380 367/416/380 368/418/380
f 346/396/381 345/394/381 360/417/381
f 346/396/384 361/419/384 362/423/384
f 358/424/385 373/454/385 374/425/385
f 366/427/386 381/455/386 382/428/386
f 360/430/387 359/426/387 374/425/387
f 367/429/388 382/428/388 383/432/388
f 361/434/389 360/430/389 375/431/389
f 361/434/392 376/435/392 377/440/392
f 354/436/393 369/438/393 370/442/393
f 362/441/394 377/440/394 378/444/394
f 356/446/395 355/443/395 370/442/395
f 364/448/396 363/445/396 378/444/396
f 356/446/397 371/447/397 372/450/397
f 364/448/398 379/449/398 380/452/398
f 358/424/399 357/451/399 372/450/399
f 366/427/400 365/453/400 380/452/400
f 377/440/401 392/472/401 393/456/401
f 371/447/402 370/442/402 385/457/402
f 379/449/403 378/444/403 393/456/403
f 371/447/404 386/458/404 387/460/404
f 379/449/405 394/459/405 395/461/405
f 373/454/406 372/450/406 387/460/406
f 381/455/407 380/452/407 395/461/407
f 373/454/408 388/462/408 389/464/408
f 381/455/409 396/463/409 397/465/409
f 375/431/410 374/425/410 389/464/410
f 382/428/411 397/465/411 398/467/411
f 376/435/412 375/431/412 390/466/412
f 376/435/415 391/468/415 392/472/415
f 369/438/416 384/470/416 385/457/416
f 397/465/417 396/463/417 411/473/417
f 390/466/418 389/464/418 404/475/418
f 397/465/419 412/474/419 413/477/419
f 391/468/420 390/466/420 405/476/420
f 391/468/423 406/478/423 407/482/423
f 385/457/424 384/470/424 399/480/424
f 392/472/425 407/482/425 408/484/425
f 385/457/426 400/483/426 401/485/426
f 394/459/427 393/456/427 408/484/427
f 386/458/428 401/485/428 402/487/428
f 394/459/429 409/486/429 410/488/429
f 388/462/430 387/460/430 402/487/430
f 396/463/431 395/461/431 410/488/431
f 388/462/432 403/489/432 404/475/432
f 409/486/433 408/484/433 423/490/433
f 401/485/434 416/506/434 417/492/434
f 409/486/435 424/491/435 425/493/435
f 403/489/436 402/487/436 417/492/436
f 411/473/437 410/488/437 425/493/437
f 403/489/438 418/494/438 419/496/438
f 411/473/439 426/495/439 427/497/439
f 405/476/440 404/475/440 419/496/440
f 412/474/441 427/497/441 428/499/441
f 406/478/442 405/476/442 420/498/442
f 406/478/445 421/500/445 422/504/445
f 399/480/446 414/502/446 415/505/446
f 407/482/447 422/504/447 423/490/447
f 401/485/448 400/483/448 415/505/448
f 427/497/449 442/523/449 443/507/449
f 421/500/450 420/498/450 435/508/450
f 421/500/453 436/509/453 437/513/453
f 414/502/454 429/511/454 430/514/454
f 422/504/455 437/513/455 438/515/455
f 416/506/456 415/505/456 430/514/456
f 424/491/516 423/490/516 438/515/516
f 416/506/458 431/516/458 432/518/458
f 424/491/459 439/517/459 440/519/459
f 418/494/460 417/492/460 432/518/460
f 426/495/461 425/493/461 440/519/461
f 418/494/462 433/520/462 434/522/462
f 426/495/463 441/521/463 442/523/463
f 420/498/464 419/496/464 434/522/464
f 431/516/465 446/539/465 447/524/465
f 439/517/466 454/540/466 455/525/466
f 433/520/467 432/518/467 447/524/467
f 441/521/468 440/519/468 455/525/468
f 433/520/469 448/526/469 449/528/469
f 441/521/470 456/527/470 457/529/470
f 435/508/471 434/522/471 449/528/471
f 442/523/472 457/529/472 458/531/472
f 436/509/473 435/508/473 450/530/473
f 436/509/476 451/532/476 452/536/476
f 430/514/477 429/511/477 444/534/477
f 437/513/478 452/536/478 453/538/478
f 430/514/479 445/537/479 446/539/479
f 439/517/480 438/515/480 453/538/480
f 451/532/481 450/530/481 465/541/481
f 451/532/484 466/542/484 467/547/484
f 444/534/485 459/544/485 460/548/485
f 452/536/486 467/547/486 468/549/486
f 446/539/487 445/537/487 460/548/487
f 454/540/488 453/538/488 468/549/488
f 446/539/489 461/550/489 462/552/489
f 454/540/490 469/551/490 470/553/490
f 448/526/491 447/524/491 462/552/491
f 456/527/492 455/525/492 470/553/492
f 448/526/493 463/554/493 464/556/493
f 456/527/494 471/555/494 472/557/494
f 450/530/495 449/528/495 464/556/495
f 458/531/496 457/529/496 472/557/496
f 469/551/497 6/4/497 479/6/497
f 463/554/498 462/552/498 476/1/498
f 471/555/499 470/553/499 479/6/499
f 464/556/517 463/554/517 2/7/517
f 471/555/501 480/10/501 481/14/501
f 465/541/502 464/556/502 477/11/502
f 472/557/503 481/14/503 482/18/503
f 466/542/518 465/541/518 3/15/518
f 466/542/507 4/20/507 5/26/507
f 460/548/508 459/544/508 474/21/508
f 467/547/509 5/26/509 478/30/509
f 461/550/510 460/548/510 475/27/510
f 468/549/511 478/30/511 6/4/511
f 462/552/512 461/550/512 1/31/512
usemtl マテリアル.003
f 486/560/519 497/561/519 487/562/519
f 957/563/520 489/564/520 490/565/520
f 487/562/521 498/566/521 960/567/521
f 483/568/522 490/565/522 491/569/522
f 960/567/523 499/570/523 488/571/523
f 958/572/524 491/569/524 492/573/524
f 488/571/525 500/574/525 961/575/525
f 484/576/526 492/573/526 493/577/526
f 961/575/527 501/578/527 962/579/527
f 959/580/528 493/577/528 494/581/528
f 962/579/529 502/582/529 963/583/529
f 485/584/530 494/581/530 495/585/530
f 963/583/531 503/586/531 964/587/531
f 485/584/532 496/588/532 486/560/532
f 956/589/533 564/590/533 489/564/533
f 790/591/534 964/587/534 503/586/534
f 495/585/535 511/592/535 496/588/535
f 489/564/536 564/593/536 504/594/536
f 790/595/537 503/586/537 518/596/537
f 496/588/538 512/597/538 497/561/538
f 489/564/539 505/598/539 490/565/539
f 497/561/540 513/599/540 498/566/540
f 490/565/541 506/600/541 491/569/541
f 498/566/542 514/601/542 499/570/542
f 491/569/543 507/602/543 492/573/543
f 499/570/544 515/603/544 500/574/544
f 492/573/545 508/604/545 493/577/545
f 501/578/546 515/603/546 516/605/546
f 493/577/547 509/606/547 494/581/547
f 502/582/548 516/605/548 517/607/548
f 495/585/549 509/606/549 510/608/549
f 502/582/550 518/596/550 503/586/550
f 515/603/551 529/609/551 530/610/551
f 507/602/552 523/611/552 508/604/552
f 516/605/553 530/610/553 531/612/553
f 508/604/554 524/613/554 509/606/554
f 516/605/555 532/614/555 517/607/555
f 509/606/556 525/615/556 510/608/556
f 517/607/557 533/616/557 518/596/557
f 510/608/558 526/617/558 511/592/558
f 504/594/559 564/618/559 519/619/559
f 790/620/560 518/596/560 533/616/560
f 512/597/561 526/617/561 527/621/561
f 504/594/562 520/622/562 505/598/562
f 512/597/563 528/623/563 513/599/563
f 505/598/564 521/624/564 506/600/564
f 514/601/565 528/623/565 529/609/565
f 506/600/566 522/625/566 507/602/566
f 519/619/567 564/626/567 534/627/567
f 790/628/568 533/616/568 548/629/568
f 526/617/569 542/630/569 527/621/569
f 519/619/570 535/631/570 520/622/570
f 527/621/571 543/632/571 528/623/571
f 520/622/572 536/633/572 521/624/572
f 529/609/573 543/632/573 544/634/573
f 521/624/574 537/635/574 522/625/574
f 529/609/575 545/636/575 530/610/575
f 522/625/576 538/637/576 523/611/576
f 530/610/577 546/638/577 531/612/577
f 523/611/578 539/639/578 524/613/578
f 531/612/579 547/640/579 532/614/579
f 525/615/580 539/639/580 540/641/580
f 532/614/581 548/629/581 533/616/581
f 526/617/582 540/641/582 541/642/582
f 538/637/583 552/643/583 553/644/583
f 545/636/584 561/645/584 546/638/584
f 538/637/585 554/646/585 539/639/585
f 547/640/586 561/645/586 562/647/586
f 540/641/587 554/646/587 555/648/587
f 547/640/588 563/649/588 548/629/588
f 541/642/589 555/648/589 556/650/589
f 534/627/590 564/651/590 549/652/590
f 790/653/591 548/629/591 563/649/591
f 541/642/592 557/654/592 542/630/592
f 534/627/593 550/655/593 535/631/593
f 542/630/594 558/656/594 543/632/594
f 535/631/595 551/657/595 536/633/595
f 544/634/596 558/656/596 559/658/596
f 536/633/597 552/643/597 537/635/597
f 544/634/598 560/659/598 545/636/598
f 556/650/599 573/660/599 557/654/599
f 549/652/600 566/661/600 550/655/600
f 557/654/601 574/662/601 558/656/601
f 550/655/602 567/663/602 551/657/602
f 559/658/603 574/662/603 575/664/603
f 551/657/604 568/665/604 552/643/604
f 559/658/605 576/666/605 560/659/605
f 553/644/606 568/665/606 569/667/606
f 560/659/607 577/668/607 561/645/607
f 553/644/608 570/669/608 554/646/608
f 561/645/609 578/670/609 562/647/609
f 555/648/610 570/669/610 571/671/610
f 563/649/611 578/670/611 579/672/611
f 556/650/612 571/671/612 572/673/612
f 549/652/613 564/674/613 565/675/613
f 790/676/614 563/649/614 579/672/614
f 577/668/615 591/677/615 592/678/615
f 569/667/616 585/679/616 570/669/616
f 578/670/617 592/678/617 593/680/617
f 571/671/618 585/679/618 586/681/618
f 578/670/619 594/682/619 579/672/619
f 572/673/620 586/681/620 587/683/620
f 565/675/621 564/684/621 580/685/621
f 790/686/622 579/672/622 594/682/622
f 572/673/623 588/687/623 573/660/623
f 566/661/624 580/685/624 581/688/624
f 573/660/625 589/689/625 574/662/625
f 566/661/626 582/690/626 567/663/626
f 575/664/627 589/689/627 590/691/627
f 567/663/628 583/692/628 568/665/628
f 575/664/629 591/677/629 576/666/629
f 569/667/630 583/692/630 584/693/630
f 588/687/631 604/694/631 589/689/631
f 581/688/632 597/695/632 582/690/632
f 590/691/633 604/694/633 605/696/633
f 582/690/634 598/697/634 583/692/634
f 590/691/635 606/698/635 591/677/635
f 584/693/636 598/697/636 599/699/636
f 592/678/637 606/698/637 607/700/637
f 584/693/638 600/701/638 585/679/638
f 592/678/639 608/702/639 593/680/639
f 586/681/640 600/701/640 601/703/640
f 593/680/641 609/704/641 594/682/641
f 587/683/642 601/703/642 602/705/642
f 580/685/643 564/706/643 595/707/643
f 790/708/644 594/682/644 609/704/644
f 587/683/645 603/709/645 588/687/645
f 581/688/646 595/707/646 596/710/646
f 607/700/647 623/711/647 608/702/647
f 601/703/648 615/712/648 616/713/648
f 608/702/649 624/714/649 609/704/649
f 602/705/650 616/713/650 617/715/650
f 595/707/651 564/716/651 610/717/651
f 790/718/652 609/704/652 624/714/652
f 602/705/653 618/719/653 603/709/653
f 595/707/654 611/720/654 596/710/654
f 603/709/655 619/721/655 604/694/655
f 596/710/656 612/722/656 597/695/656
f 605/696/657 619/721/657 620/723/657
f 597/695/658 613/724/658 598/697/658
f 605/696/659 621/725/659 606/698/659
f 599/699/660 613/724/660 614/726/660
f 607/700/661 621/725/661 622/727/661
f 599/699/662 615/712/662 600/701/662
f 612/722/663 626/728/663 627/729/663
f 620/723/664 634/730/664 635/731/664
f 612/722/665 628/732/665 613/724/665
f 620/723/666 636/733/666 621/725/666
f 614/726/667 628/732/667 629/734/667
f 622/727/668 636/733/668 637/735/668
f 614/726/669 630/736/669 615/712/669
f 622/727/670 638/737/670 623/711/670
f 616/713/671 630/736/671 631/738/671
f 624/714/672 638/737/672 639/739/672
f 617/715/673 631/738/673 632/740/673
f 610/717/674 564/741/674 625/742/674
f 790/743/675 624/714/675 639/739/675
f 617/715/676 633/744/676 618/719/676
f 610/717/677 626/728/677 611/720/677
f 618/719/678 634/730/678 619/721/678
f 631/738/679 645/745/679 646/746/679
f 638/737/680 654/747/680 639/739/680
f 632/740/681 646/746/681 647/748/681
f 625/742/682 564/749/682 640/750/682
f 790/751/683 639/739/683 654/747/683
f 632/740/684 648/752/684 633/744/684
f 625/742/685 641/753/685 626/728/685
f 633/744/686 649/754/686 634/730/686
f 627/729/687 641/753/687 642/755/687
f 635/731/688 649/754/688 650/756/688
f 627/729/689 643/757/689 628/732/689
f 635/731/690 651/758/690 636/733/690
f 629/734/691 643/757/691 644/759/691
f 637/735/692 651/758/692 652/760/692
f 629/734/693 645/745/693 630/736/693
f 637/735/694 653/761/694 638/737/694
f 650/756/695 664/762/695 665/763/695
f 642/755/696 658/764/696 643/757/696
f 650/756/697 666/765/697 651/758/697
f 644/759/698 658/764/698 659/766/698
f 651/758/699 667/767/699 652/760/699
f 644/759/700 660/768/700 645/745/700
f 653/761/701 667/767/701 668/769/701
f 646/746/702 660/768/702 661/770/702
f 654/747/703 668/769/703 669/771/703
f 647/748/704 661/770/704 662/772/704
f 640/750/705 564/773/705 655/774/705
f 790/775/706 654/747/706 669/771/706
f 647/748/707 663/776/707 648/752/707
f 640/750/708 656/777/708 641/753/708
f 648/752/709 664/762/709 649/754/709
f 641/753/710 657/778/710 642/755/710
f 668/769/711 684/779/711 669/771/711
f 662/772/712 676/780/712 677/781/712
f 655/774/713 564/782/713 670/783/713
f 790/784/714 669/771/714 684/779/714
f 662/772/715 678/785/715 663/776/715
f 656/777/716 670/783/716 671/786/716
f 663/776/717 679/787/717 664/762/717
f 657/778/718 671/786/718 672/788/718
f 665/763/719 679/787/719 680/789/719
f 657/778/720 673/790/720 658/764/720
f 665/763/721 681/791/721 666/765/721
f 659/766/722 673/790/722 674/792/722
f 667/767/723 681/791/723 682/793/723
f 659/766/724 675/794/724 660/768/724
f 667/767/725 683/795/725 668/769/725
f 661/770/726 675/794/726 676/780/726
f 672/788/727 688/796/727 673/790/727
f 680/789/728 696/797/728 681/791/728
f 674/792/729 688/796/729 689/798/729
f 682/793/730 696/797/730 697/799/730
f 674/792/731 690/800/731 675/794/731
f 682/793/732 698/801/732 683/795/732
f 676/780/733 690/800/733 691/802/733
f 683/795/734 699/803/734 684/779/734
f 677/781/735 691/802/735 692/804/735
f 670/783/736 564/805/736 685/806/736
f 790/807/737 684/779/737 699/803/737
f 677/781/738 693/808/738 678/785/738
f 670/783/739 686/809/739 671/786/739
f 678/785/740 694/810/740 679/787/740
f 671/786/741 687/811/741 672/788/741
f 680/789/742 694/810/742 695/812/742
f 692/804/743 706/813/743 707/814/743
f 685/806/744 564/815/744 700/816/744
f 790/817/745 699/803/745 714/818/745
f 692/804/746 708/819/746 693/808/746
f 685/806/747 701/820/747 686/809/747
f 693/808/748 709/821/748 694/810/748
f 686/809/749 702/822/749 687/811/749
f 695/812/750 709/821/750 710/823/750
f 687/811/751 703/824/751 688/796/751
f 695/812/752 711/825/752 696/797/752
f 689/798/753 703/824/753 704/826/753
f 697/799/754 711/825/754 712/827/754
f 689/798/755 705/828/755 690/800/755
f 697/799/756 713/829/756 698/801/756
f 691/802/757 705/828/757 706/813/757
f 698/801/758 714/818/758 699/803/758
f 710/823/759 726/830/759 711/825/759
f 704/826/760 718/831/760 719/832/760
f 712/827/761 726/830/761 727/833/761
f 704/826/762 720/834/762 705/828/762
f 712/827/763 728/835/763 713/829/763
f 706/813/764 720/834/764 721/836/764
f 714/818/765 728/835/765 729/837/765
f 707/814/766 721/836/766 722/838/766
f 700/816/767 564/839/767 715/840/767
f 790/841/768 714/818/768 729/837/768
f 707/814/769 723/842/769 708/819/769
f 700/816/770 716/843/770 701/820/770
f 708/819/771 724/844/771 709/821/771
f 702/822/772 716/843/772 717/845/772
f 710/823/773 724/844/773 725/846/773
f 702/822/774 718/831/774 703/824/774
f 790/847/775 729/837/775 744/848/775
f 722/838/776 738/849/776 723/842/776
f 715/840/777 731/850/777 716/843/777
f 723/842/778 739/851/778 724/844/778
f 716/843/779 732/852/779 717/845/779
f 725/846/780 739/851/780 740/853/780
f 717/845/781 733/854/781 718/831/781
f 725/846/782 741/855/782 726/830/782
f 719/832/783 733/854/783 734/856/783
f 727/833/784 741/855/784 742/857/784
f 719/832/785 735/858/785 720/834/785
f 727/833/786 743/859/786 728/835/786
f 721/836/787 735/858/787 736/860/787
f 728/835/788 744/848/788 729/837/788
f 722/838/789 736/860/789 737/861/789
f 715/840/790 564/862/790 730/863/790
f 742/857/791 756/864/791 757/865/791
f 734/856/792 750/866/792 735/858/792
f 742/857/793 758/867/793 743/859/793
f 736/860/794 750/866/794 751/868/794
f 743/859/795 759/869/795 744/848/795
f 737/861/796 751/868/796 752/870/796
f 730/863/797 564/871/797 745/872/797
f 790/873/798 744/848/798 759/869/798
f 737/861/799 753/874/799 738/849/799
f 731/850/800 745/872/800 746/875/800
f 738/849/801 754/876/801 739/851/801
f 731/850/802 747/877/802 732/852/802
f 740/853/803 754/876/803 755/878/803
f 732/852/804 748/879/804 733/854/804
f 740/853/805 756/864/805 741/855/805
f 734/856/806 748/879/806 749/880/806
f 746/875/807 760/881/807 761/882/807
f 753/874/808 769/883/808 754/876/808
f 746/875/809 762/884/809 747/877/809
f 755/878/810 769/883/810 770/885/810
f 747/877/811 763/886/811 748/879/811
f 755/878/812 771/887/812 756/864/812
f 749/880/813 763/886/813 764/888/813
f 757/865/814 771/887/814 772/889/814
f 749/880/815 765/890/815 750/866/815
f 757/865/816 773/891/816 758/867/816
f 751/868/817 765/890/817 766/892/817
f 759/869/818 773/891/818 774/893/818
f 752/870/819 766/892/819 767/894/819
f 745/872/820 564/895/820 760/881/820
f 790/896/821 759/869/821 774/893/821
f 752/870/822 768/897/822 753/874/822
f 764/888/823 780/898/823 765/890/823
f 772/889/824 788/899/824 773/891/824
f 766/892/825 780/898/825 781/900/825
f 774/893/826 788/899/826 789/901/826
f 767/894/827 781/900/827 782/902/827
f 760/881/828 564/903/828 775/904/828
f 790/905/829 774/893/829 789/901/829
f 767/894/830 783/906/830 768/897/830
f 760/881/831 776/907/831 761/882/831
f 768/897/832 784/908/832 769/883/832
f 761/882/833 777/909/833 762/884/833
f 770/885/834 784/908/834 785/910/834
f 762/884/835 778/911/835 763/886/835
f 770/885/836 786/912/836 771/887/836
f 764/888/837 778/911/837 779/913/837
f 772/889/838 786/912/838 787/914/838
f 783/906/839 800/915/839 784/908/839
f 776/907/840 793/916/840 777/909/840
f 785/910/841 800/915/841 801/917/841
f 777/909/842 794/918/842 778/911/842
f 785/910/843 802/919/843 786/912/843
f 779/913/844 794/918/844 795/920/844
f 787/914/845 802/919/845 803/921/845
f 779/913/846 796/922/846 780/898/846
f 787/914/847 804/923/847 788/899/847
f 781/900/848 796/922/848 797/924/848
f 788/899/849 805/925/849 789/901/849
f 782/902/850 797/924/850 798/926/850
f 775/904/851 564/927/851 791/928/851
f 790/929/852 789/901/852 805/925/852
f 782/902/853 799/930/853 783/906/853
f 775/904/854 792/931/854 776/907/854
f 803/921/855 819/932/855 804/923/855
f 797/924/856 811/933/856 812/934/856
f 804/923/857 820/935/857 805/925/857
f 798/926/858 812/934/858 813/936/858
f 791/928/859 564/937/859 806/938/859
f 790/939/860 805/925/860 820/935/860
f 798/926/861 814/940/861 799/930/861
f 791/928/862 807/941/862 792/931/862
f 799/930/863 815/942/863 800/915/863
f 792/931/864 808/943/864 793/916/864
f 801/917/865 815/942/865 816/944/865
f 793/916/866 809/945/866 794/918/866
f 801/917/867 817/946/867 802/919/867
f 794/918/868 810/947/868 795/920/868
f 803/921/869 817/946/869 818/948/869
f 795/920/870 811/933/870 796/922/870
f 807/941/871 823/949/871 808/943/871
f 816/944/872 830/950/872 831/951/872
f 808/943/873 824/952/873 809/945/873
f 816/944/874 832/953/874 817/946/874
f 810/947/875 824/952/875 825/954/875
f 818/948/876 832/953/876 833/955/876
f 810/947/877 826/956/877 811/933/877
f 818/948/878 834/957/878 819/932/878
f 812/934/879 826/956/879 827/958/879
f 819/932/880 835/959/880 820/935/880
f 813/936/881 827/958/881 828/960/881
f 806/938/882 564/961/882 821/962/882
f 790/963/883 820/935/883 835/959/883
f 813/936/884 829/964/884 814/940/884
f 806/938/885 822/965/885 807/941/885
f 814/940/886 830/950/886 815/942/886
f 827/958/887 841/966/887 842/967/887
f 834/957/888 850/968/888 835/959/888
f 828/960/889 842/967/889 843/969/889
f 821/962/890 564/970/890 836/971/890
f 790/972/891 835/959/891 850/968/891
f 828/960/892 844/973/892 829/964/892
f 821/962/893 837/974/893 822/965/893
f 829/964/894 845/975/894 830/950/894
f 823/949/895 837/974/895 838/976/895
f 831/951/896 845/975/896 846/977/896
f 823/949/897 839/978/897 824/952/897
f 831/951/898 847/979/898 832/953/898
f 825/954/899 839/978/899 840/980/899
f 833/955/900 847/979/900 848/981/900
f 825/954/901 841/966/901 826/956/901
f 833/955/902 849/982/902 834/957/902
f 846/983/903 860/984/903 861/985/903
f 838/986/904 854/987/904 839/988/904
f 846/983/905 862/989/905 847/990/905
f 840/991/906 854/987/906 855/992/906
f 848/993/907 862/989/907 863/994/907
f 840/991/908 856/995/908 841/996/908
f 848/993/909 864/997/909 849/998/909
f 842/999/910 856/995/910 857/1000/910
f 849/998/911 865/1001/911 850/1002/911
f 843/1003/912 857/1000/912 858/1004/912
f 836/1005/913 564/1006/913 851/1007/913
f 790/1008/914 850/1002/914 865/1001/914
f 843/1003/915 859/1009/915 844/1010/915
f 836/1005/916 852/1011/916 837/1012/916
f 844/1010/917 860/984/917 845/1013/917
f 838/986/918 852/1011/918 853/1014/918
f 864/997/919 880/1015/919 865/1001/919
f 858/1004/920 872/1016/920 873/1017/920
f 851/1007/921 564/1018/921 866/1019/921
f 790/1020/922 865/1001/922 880/1015/922
f 858/1004/923 874/1021/923 859/1009/923
f 851/1007/924 867/1022/924 852/1011/924
f 859/1009/925 875/1023/925 860/984/925
f 853/1014/926 867/1022/926 868/1024/926
f 861/985/927 875/1023/927 876/1025/927
f 853/1014/928 869/1026/928 854/987/928
f 861/985/929 877/1027/929 862/989/929
f 855/992/930 869/1026/930 870/1028/930
f 863/994/931 877/1027/931 878/1029/931
f 855/992/932 871/1030/932 856/995/932
f 863/994/933 879/1031/933 864/997/933
f 857/1000/934 871/1030/934 872/1016/934
f 876/1025/935 892/1032/935 877/1027/935
f 870/1028/936 884/1033/936 885/1034/936
f 878/1029/937 892/1032/937 893/1035/937
f 870/1028/938 886/1036/938 871/1030/938
f 879/1031/939 893/1035/939 894/1037/939
f 872/1016/940 886/1036/940 887/1038/940
f 879/1031/941 895/1039/941 880/1015/941
f 873/1017/942 887/1038/942 888/1040/942
f 866/1019/943 564/1041/943 881/1042/943
f 790/1043/944 880/1015/944 895/1039/944
f 873/1017/945 889/1044/945 874/1021/945
f 867/1022/946 881/1042/946 882/1045/946
f 874/1021/947 890/1046/947 875/1023/947
f 867/1022/948 883/1047/948 868/1024/948
f 876/1025/949 890/1046/949 891/1048/949
f 868/1024/950 884/1033/950 869/1026/950
f 881/1042/951 564/1049/951 896/1050/951
f 790/1051/952 895/1039/952 910/1052/952
f 888/1040/953 904/1053/953 889/1044/953
f 881/1042/954 897/1054/954 882/1045/954
f 889/1044/955 905/1055/955 890/1046/955
f 883/1047/956 897/1054/956 898/1056/956
f 891/1048/957 905/1055/957 906/1057/957
f 883/1047/958 899/1058/958 884/1033/958
f 891/1048/959 907/1059/959 892/1032/959
f 885/1034/960 899/1058/960 900/1060/960
f 893/1035/961 907/1059/961 908/1061/961
f 885/1034/962 901/1062/962 886/1036/962
f 893/1035/963 909/1063/963 894/1037/963
f 887/1038/964 901/1062/964 902/1064/964
f 894/1037/965 910/1052/965 895/1039/965
f 888/1040/966 902/1064/966 903/1065/966
f 900/1060/967 914/1066/967 915/1067/967
f 908/1061/968 922/1068/968 923/1069/968
f 900/1060/969 916/1070/969 901/1062/969
f 908/1061/970 924/1071/970 909/1063/970
f 902/1064/971 916/1070/971 917/1072/971
f 909/1063/972 925/1073/972 910/1052/972
f 903/1065/973 917/1072/973 918/1074/973
f 896/1050/974 564/1075/974 911/1076/974
f 790/1077/975 910/1052/975 925/1073/975
f 903/1065/976 919/1078/976 904/1053/976
f 896/1050/977 912/1079/977 897/1054/977
f 904/1053/978 920/1080/978 905/1055/978
f 898/1056/979 912/1079/979 913/1081/979
f 906/1057/980 920/1080/980 921/1082/980
f 898/1056/981 914/1066/981 899/1058/981
f 906/1057/982 922/1068/982 907/1059/982
f 918/1074/983 934/1083/983 919/1078/983
f 912/1079/984 926/1084/984 927/1085/984
f 919/1078/985 935/1086/985 920/1080/985
f 912/1079/986 928/1087/986 913/1081/986
f 921/1082/987 935/1086/987 936/1088/987
f 913/1081/988 929/1089/988 914/1066/988
f 921/1082/989 937/1090/989 922/1068/989
f 915/1067/990 929/1089/990 930/1091/990
f 923/1069/991 937/1090/991 938/1092/991
f 915/1067/992 931/1093/992 916/1070/992
f 923/1069/993 939/1094/993 924/1071/993
f 917/1072/994 931/1093/994 932/1095/994
f 924/1071/995 940/1096/995 925/1073/995
f 918/1074/996 932/1095/996 933/1097/996
f 911/1076/997 564/1098/997 926/1084/997
f 790/1099/998 925/1073/998 940/1096/998
f 938/1092/999 952/1100/999 953/1101/999
f 930/1091/1000 946/1102/1000 931/1093/1000
f 938/1092/1001 954/1103/1001 939/1094/1001
f 932/1095/1002 946/1102/1002 947/1104/1002
f 940/1096/1003 954/1103/1003 955/1105/1003
f 933/1097/1004 947/1104/1004 948/1106/1004
f 926/1084/1005 564/1107/1005 941/1108/1005
f 790/1109/1006 940/1096/1006 955/1105/1006
f 933/1097/1007 949/1110/1007 934/1083/1007
f 926/1084/1008 942/1111/1008 927/1085/1008
f 934/1083/1009 950/1112/1009 935/1086/1009
f 928/1087/1010 942/1111/1010 943/1113/1010
f 936/1088/1011 950/1112/1011 951/1114/1011
f 928/1087/1012 944/1115/1012 929/1089/1012
f 936/1088/1013 952/1100/1013 937/1090/1013
f 930/1091/1014 944/1115/1014 945/1116/1014
f 942/1111/1015 956/589/1015 957/563/1015
f 949/1110/1016 960/567/1016 950/1112/1016
f 943/1113/1017 957/563/1017 483/568/1017
f 950/1112/1018 488/571/1018 951/1114/1018
f 944/1115/1019 483/568/1019 958/572/1019
f 951/1114/1020 961/575/1020 952/1100/1020
f 945/1116/1021 958/572/1021 484/576/1021
f 953/1101/1022 961/575/1022 962/579/1022
f 946/1102/1023 484/576/1023 959/580/1023
f 953/1101/1024 963/583/1024 954/1103/1024
f 947/1104/1025 959/580/1025 485/584/1025
f 954/1103/1026 964/587/1026 955/1105/1026
f 948/1106/1027 485/584/1027 486/560/1027
f 941/1108/1028 564/1117/1028 956/589/1028
f 790/1118/1029 955/1105/1029 964/587/1029
f 948/1106/1030 487/562/1030 949/1110/1030
f 486/560/519 496/588/519 497/561/519
f 957/563/520 956/589/520 489/564/520
f 487/562/521 497/561/521 498/566/521
f 483/568/522 957/563/522 490/565/522
f 960/567/523 498/566/523 499/570/523
f 958/572/524 483/568/524 491/569/524
f 488/571/525 499/570/525 500/574/525
f 484/576/526 958/572/526 492/573/526
f 961/575/527 500/574/527 501/578/527
f 959/580/528 484/576/528 493/577/528
f 962/579/529 501/578/529 502/582/529
f 485/584/530 959/580/530 494/581/530
f 963/583/531 502/582/531 503/586/531
f 485/584/532 495/585/532 496/588/532
f 495/585/535 510/608/535 511/592/535
f 496/588/538 511/592/538 512/597/538
f 489/564/539 504/594/539 505/598/539
f 497/561/540 512/597/540 513/599/540
f 490/565/541 505/598/541 506/600/541
f 498/566/542 513/599/542 514/601/542
f 491/569/543 506/600/543 507/602/543
f 499/570/544 514/601/544 515/603/544
f 492/573/545 507/602/545 508/604/545
f 501/578/546 500/574/546 515/603/546
f 493/577/547 508/604/547 509/606/547
f 502/582/548 501/578/548 516/605/548
f 495/585/549 494/581/549 509/606/549
f 502/582/550 517/607/550 518/596/550
f 515/603/551 514/601/551 529/609/551
f 507/602/552 522/625/552 523/611/552
f 516/605/553 515/603/553 530/610/553
f 508/604/554 523/611/554 524/613/554
f 516/605/555 531/612/555 532/614/555
f 509/606/556 524/613/556 525/615/556
f 517/607/557 532/614/557 533/616/557
f 510/608/558 525/615/558 526/617/558
f 512/597/561 511/592/561 526/617/561
f 504/594/562 519/619/562 520/622/562
f 512/597/563 527/621/563 528/623/563
f 505/598/564 520/622/564 521/624/564
f 514/601/565 513/599/565 528/623/565
f 506/600/566 521/624/566 522/625/566
f 526/617/569 541/642/569 542/630/569
f 519/619/570 534/627/570 535/631/570
f 527/621/571 542/630/571 543/632/571
f 520/622/572 535/631/572 536/633/572
f 529/609/573 528/623/573 543/632/573
f 521/624/574 536/633/574 537/635/574
f 529/609/575 544/634/575 545/636/575
f 522/625/576 537/635/576 538/637/576
f 530/610/577 545/636/577 546/638/577
f 523/611/578 538/637/578 539/639/578
f 531/612/579 546/638/579 547/640/579
f 525/615/580 524/613/580 539/639/580
f 532/614/1031 547/640/1031 548/629/1031
f 526/617/582 525/615/582 540/641/582
f 538/637/583 537/635/583 552/643/583
f 545/636/584 560/659/584 561/645/584
f 538/637/585 553/644/585 554/646/585
f 547/640/586 546/638/586 561/645/586
f 540/641/587 539/639/587 554/646/587
f 547/640/588 562/647/588 563/649/588
f 541/642/589 540/641/589 555/648/589
f 541/642/592 556/650/592 557/654/592
f 534/627/593 549/652/593 550/655/593
f 542/630/594 557/654/594 558/656/594
f 535/631/595 550/655/595 551/657/595
f 544/634/596 543/632/596 558/656/596
f 536/633/597 551/657/597 552/643/597
f 544/634/598 559/658/598 560/659/598
f 556/650/599 572/673/599 573/660/599
f 549/652/600 565/675/600 566/661/600
f 557/654/601 573/660/601 574/662/601
f 550/655/602 566/661/602 567/663/602
f 559/658/603 558/656/603 574/662/603
f 551/657/604 567/663/604 568/665/604
f 559/658/605 575/664/605 576/666/605
f 553/644/606 552/643/606 568/665/606
f 560/659/607 576/666/607 577/668/607
f 553/644/608 569/667/608 570/669/608
f 561/645/609 577/668/609 578/670/609
f 555/648/610 554/646/610 570/669/610
f 563/649/611 562/647/611 578/670/611
f 556/650/612 555/648/612 571/671/612
f 577/668/615 576/666/615 591/677/615
f 569/667/616 584/693/616 585/679/616
f 578/670/617 577/668/617 592/678/617
f 571/671/618 570/669/618 585/679/618
f 578/670/619 593/680/619 594/682/619
f 572/673/620 571/671/620 586/681/620
f 572/673/623 587/683/623 588/687/623
f 566/661/624 565/675/624 580/685/624
f 573/660/625 588/687/625 589/689/625
f 566/661/626 581/688/626 582/690/626
f 575/664/627 574/662/627 589/689/627
f 567/663/628 582/690/628 583/692/628
f 575/664/629 590/691/629 591/677/629
f 569/667/630 568/665/630 583/692/630
f 588/687/631 603/709/631 604/694/631
f 581/688/632 596/710/632 597/695/632
f 590/691/633 589/689/633 604/694/633
f 582/690/634 597/695/634 598/697/634
f 590/691/635 605/696/635 606/698/635
f 584/693/636 583/692/636 598/697/636
f 592/678/637 591/677/637 606/698/637
f 584/693/638 599/699/638 600/701/638
f 592/678/639 607/700/639 608/702/639
f 586/681/640 585/679/640 600/701/640
f 593/680/641 608/702/641 609/704/641
f 587/683/642 586/681/642 601/703/642
f 587/683/645 602/705/645 603/709/645
f 581/688/646 580/685/646 595/707/646
f 607/700/647 622/727/647 623/711/647
f 601/703/648 600/701/648 615/712/648
f 608/702/649 623/711/649 624/714/649
f 602/705/650 601/703/650 616/713/650
f 602/705/653 617/715/653 618/719/653
f 595/707/654 610/717/654 611/720/654
f 603/709/655 618/719/655 619/721/655
f 596/710/656 611/720/656 612/722/656
f 605/696/657 604/694/657 619/721/657
f 597/695/658 612/722/658 613/724/658
f 605/696/659 620/723/659 621/725/659
f 599/699/660 598/697/660 613/724/660
f 607/700/661 606/698/661 621/725/661
f 599/699/662 614/726/662 615/712/662
f 612/722/663 611/720/663 626/728/663
f 620/723/664 619/721/664 634/730/664
f 612/722/665 627/729/665 628/732/665
f 620/723/666 635/731/666 636/733/666
f 614/726/667 613/724/667 628/732/667
f 622/727/668 621/725/668 636/733/668
f 614/726/669 629/734/669 630/736/669
f 622/727/670 637/735/670 638/737/670
f 616/713/671 615/712/671 630/736/671
f 624/714/1032 623/711/1032 638/737/1032
f 617/715/673 616/713/673 631/738/673
f 617/715/676 632/740/676 633/744/676
f 610/717/677 625/742/677 626/728/677
f 618/719/678 633/744/678 634/730/678
f 631/738/679 630/736/679 645/745/679
f 638/737/680 653/761/680 654/747/680
f 632/740/681 631/738/681 646/746/681
f 632/740/684 647/748/684 648/752/684
f 625/742/685 640/750/685 641/753/685
f 633/744/686 648/752/686 649/754/686
f 627/729/687 626/728/687 641/753/687
f 635/731/688 634/730/688 649/754/688
f 627/729/689 642/755/689 643/757/689
f 635/731/690 650/756/690 651/758/690
f 629/734/691 628/732/691 643/757/691
f 637/735/692 636/733/692 651/758/692
f 629/734/693 644/759/693 645/745/693
f 637/735/694 652/760/694 653/761/694
f 650/756/695 649/754/695 664/762/695
f 642/755/696 657/778/696 658/764/696
f 650/756/697 665/763/697 666/765/697
f 644/759/698 643/757/698 658/764/698
f 651/758/699 666/765/699 667/767/699
f 644/759/700 659/766/700 660/768/700
f 653/761/701 652/760/701 667/767/701
f 646/746/702 645/745/702 660/768/702
f 654/747/703 653/761/703 668/769/703
f 647/748/704 646/746/704 661/770/704
f 647/748/707 662/772/707 663/776/707
f 640/750/1033 655/774/1033 656/777/1033
f 648/752/709 663/776/709 664/762/709
f 641/753/710 656/777/710 657/778/710
f 668/769/711 683/795/711 684/779/711
f 662/772/712 661/770/712 676/780/712
f 662/772/715 677/781/715 678/785/715
f 656/777/716 655/774/716 670/783/716
f 663/776/717 678/785/717 679/787/717
f 657/778/718 656/777/718 671/786/718
f 665/763/719 664/762/719 679/787/719
f 657/778/720 672/788/720 673/790/720
f 665/763/721 680/789/721 681/791/721
f 659/766/722 658/764/722 673/790/722
f 667/767/723 666/765/723 681/791/723
f 659/766/724 674/792/724 675/794/724
f 667/767/725 682/793/725 683/795/725
f 661/770/726 660/768/726 675/794/726
f 672/788/727 687/811/727 688/796/727
f 680/789/728 695/812/728 696/797/728
f 674/792/729 673/790/729 688/796/729
f 682/793/730 681/791/730 696/797/730
f 674/792/731 689/798/731 690/800/731
f 682/793/732 697/799/732 698/801/732
f 676/780/733 675/794/733 690/800/733
f 683/795/734 698/801/734 699/803/734
f 677/781/735 676/780/735 691/802/735
f 677/781/738 692/804/738 693/808/738
f 670/783/739 685/806/739 686/809/739
f 678/785/740 693/808/740 694/810/740
f 671/786/741 686/809/741 687/811/741
f 680/789/742 679/787/742 694/810/742
f 692/804/743 691/802/743 706/813/743
f 692/804/746 707/814/746 708/819/746
f 685/806/747 700/816/747 701/820/747
f 693/808/748 708/819/748 709/821/748
f 686/809/749 701/820/749 702/822/749
f 695/812/750 694/810/750 709/821/750
f 687/811/751 702/822/751 703/824/751
f 695/812/752 710/823/752 711/825/752
f 689/798/753 688/796/753 703/824/753
f 697/799/754 696/797/754 711/825/754
f 689/798/755 704/826/755 705/828/755
f 697/799/756 712/827/756 713/829/756
f 691/802/757 690/800/757 705/828/757
f 698/801/758 713/829/758 714/818/758
f 710/823/759 725/846/759 726/830/759
f 704/826/760 703/824/760 718/831/760
f 712/827/761 711/825/761 726/830/761
f 704/826/762 719/832/762 720/834/762
f 712/827/763 727/833/763 728/835/763
f 706/813/764 705/828/764 720/834/764
f 714/818/765 713/829/765 728/835/765
f 707/814/766 706/813/766 721/836/766
f 707/814/769 722/838/769 723/842/769
f 700/816/770 715/840/770 716/843/770
f 708/819/771 723/842/771 724/844/771
f 702/822/772 701/820/772 716/843/772
f 710/823/773 709/821/773 724/844/773
f 702/822/774 717/845/774 718/831/774
f 722/838/776 737/861/776 738/849/776
f 715/840/777 730/863/777 731/850/777
f 723/842/778 738/849/778 739/851/778
f 716/843/779 731/850/779 732/852/779
f 725/846/780 724/844/780 739/851/780
f 717/845/781 732/852/781 733/854/781
f 725/846/782 740/853/782 741/855/782
f 719/832/783 718/831/783 733/854/783
f 727/833/784 726/830/784 741/855/784
f 719/832/785 734/856/785 735/858/785
f 727/833/786 742/857/786 743/859/786
f 721/836/787 720/834/787 735/858/787
f 728/835/788 743/859/788 744/848/788
f 722/838/789 721/836/789 736/860/789
f 742/857/791 741/855/791 756/864/791
f 734/856/792 749/880/792 750/866/792
f 742/857/793 757/865/793 758/867/793
f 736/860/794 735/858/794 750/866/794
f 743/859/795 758/867/795 759/869/795
f 737/861/796 736/860/796 751/868/796
f 737/861/799 752/870/799 753/874/799
f 731/850/800 730/863/800 745/872/800
f 738/849/801 753/874/801 754/876/801
f 731/850/802 746/875/802 747/877/802
f 740/853/803 739/851/803 754/876/803
f 732/852/804 747/877/804 748/879/804
f 740/853/805 755/878/805 756/864/805
f 734/856/806 733/854/806 748/879/806
f 746/875/807 745/872/807 760/881/807
f 753/874/808 768/897/808 769/883/808
f 746/875/809 761/882/809 762/884/809
f 755/878/810 754/876/810 769/883/810
f 747/877/811 762/884/811 763/886/811
f 755/878/812 770/885/812 771/887/812
f 749/880/813 748/879/813 763/886/813
f 757/865/814 756/864/814 771/887/814
f 749/880/815 764/888/815 765/890/815
f 757/865/816 772/889/816 773/891/816
f 751/868/817 750/866/817 765/890/817
f 759/869/818 758/867/818 773/891/818
f 752/870/819 751/868/819 766/892/819
f 752/870/822 767/894/822 768/897/822
f 764/888/823 779/913/823 780/898/823
f 772/889/824 787/914/824 788/899/824
f 766/892/825 765/890/825 780/898/825
f 774/893/826 773/891/826 788/899/826
f 767/894/827 766/892/827 781/900/827
f 767/894/830 782/902/830 783/906/830
f 760/881/831 775/904/831 776/907/831
f 768/897/832 783/906/832 784/908/832
f 761/882/833 776/907/833 777/909/833
f 770/885/834 769/883/834 784/908/834
f 762/884/835 777/909/835 778/911/835
f 770/885/836 785/910/836 786/912/836
f 764/888/837 763/886/837 778/911/837
f 772/889/1034 771/887/1034 786/912/1034
f 783/906/839 799/930/839 800/915/839
f 776/907/840 792/931/840 793/916/840
f 785/910/841 784/908/841 800/915/841
f 777/909/842 793/916/842 794/918/842
f 785/910/843 801/917/843 802/919/843
f 779/913/844 778/911/844 794/918/844
f 787/914/845 786/912/845 802/919/845
f 779/913/846 795/920/846 796/922/846
f 787/914/847 803/921/847 804/923/847
f 781/900/848 780/898/848 796/922/848
f 788/899/849 804/923/849 805/925/849
f 782/902/850 781/900/850 797/924/850
f 782/902/853 798/926/853 799/930/853
f 775/904/854 791/928/854 792/931/854
f 803/921/855 818/948/855 819/932/855
f 797/924/856 796/922/856 811/933/856
f 804/923/857 819/932/857 820/935/857
f 798/926/858 797/924/858 812/934/858
f 798/926/861 813/936/861 814/940/861
f 791/928/862 806/938/862 807/941/862
f 799/930/863 814/940/863 815/942/863
f 792/931/864 807/941/864 808/943/864
f 801/917/865 800/915/865 815/942/865
f 793/916/866 808/943/866 809/945/866
f 801/917/867 816/944/867 817/946/867
f 794/918/868 809/945/868 810/947/868
f 803/921/1035 802/919/1035 817/946/1035
f 795/920/870 810/947/870 811/933/870
f 807/941/871 822/965/871 823/949/871
f 816/944/872 815/942/872 830/950/872
f 808/943/873 823/949/873 824/952/873
f 816/944/874 831/951/874 832/953/874
f 810/947/875 809/945/875 824/952/875
f 818/948/876 817/946/876 832/953/876
f 810/947/877 825/954/877 826/956/877
f 818/948/878 833/955/878 834/957/878
f 812/934/879 811/933/879 826/956/879
f 819/932/880 834/957/880 835/959/880
f 813/936/881 812/934/881 827/958/881
f 813/936/884 828/960/884 829/964/884
f 806/938/885 821/962/885 822/965/885
f 814/940/886 829/964/886 830/950/886
f 827/958/887 826/956/887 841/966/887
f 834/957/888 849/982/888 850/968/888
f 828/960/889 827/958/889 842/967/889
f 828/960/892 843/969/892 844/973/892
f 821/962/893 836/971/893 837/974/893
f 829/964/894 844/973/894 845/975/894
f 823/949/895 822/965/895 837/974/895
f 831/951/896 830/950/896 845/975/896
f 823/949/897 838/976/897 839/978/897
f 831/951/898 846/977/898 847/979/898
f 825/954/899 824/952/899 839/978/899
f 833/955/900 832/953/900 847/979/900
f 825/954/901 840/980/901 841/966/901
f 833/955/902 848/981/902 849/982/902
f 846/983/903 845/1013/903 860/984/903
f 838/986/904 853/1014/904 854/987/904
f 846/983/905 861/985/905 862/989/905
f 840/991/906 839/988/906 854/987/906
f 848/993/907 847/990/907 862/989/907
f 840/991/908 855/992/908 856/995/908
f 848/993/909 863/994/909 864/997/909
f 842/999/910 841/996/910 856/995/910
f 849/998/911 864/997/911 865/1001/911
f 843/1003/912 842/999/912 857/1000/912
f 843/1003/915 858/1004/915 859/1009/915
f 836/1005/916 851/1007/916 852/1011/916
f 844/1010/917 859/1009/917 860/984/917
f 838/986/918 837/1012/918 852/1011/918
f 864/997/919 879/1031/919 880/1015/919
f 858/1004/920 857/1000/920 872/1016/920
f 858/1004/923 873/1017/923 874/1021/923
f 851/1007/1036 866/1019/1036 867/1022/1036
f 859/1009/925 874/1021/925 875/1023/925
f 853/1014/926 852/1011/926 867/1022/926
f 861/985/927 860/984/927 875/1023/927
f 853/1014/928 868/1024/928 869/1026/928
f 861/985/929 876/1025/929 877/1027/929
f 855/992/930 854/987/930 869/1026/930
f 863/994/1037 862/989/1037 877/1027/1037
f 855/992/932 870/1028/932 871/1030/932
f 863/994/933 878/1029/933 879/1031/933
f 857/1000/934 856/995/934 871/1030/934
f 876/1025/935 891/1048/935 892/1032/935
f 870/1028/936 869/1026/936 884/1033/936
f 878/1029/937 877/1027/937 892/1032/937
f 870/1028/938 885/1034/938 886/1036/938
f 879/1031/939 878/1029/939 893/1035/939
f 872/1016/940 871/1030/940 886/1036/940
f 879/1031/941 894/1037/941 895/1039/941
f 873/1017/942 872/1016/942 887/1038/942
f 873/1017/945 888/1040/945 889/1044/945
f 867/1022/946 866/1019/946 881/1042/946
f 874/1021/947 889/1044/947 890/1046/947
f 867/1022/948 882/1045/948 883/1047/948
f 876/1025/949 875/1023/949 890/1046/949
f 868/1024/950 883/1047/950 884/1033/950
f 888/1040/953 903/1065/953 904/1053/953
f 881/1042/954 896/1050/954 897/1054/954
f 889/1044/955 904/1053/955 905/1055/955
f 883/1047/956 882/1045/956 897/1054/956
f 891/1048/957 890/1046/957 905/1055/957
f 883/1047/958 898/1056/958 899/1058/958
f 891/1048/959 906/1057/959 907/1059/959
f 885/1034/960 884/1033/960 899/1058/960
f 893/1035/961 892/1032/961 907/1059/961
f 885/1034/962 900/1060/962 901/1062/962
f 893/1035/963 908/1061/963 909/1063/963
f 887/1038/964 886/1036/964 901/1062/964
f 894/1037/965 909/1063/965 910/1052/965
f 888/1040/966 887/1038/966 902/1064/966
f 900/1060/967 899/1058/967 914/1066/967
f 908/1061/968 907/1059/968 922/1068/968
f 900/1060/969 915/1067/969 916/1070/969
f 908/1061/970 923/1069/970 924/1071/970
f 902/1064/971 901/1062/971 916/1070/971
f 909/1063/972 924/1071/972 925/1073/972
f 903/1065/973 902/1064/973 917/1072/973
f 903/1065/976 918/1074/976 919/1078/976
f 896/1050/977 911/1076/977 912/1079/977
f 904/1053/978 919/1078/978 920/1080/978
f 898/1056/979 897/1054/979 912/1079/979
f 906/1057/980 905/1055/980 920/1080/980
f 898/1056/981 913/1081/981 914/1066/981
f 906/1057/982 921/1082/982 922/1068/982
f 918/1074/983 933/1097/983 934/1083/983
f 912/1079/984 911/1076/984 926/1084/984
f 919/1078/985 934/1083/985 935/1086/985
f 912/1079/986 927/1085/986 928/1087/986
f 921/1082/987 920/1080/987 935/1086/987
f 913/1081/988 928/1087/988 929/1089/988
f 921/1082/989 936/1088/989 937/1090/989
f 915/1067/990 914/1066/990 929/1089/990
f 923/1069/991 922/1068/991 937/1090/991
f 915/1067/992 930/1091/992 931/1093/992
f 923/1069/993 938/1092/993 939/1094/993
f 917/1072/994 916/1070/994 931/1093/994
f 924/1071/995 939/1094/995 940/1096/995
f 918/1074/996 917/1072/996 932/1095/996
f 938/1092/999 937/1090/999 952/1100/999
f 930/1091/1000 945/1116/1000 946/1102/1000
f 938/1092/1001 953/1101/1001 954/1103/1001
f 932/1095/1002 931/1093/1002 946/1102/1002
f 940/1096/1003 939/1094/1003 954/1103/1003
f 933/1097/1004 932/1095/1004 947/1104/1004
f 933/1097/1007 948/1106/1007 949/1110/1007
f 926/1084/1008 941/1108/1008 942/1111/1008
f 934/1083/1009 949/1110/1009 950/1112/1009
f 928/1087/1010 927/1085/1010 942/1111/1010
f 936/1088/1011 935/1086/1011 950/1112/1011
f 928/1087/1012 943/1113/1012 944/1115/1012
f 936/1088/1013 951/1114/1013 952/1100/1013
f 930/1091/1014 929/1089/1014 944/1115/1014
f 942/1111/1015 941/1108/1015 956/589/1015
f 949/1110/1016 487/562/1016 960/567/1016
f 943/1113/1017 942/1111/1017 957/563/1017
f 950/1112/1018 960/567/1018 488/571/1018
f 944/1115/1019 943/1113/1019 483/568/1019
f 951/1114/1020 488/571/1020 961/575/1020
f 945/1116/1021 944/1115/1021 958/572/1021
f 953/1101/1022 952/1100/1022 961/575/1022
f 946/1102/1023 945/1116/1023 484/576/1023
f 953/1101/1024 962/579/1024 963/583/1024
f 947/1104/1025 946/1102/1025 959/580/1025
f 954/1103/1026 963/583/1026 964/587/1026
f 948/1106/1027 947/1104/1027 485/584/1027
f 948/1106/1030 486/560/1030 487/562/1030
usemtl マテリアル.002
f 966/1119/1038 967/1120/1038 965/1121/1038
f 968/1122/1039 969/1123/1039 967/1120/1039
f 970/1124/1040 971/1125/1040 969/1123/1040
f 972/1126/1041 973/1127/1041 971/1125/1041
f 974/1128/1042 975/1129/1042 973/1127/1042
f 976/1130/1043 977/1131/1043 975/1129/1043
f 978/1132/1044 979/1133/1044 977/1131/1044
f 980/1134/1045 981/1135/1045 979/1133/1045
f 982/1136/1046 983/1137/1046 981/1135/1046
f 984/1138/1047 985/1139/1047 983/1137/1047
f 986/1140/1048 987/1141/1048 985/1139/1048
f 988/1142/1049 989/1143/1049 987/1141/1049
f 990/1144/1050 991/1145/1050 989/1143/1050
f 992/1146/1051 993/1147/1051 991/1145/1051
f 994/1148/1052 995/1149/1052 993/1147/1052
f 996/1150/1053 997/1151/1053 995/1149/1053
f 998/1152/1054 999/1153/1054 997/1151/1054
f 1000/1154/1055 1001/1155/1055 999/1153/1055
f 1002/1156/1056 1003/1157/1056 1001/1155/1056
f 1004/1158/1057 1005/1159/1057 1003/1157/1057
f 1006/1160/1058 1007/1161/1058 1005/1159/1058
f 1008/1162/1059 1009/1163/1059 1007/1161/1059
f 1010/1164/1060 1011/1165/1060 1009/1163/1060
f 1012/1166/1061 1013/1167/1061 1011/1165/1061
f 1014/1168/1062 1015/1169/1062 1013/1167/1062
f 1016/1170/1063 1017/1171/1063 1015/1169/1063
f 1018/1172/1064 1019/1173/1064 1017/1171/1064
f 1020/1174/1065 1021/1175/1065 1019/1173/1065
f 1022/1176/1066 1023/1177/1066 1021/1175/1066
f 1024/1178/1067 1025/1179/1067 1023/1177/1067
f 1002/1180/1068 986/1181/1068 970/1182/1068
f 1026/1183/1069 1027/1184/1069 1025/1179/1069
f 1028/1185/1070 965/1186/1070 1027/1184/1070
f 995/1187/1071 1011/1188/1071 1027/1189/1071
f 966/1119/1072 968/1122/1072 967/1120/1072
f 968/1122/1039 970/1124/1039 969/1123/1039
f 970/1124/1040 972/1126/1040 971/1125/1040
f 972/1126/1041 974/1128/1041 973/1127/1041
f 974/1128/1042 976/1130/1042 975/1129/1042
f 976/1130/1043 978/1132/1043 977/1131/1043
f 978/1132/1044 980/1134/1044 979/1133/1044
f 980/1134/1045 982/1136/1045 981/1135/1045
f 982/1136/1046 984/1138/1046 983/1137/1046
f 984/1138/1047 986/1140/1047 985/1139/1047
f 986/1140/1048 988/1142/1048 987/1141/1048
f 988/1142/1049 990/1144/1049 989/1143/1049
f 990/1144/1050 992/1146/1050 991/1145/1050
f 992/1146/1051 994/1148/1051 993/1147/1051
f 994/1148/1052 996/1150/1052 995/1149/1052
f 996/1150/1053 998/1152/1053 997/1151/1053
f 998/1152/1073 1000/1154/1073 999/1153/1073
f 1000/1154/1055 1002/1156/1055 1001/1155/1055
f 1002/1156/1056 1004/1158/1056 1003/1157/1056
f 1004/1158/1057 1006/1160/1057 1005/1159/1057
f 1006/1160/1058 1008/1162/1058 1007/1161/1058
f 1008/1162/1059 1010/1164/1059 1009/1163/1059
f 1010/1164/1060 1012/1166/1060 1011/1165/1060
f 1012/1166/1061 1014/1168/1061 1013/1167/1061
f 1014/1168/1062 1016/1170/1062 1015/1169/1062
f 1016/1170/1063 1018/1172/1063 1017/1171/1063
f 1018/1172/1064 1020/1174/1064 1019/1173/1064
f 1020/1174/1065 1022/1176/1065 1021/1175/1065
f 1022/1176/1066 1024/1178/1066 1023/1177/1066
f 1024/1178/1067 1026/1183/1067 1025/1179/1067
f 970/1182/1068 968/1190/1068 966/1191/1068
f 966/1191/1068 1028/1192/1068 970/1182/1068
f 1028/1192/1068 1026/1193/1068 970/1182/1068
f 1026/1193/1068 1024/1194/1068 1022/1195/1068
f 1022/1195/1068 1020/1196/1068 1018/1197/1068
f 1018/1197/1068 1016/1198/1068 1014/1199/1068
f 1014/1199/1068 1012/1200/1068 1018/1197/1068
f 1012/1200/1068 1010/1201/1068 1018/1197/1068
f 1010/1201/1068 1008/1202/1068 1006/1203/1068
f 1006/1203/1068 1004/1204/1068 1002/1180/1068
f 1002/1180/1068 1000/1205/1068 994/1206/1068
f 1000/1205/1068 998/1207/1068 994/1206/1068
f 998/1207/1068 996/1208/1068 994/1206/1068
f 994/1206/1068 992/1209/1068 990/1210/1068
f 990/1210/1068 988/1211/1068 986/1181/1068
f 986/1181/1068 984/1212/1068 978/1213/1068
f 984/1212/1068 982/1214/1068 978/1213/1068
f 982/1214/1068 980/1215/1068 978/1213/1068
f 978/1213/1068 976/1216/1068 974/1217/1068
f 974/1217/1068 972/1218/1068 970/1182/1068
f 1026/1193/1068 1022/1195/1068 970/1182/1068
f 1022/1195/1068 1018/1197/1068 970/1182/1068
f 1010/1201/1068 1006/1203/1068 1018/1197/1068
f 1006/1203/1068 1002/1180/1068 1018/1197/1068
f 994/1206/1068 990/1210/1068 1002/1180/1068
f 990/1210/1068 986/1181/1068 1002/1180/1068
f 978/1213/1068 974/1217/1068 986/1181/1068
f 974/1217/1068 970/1182/1068 986/1181/1068
f 970/1182/1068 1018/1197/1068 1002/1180/1068
f 1026/1183/1069 1028/1185/1069 1027/1184/1069
f 1028/1185/1070 966/1219/1070 965/1186/1070
f 1027/1189/1071 965/1220/1071 967/1221/1071
f 967/1221/1074 969/1222/1074 971/1223/1074
f 971/1223/1071 973/1224/1071 975/1225/1071
f 975/1225/1071 977/1226/1071 979/1227/1071
f 979/1227/1071 981/1228/1071 983/1229/1071
f 983/1229/1075 985/1230/1075 987/1231/1075
f 987/1231/1071 989/1232/1071 991/1233/1071
f 991/1233/1071 993/1234/1071 995/1187/1071
f 995/1187/1074 997/1235/1074 999/1236/1074
f 999/1236/1071 1001/1237/1071 1003/1238/1071
f 1003/1238/1074 1005/1239/1074 1007/1240/1074
f 1007/1240/1071 1009/1241/1071 1011/1188/1071
f 1011/1188/1074 1013/1242/1074 1015/1243/1074
f 1015/1243/1075 1017/1244/1075 1019/1245/1075
f 1019/1245/1071 1021/1246/1071 1023/1247/1071
f 1023/1247/1074 1025/1248/1074 1027/1189/1074
f 1027/1189/1071 967/1221/1071 979/1227/1071
f 967/1221/1071 971/1223/1071 979/1227/1071
f 971/1223/1071 975/1225/1071 979/1227/1071
f 979/1227/1071 983/1229/1071 995/1187/1071
f 983/1229/1071 987/1231/1071 995/1187/1071
f 987/1231/1071 991/1233/1071 995/1187/1071
f 995/1187/1071 999/1236/1071 1011/1188/1071
f 999/1236/1071 1003/1238/1071 1011/1188/1071
f 1003/1238/1071 1007/1240/1071 1011/1188/1071
f 1011/1188/1071 1015/1243/1071 1027/1189/1071
f 1015/1243/1071 1019/1245/1071 1027/1189/1071
f 1019/1245/1071 1023/1247/1071 1027/1189/1071
f 1027/1189/1071 979/1227/1071 995/1187/1071
usemtl マテリアル.004
f 1030/1249/1076 1031/1250/1076 1029/1251/1076
f 1032/1252/1077 1033/1253/1077 1031/1250/1077
f 1034/1254/1078 1035/1255/1078 1033/1253/1078
f 1036/1256/1079 1037/1257/1079 1035/1255/1079
f 1038/1258/1080 1039/1259/1080 1037/1257/1080
f 1040/1260/1081 1041/1261/1081 1039/1259/1081
f 1042/1262/1082 1043/1263/1082 1041/1261/1082
f 1044/1264/1083 1045/1265/1083 1043/1263/1083
f 1046/1266/1084 1047/1267/1084 1045/1265/1084
f 1048/1268/1085 1049/1269/1085 1047/1267/1085
f 1050/1270/1086 1051/1271/1086 1049/1269/1086
f 1052/1272/1087 1053/1273/1087 1051/1271/1087
f 1054/1274/1088 1055/1275/1088 1053/1273/1088
f 1056/1276/1089 1057/1277/1089 1055/1275/1089
f 1058/1278/1090 1059/1279/1090 1057/1277/1090
f 1060/1280/1091 1061/1281/1091 1059/1279/1091
f 1062/1282/1092 1063/1283/1092 1061/1281/1092
f 1064/1284/1093 1065/1285/1093 1063/1283/1093
f 1066/1286/1094 1067/1287/1094 1065/1285/1094
f 1068/1288/1095 1069/1289/1095 1067/1287/1095
f 1070/1290/1096 1071/1291/1096 1069/1289/1096
f 1072/1292/1097 1073/1293/1097 1071/1291/1097
f 1074/1294/1098 1075/1295/1098 1073/1293/1098
f 1076/1296/1099 1077/1297/1099 1075/1295/1099
f 1078/1298/1100 1079/1299/1100 1077/1297/1100
f 1080/1300/1101 1081/1301/1101 1079/1299/1101
f 1082/1302/1102 1083/1303/1102 1081/1301/1102
f 1084/1304/1103 1085/1305/1103 1083/1303/1103
f 1086/1306/1104 1087/1307/1104 1085/1305/1104
f 1088/1308/1105 1089/1309/1105 1087/1307/1105
f 1066/1310/1106 1050/1311/1106 1034/1312/1106
f 1090/1313/1107 1091/1314/1107 1089/1309/1107
f 1092/1315/1108 1029/1316/1108 1091/1314/1108
f 1059/1317/1109 1075/1318/1109 1091/1319/1109
f 1030/1249/1076 1032/1252/1076 1031/1250/1076
f 1032/1252/1077 1034/1254/1077 1033/1253/1077
f 1034/1254/1078 1036/1256/1078 1035/1255/1078
f 1036/1256/1079 1038/1258/1079 1037/1257/1079
f 1038/1258/1080 1040/1260/1080 1039/1259/1080
f 1040/1260/1081 1042/1262/1081 1041/1261/1081
f 1042/1262/1082 1044/1264/1082 1043/1263/1082
f 1044/1264/1083 1046/1266/1083 1045/1265/1083
f 1046/1266/1084 1048/1268/1084 1047/1267/1084
f 1048/1268/1085 1050/1270/1085 1049/1269/1085
f 1050/1270/1086 1052/1272/1086 1051/1271/1086
f 1052/1272/1087 1054/1274/1087 1053/1273/1087
f 1054/1274/1110 1056/1276/1110 1055/1275/1110
f 1056/1276/1089 1058/1278/1089 1057/1277/1089
f 1058/1278/1111 1060/1280/1111 1059/1279/1111
f 1060/1280/1091 1062/1282/1091 1061/1281/1091
f 1062/1282/1092 1064/1284/1092 1063/1283/1092
f 1064/1284/1093 1066/1286/1093 1065/1285/1093
f 1066/1286/1094 1068/1288/1094 1067/1287/1094
f 1068/1288/1095 1070/1290/1095 1069/1289/1095
f 1070/1290/1096 1072/1292/1096 1071/1291/1096
f 1072/1292/1097 1074/1294/1097 1073/1293/1097
f 1074/1294/1098 1076/1296/1098 1075/1295/1098
f 1076/1296/1099 1078/1298/1099 1077/1297/1099
f 1078/1298/1100 1080/1300/1100 1079/1299/1100
f 1080/1300/1101 1082/1302/1101 1081/1301/1101
f 1082/1302/1102 1084/1304/1102 1083/1303/1102
f 1084/1304/1103 1086/1306/1103 1085/1305/1103
f 1086/1306/1112 1088/1308/1112 1087/1307/1112
f 1088/1308/1105 1090/1313/1105 1089/1309/1105
f 1034/1312/1106 1032/1320/1106 1030/1321/1106
f 1030/1321/1106 1092/1322/1106 1034/1312/1106
f 1092/1322/1106 1090/1323/1106 1034/1312/1106
f 1090/1323/1106 1088/1324/1106 1086/1325/1106
f 1086/1325/1106 1084/1326/1106 1082/1327/1106
f 1082/1327/1106 1080/1328/1106 1078/1329/1106
f 1078/1329/1106 1076/1330/1106 1082/1327/1106
f 1076/1330/1106 1074/1331/1106 1082/1327/1106
f 1074/1331/1106 1072/1332/1106 1070/1333/1106
f 1070/1333/1106 1068/1334/1106 1066/1310/1106
f 1066/1310/1106 1064/1335/1106 1058/1336/1106
f 1064/1335/1106 1062/1337/1106 1058/1336/1106
f 1062/1337/1106 1060/1338/1106 1058/1336/1106
f 1058/1336/1106 1056/1339/1106 1054/1340/1106
f 1054/1340/1106 1052/1341/1106 1050/1311/1106
f 1050/1311/1106 1048/1342/1106 1042/1343/1106
f 1048/1342/1106 1046/1344/1106 1042/1343/1106
f 1046/1344/1106 1044/1345/1106 1042/1343/1106
f 1042/1343/1106 1040/1346/1106 1038/1347/1106
f 1038/1347/1106 1036/1348/1106 1034/1312/1106
f 1090/1323/1106 1086/1325/1106 1034/1312/1106
f 1086/1325/1106 1082/1327/1106 1034/1312/1106
f 1074/1331/1106 1070/1333/1106 1082/1327/1106
f 1070/1333/1106 1066/1310/1106 1082/1327/1106
f 1058/1336/1106 1054/1340/1106 1066/1310/1106
f 1054/1340/1106 1050/1311/1106 1066/1310/1106
f 1042/1343/1106 1038/1347/1106 1050/1311/1106
f 1038/1347/1106 1034/1312/1106 1050/1311/1106
f 1034/1312/1106 1082/1327/1106 1066/1310/1106
f 1090/1313/1113 1092/1315/1113 1091/1314/1113
f 1092/1315/1108 1030/1349/1108 1029/1316/1108
f 1091/1319/1109 1029/1350/1109 1031/1351/1109
f 1031/1351/1109 1033/1352/1109 1035/1353/1109
f 1035/1353/1109 1037/1354/1109 1039/1355/1109
f 1039/1355/1109 1041/1356/1109 1043/1357/1109
f 1043/1357/1114 1045/1358/1114 1047/1359/1114
f 1047/1359/1114 1049/1360/1114 1051/1361/1114
f 1051/1361/1114 1053/1362/1114 1055/1363/1114
f 1055/1363/1109 1057/1364/1109 1059/1317/1109
f 1059/1317/1109 1061/1365/1109 1063/1366/1109
f 1063/1366/1109 1065/1367/1109 1067/1368/1109
f 1067/1368/1115 1069/1369/1115 1071/1370/1115
f 1071/1370/1114 1073/1371/1114 1075/1318/1114
f 1075/1318/1116 1077/1372/1116 1079/1373/1116
f 1079/1373/1109 1081/1374/1109 1083/1375/1109
f 1083/1375/1109 1085/1376/1109 1087/1377/1109
f 1087/1377/1116 1089/1378/1116 1091/1319/1116
f 1091/1319/1109 1031/1351/1109 1043/1357/1109
f 1031/1351/1109 1035/1353/1109 1043/1357/1109
f 1035/1353/1109 1039/1355/1109 1043/1357/1109
f 1043/1357/1109 1047/1359/1109 1059/1317/1109
f 1047/1359/1109 1051/1361/1109 1059/1317/1109
f 1051/1361/1109 1055/1363/1109 1059/1317/1109
f 1059/1317/1109 1063/1366/1109 1075/1318/1109
f 1063/1366/1109 1067/1368/1109 1075/1318/1109
f 1067/1368/1109 1071/1370/1109 1075/1318/1109
f 1075/1318/1109 1079/1373/1109 1091/1319/1109
f 1079/1373/1109 1083/1375/1109 1091/1319/1109
f 1083/1375/1109 1087/1377/1109 1091/1319/1109
f 1091/1319/1109 1043/1357/1109 1059/1317/1109
