# Blender 4.4.1
# www.blender.org
mtllib GameOver.mtl
o テキスト.001
v -5.122981 -0.670410 0.003537
v -5.101228 -0.683196 0.003314
v -5.079522 -0.695041 0.003107
v -5.057838 -0.705911 0.002917
v -5.036156 -0.715775 0.002745
v -5.014449 -0.724600 0.002591
v -4.992696 -0.732354 0.002456
v -4.970873 -0.739004 0.002340
v -4.948957 -0.744518 0.002243
v -4.926925 -0.748863 0.002168
v -4.904754 -0.752007 0.002113
v -4.882419 -0.753917 0.002079
v -4.859899 -0.754561 0.002068
v -4.825095 -0.753070 0.002094
v -4.792747 -0.748609 0.002172
v -4.762866 -0.741193 0.002301
v -4.735463 -0.730839 0.002482
v -4.710551 -0.717564 0.002714
v -4.688141 -0.701382 0.002996
v -4.668244 -0.682312 0.003329
v -4.650872 -0.660368 0.003712
v -4.636038 -0.635567 0.004145
v -4.623751 -0.607926 0.004628
v -4.614024 -0.577460 0.005159
v -4.606870 -0.544185 0.005740
v -5.136386 -0.544185 0.005740
v -5.133765 -0.482270 0.006821
v -5.126030 -0.425853 0.007806
v -5.113372 -0.374911 0.008695
v -5.095984 -0.329424 0.009489
v -5.074058 -0.289369 0.010188
v -5.047784 -0.254725 0.010793
v -5.017357 -0.225470 0.011303
v -4.982968 -0.201582 0.011720
v -4.944808 -0.183041 0.012044
v -4.903069 -0.169824 0.012275
v -4.857945 -0.161910 0.012413
v -4.809628 -0.159276 0.012459
v -4.759054 -0.162220 0.012407
v -4.711414 -0.170877 0.012256
v -4.666985 -0.184989 0.012010
v -4.626046 -0.204295 0.011673
v -4.588879 -0.228536 0.011250
v -4.555761 -0.257452 0.010745
v -4.526972 -0.290783 0.010163
v -4.502790 -0.328269 0.009509
v -4.483498 -0.369652 0.008787
v -4.469371 -0.414670 0.008001
v -4.460690 -0.463065 0.007156
v -4.457734 -0.514577 0.006257
v -4.460441 -0.562498 0.005420
v -4.468501 -0.609260 0.004604
v -4.481821 -0.654291 0.003818
v -4.500308 -0.697018 0.003072
v -4.523869 -0.736865 0.002377
v -4.552410 -0.773261 0.001742
v -4.585838 -0.805630 0.001177
v -4.624061 -0.833401 0.000692
v -4.666984 -0.855998 0.000297
v -4.714516 -0.872850 0.000003
v -4.766563 -0.883381 -0.000181
v -4.823032 -0.887019 -0.000244
v -4.853959 -0.886465 -0.000234
v -4.883186 -0.884797 -0.000205
v -4.910902 -0.882003 -0.000156
v -4.937290 -0.878073 -0.000088
v -4.962538 -0.872996 0.000001
v -4.986832 -0.866761 0.000110
v -5.010357 -0.859357 0.000239
v -5.033301 -0.850773 0.000389
v -5.055849 -0.840999 0.000559
v -5.078187 -0.830024 0.000751
v -5.100503 -0.817837 0.000964
v -5.122981 -0.804427 0.001198
v -4.610221 -0.452244 0.007345
v -4.616259 -0.425598 0.007810
v -4.624310 -0.401013 0.008239
v -4.634362 -0.378539 0.008632
v -4.646404 -0.358224 0.008986
v -4.660425 -0.340116 0.009302
v -4.676412 -0.324265 0.009579
v -4.694354 -0.310719 0.009815
v -4.714239 -0.299527 0.010011
v -4.736056 -0.290737 0.010164
v -4.759793 -0.284398 0.010275
v -4.785439 -0.280559 0.010342
v -4.812980 -0.279268 0.010364
v -4.838522 -0.280648 0.010340
v -4.862319 -0.284723 0.010269
v -4.884300 -0.291394 0.010153
v -4.904396 -0.300566 0.009993
v -4.922538 -0.312140 0.009791
v -4.938655 -0.326018 0.009548
v -4.952677 -0.342105 0.009267
v -4.964535 -0.360302 0.008950
v -4.974158 -0.380511 0.008597
v -4.981477 -0.402637 0.008211
v -4.986423 -0.426580 0.007793
v -4.988926 -0.452244 0.007345
v -4.313624 -0.207585 0.011615
v -4.295866 -0.200415 0.011741
v -4.278522 -0.193726 0.011857
v -4.261443 -0.187546 0.011965
v -4.244488 -0.181901 0.012064
v -4.227509 -0.176819 0.012152
v -4.210361 -0.172327 0.012231
v -4.192900 -0.168452 0.012299
v -4.174978 -0.165221 0.012355
v -4.156452 -0.162661 0.012400
v -4.137175 -0.160799 0.012432
v -4.117002 -0.159661 0.012452
v -4.095786 -0.159276 0.012459
v -4.040593 -0.162292 0.012406
v -3.989100 -0.171195 0.012251
v -3.941518 -0.185768 0.011996
v -3.898055 -0.205796 0.011647
v -3.858921 -0.231061 0.011206
v -3.824326 -0.261347 0.010677
v -3.794477 -0.296439 0.010064
v -3.769587 -0.336119 0.009372
v -3.749863 -0.380170 0.008603
v -3.735514 -0.428378 0.007761
v -3.726752 -0.480524 0.006851
v -3.723783 -0.536394 0.005876
v -3.727012 -0.586504 0.005001
v -3.736490 -0.633790 0.004176
v -3.751903 -0.677959 0.003405
v -3.772937 -0.718719 0.002694
v -3.799276 -0.755778 0.002047
v -3.830608 -0.788844 0.001470
v -3.866618 -0.817624 0.000967
v -3.906991 -0.841827 0.000545
v -3.951414 -0.861160 0.000207
v -3.999572 -0.875332 -0.000040
v -4.051152 -0.884048 -0.000192
v -4.105840 -0.887019 -0.000244
v -4.125843 -0.886639 -0.000237
v -4.146328 -0.885533 -0.000218
v -4.167082 -0.883756 -0.000187
v -4.187886 -0.881363 -0.000145
v -4.208529 -0.878407 -0.000094
v -4.228793 -0.874942 -0.000033
v -4.248464 -0.871023 0.000035
v -4.267326 -0.866703 0.000111
v -4.285164 -0.862037 0.000192
v -4.301764 -0.857079 0.000279
v -4.316907 -0.851883 0.000369
v -4.330381 -0.846502 0.000463
v -4.330381 -0.709369 0.002857
v -4.311833 -0.716836 0.002726
v -4.293850 -0.723654 0.002607
v -4.276366 -0.729822 0.002500
v -4.259319 -0.735341 0.002403
v -4.242645 -0.740211 0.002318
v -4.226280 -0.744431 0.002245
v -4.210157 -0.748003 0.002182
v -4.194217 -0.750924 0.002131
v -4.178391 -0.753197 0.002092
v -4.162619 -0.754820 0.002063
v -4.146834 -0.755794 0.002046
v -4.130975 -0.756119 0.002041
v -4.093578 -0.754318 0.002072
v -4.058579 -0.748984 0.002165
v -4.026141 -0.740219 0.002318
v -3.996425 -0.728127 0.002529
v -3.969594 -0.712809 0.002797
v -3.945813 -0.694370 0.003119
v -3.925243 -0.672911 0.003493
v -3.908049 -0.648536 0.003919
v -3.894390 -0.621347 0.004393
v -3.884433 -0.591448 0.004915
v -3.878340 -0.558940 0.005483
v -3.876271 -0.523927 0.006094
v -3.878196 -0.489477 0.006695
v -3.883850 -0.457142 0.007259
v -3.893055 -0.427091 0.007784
v -3.905627 -0.399491 0.008266
v -3.921388 -0.374510 0.008702
v -3.940157 -0.352315 0.009089
v -3.961754 -0.333075 0.009425
v -3.985998 -0.316957 0.009706
v -4.012709 -0.304129 0.009930
v -4.041707 -0.294758 0.010094
v -4.072810 -0.289012 0.010194
v -4.105840 -0.287060 0.010228
v -4.122025 -0.287397 0.010222
v -4.137988 -0.288460 0.010204
v -4.153858 -0.290323 0.010171
v -4.169764 -0.293062 0.010123
v -4.185832 -0.296754 0.010059
v -4.202191 -0.301475 0.009977
v -4.218969 -0.307298 0.009875
v -4.236295 -0.314302 0.009753
v -4.254294 -0.322561 0.009609
v -4.273097 -0.332151 0.009441
v -4.292830 -0.343147 0.009249
v -4.313624 -0.355627 0.009031
v -3.628269 -0.748327 0.002177
v -3.619967 -0.753973 0.002078
v -3.611846 -0.759214 0.001987
v -3.603946 -0.764032 0.001903
v -3.596307 -0.768412 0.001826
v -3.588972 -0.772338 0.001758
v -3.581979 -0.775793 0.001697
v -3.575370 -0.778761 0.001646
v -3.569187 -0.781225 0.001603
v -3.563468 -0.783171 0.001569
v -3.558256 -0.784580 0.001544
v -3.553590 -0.785438 0.001529
v -3.549512 -0.785727 0.001524
v -3.545080 -0.785528 0.001527
v -3.541003 -0.784912 0.001538
v -3.537285 -0.783852 0.001557
v -3.533935 -0.782322 0.001583
v -3.530957 -0.780294 0.001619
v -3.528357 -0.777741 0.001663
v -3.526141 -0.774636 0.001718
v -3.524316 -0.770952 0.001782
v -3.522885 -0.766662 0.001857
v -3.521856 -0.761739 0.001943
v -3.521235 -0.756156 0.002040
v -3.521026 -0.749886 0.002150
v -3.521026 -0.389910 0.008433
v -3.518564 -0.351982 0.009095
v -3.511384 -0.317635 0.009694
v -3.499792 -0.286816 0.010232
v -3.484099 -0.259472 0.010710
v -3.464612 -0.235546 0.011127
v -3.441640 -0.214987 0.011486
v -3.415491 -0.197739 0.011787
v -3.386475 -0.183748 0.012031
v -3.354897 -0.172961 0.012220
v -3.321069 -0.165322 0.012353
v -3.285296 -0.160779 0.012432
v -3.247889 -0.159276 0.012459
v -3.221216 -0.159927 0.012447
v -3.195648 -0.161881 0.012413
v -3.171174 -0.165145 0.012356
v -3.147782 -0.169723 0.012276
v -3.125461 -0.175622 0.012173
v -3.104199 -0.182846 0.012047
v -3.083984 -0.191402 0.011898
v -3.064806 -0.201294 0.011725
v -3.046650 -0.212528 0.011529
v -3.029507 -0.225109 0.011309
v -3.013365 -0.239043 0.011066
v -2.998212 -0.254335 0.010799
v -2.998212 -0.405493 0.008161
v -3.016463 -0.386529 0.008492
v -3.035155 -0.369356 0.008792
v -3.054243 -0.353947 0.009061
v -3.073680 -0.340274 0.009299
v -3.093420 -0.328312 0.009508
v -3.113416 -0.318032 0.009688
v -3.133621 -0.309408 0.009838
v -3.153989 -0.302412 0.009960
v -3.174474 -0.297019 0.010054
v -3.195028 -0.293199 0.010121
v -3.215605 -0.290928 0.010161
v -3.236159 -0.290177 0.010174
v -3.257839 -0.290932 0.010161
v -3.277633 -0.293236 0.010120
v -3.295542 -0.297140 0.010052
v -3.311565 -0.302701 0.009955
v -3.325704 -0.309971 0.009828
v -3.337957 -0.319006 0.009671
v -3.348326 -0.329858 0.009481
v -3.356809 -0.342583 0.009259
v -3.363407 -0.357234 0.009003
v -3.368120 -0.373865 0.008713
v -3.370948 -0.392531 0.008387
v -3.371890 -0.413285 0.008025
v -3.371890 -0.450685 0.007372
v -3.239511 -0.494319 0.006610
v -3.209121 -0.504535 0.006432
v -3.178627 -0.515147 0.006247
v -3.148552 -0.526484 0.006049
v -3.119420 -0.538875 0.005833
v -3.091753 -0.552652 0.005592
v -3.066078 -0.568145 0.005322
v -3.042914 -0.585682 0.005016
v -3.022789 -0.605595 0.004668
v -3.006224 -0.628214 0.004273
v -2.993744 -0.653868 0.003825
v -2.985872 -0.682887 0.003319
v -2.983131 -0.715602 0.002748
v -2.984646 -0.737962 0.002358
v -2.989105 -0.759683 0.001978
v -2.996380 -0.780517 0.001615
v -3.006343 -0.800214 0.001271
v -3.018866 -0.818526 0.000951
v -3.033822 -0.835204 0.000660
v -3.051081 -0.850000 0.000402
v -3.070516 -0.862663 0.000181
v -3.092000 -0.872945 0.000001
v -3.115403 -0.880598 -0.000132
v -3.140599 -0.885372 -0.000215
v -3.167457 -0.887019 -0.000244
v -3.184630 -0.886531 -0.000236
v -3.201793 -0.885064 -0.000210
v -3.218932 -0.882612 -0.000167
v -3.236036 -0.879170 -0.000107
v -3.253093 -0.874732 -0.000030
v -3.270092 -0.869293 0.000065
v -3.287023 -0.862848 0.000178
v -3.303871 -0.855391 0.000308
v -3.320626 -0.846916 0.000456
v -3.337276 -0.837419 0.000622
v -3.353809 -0.826894 0.000805
v -3.370214 -0.815336 0.001007
v -3.374024 -0.827222 0.000800
v -3.378771 -0.837960 0.000612
v -3.384483 -0.847574 0.000444
v -3.391191 -0.856083 0.000296
v -3.398922 -0.863511 0.000166
v -3.407707 -0.869877 0.000055
v -3.417574 -0.875205 -0.000038
v -3.428552 -0.879516 -0.000113
v -3.440671 -0.882831 -0.000171
v -3.453959 -0.885172 -0.000212
v -3.468445 -0.886561 -0.000236
v -3.484160 -0.887019 -0.000244
v -3.495540 -0.886749 -0.000239
v -3.506356 -0.885901 -0.000225
v -3.516810 -0.884414 -0.000199
v -3.527108 -0.882229 -0.000161
v -3.537452 -0.879286 -0.000109
v -3.548047 -0.875526 -0.000044
v -3.559095 -0.870890 0.000037
v -3.570801 -0.865318 0.000135
v -3.583367 -0.858750 0.000249
v -3.596998 -0.851127 0.000382
v -3.611898 -0.842389 0.000535
v -3.628269 -0.832477 0.000708
v -3.371890 -0.731186 0.002476
v -3.361766 -0.739849 0.002325
v -3.351502 -0.747902 0.002184
v -3.341099 -0.755315 0.002055
v -3.330556 -0.762064 0.001937
v -3.319874 -0.768119 0.001831
v -3.309052 -0.773455 0.001738
v -3.298090 -0.778045 0.001658
v -3.286988 -0.781860 0.001591
v -3.275747 -0.784875 0.001539
v -3.264367 -0.787062 0.001501
v -3.252846 -0.788394 0.001477
v -3.241186 -0.788844 0.001469
v -3.226052 -0.788013 0.001484
v -3.211715 -0.785576 0.001527
v -3.198274 -0.781612 0.001596
v -3.185827 -0.776204 0.001690
v -3.174475 -0.769432 0.001808
v -3.164315 -0.761378 0.001949
v -3.155447 -0.752123 0.002110
v -3.147969 -0.741748 0.002292
v -3.141981 -0.730333 0.002491
v -3.137582 -0.717961 0.002707
v -3.134869 -0.704713 0.002938
v -3.133943 -0.690669 0.003183
v -3.136193 -0.670873 0.003529
v -3.142725 -0.652684 0.003846
v -3.153214 -0.635957 0.004138
v -3.167333 -0.620544 0.004407
v -3.184756 -0.606300 0.004656
v -3.205160 -0.593078 0.004887
v -3.228216 -0.580733 0.005102
v -3.253599 -0.569119 0.005305
v -3.280984 -0.558089 0.005497
v -3.310045 -0.547497 0.005682
v -3.340455 -0.537197 0.005862
v -3.371890 -0.527044 0.006039
v -2.346371 -0.855852 0.000300
v -2.360379 -0.861049 0.000209
v -2.373950 -0.865736 0.000127
v -2.387137 -0.869926 0.000054
v -2.399993 -0.873629 -0.000010
v -2.412569 -0.876856 -0.000067
v -2.424919 -0.879617 -0.000115
v -2.437093 -0.881924 -0.000155
v -2.449146 -0.883787 -0.000188
v -2.461129 -0.885217 -0.000213
v -2.473094 -0.886225 -0.000230
v -2.485095 -0.886822 -0.000241
v -2.497183 -0.887019 -0.000244
v -2.551517 -0.883984 -0.000191
v -2.602867 -0.875079 -0.000036
v -2.650901 -0.860600 0.000217
v -2.695286 -0.840846 0.000562
v -2.735691 -0.816114 0.000993
v -2.771786 -0.786701 0.001507
v -2.803237 -0.752906 0.002097
v -2.829714 -0.715025 0.002758
v -2.850884 -0.673357 0.003485
v -2.866416 -0.628198 0.004274
v -2.875979 -0.579848 0.005118
v -2.879239 -0.528602 0.006012
v -2.876146 -0.473162 0.006980
v -2.866920 -0.422202 0.007869
v -2.851643 -0.375788 0.008679
v -2.830396 -0.333983 0.009409
v -2.803261 -0.296854 0.010057
v -2.770319 -0.264464 0.010623
v -2.731653 -0.236879 0.011104
v -2.687342 -0.214164 0.011501
v -2.637469 -0.196384 0.011811
v -2.582116 -0.183604 0.012034
v -2.521362 -0.175888 0.012169
v -2.455290 -0.173301 0.012214
v -2.197235 -0.173301 0.012214
v -2.197235 -1.231411 -0.006256
v -2.346371 -1.231411 -0.006256
v -2.346371 -0.297968 0.010038
v -2.482102 -0.297968 0.010038
v -2.521060 -0.299708 0.010007
v -2.556662 -0.304873 0.009917
v -2.588900 -0.313381 0.009769
v -2.617770 -0.325153 0.009563
v -2.643265 -0.340106 0.009302
v -2.665380 -0.358159 0.008987
v -2.684108 -0.379232 0.008619
v -2.699445 -0.403242 0.008200
v -2.711383 -0.430110 0.007731
v -2.719917 -0.459754 0.007214
v -2.725042 -0.492092 0.006649
v -2.726752 -0.527044 0.006039
v -2.724692 -0.560154 0.005461
v -2.718660 -0.591549 0.004913
v -2.708869 -0.621006 0.004399
v -2.695534 -0.648305 0.003923
v -2.678871 -0.673223 0.003488
v -2.659095 -0.695539 0.003098
v -2.636421 -0.715030 0.002758
v -2.611066 -0.731474 0.002471
v -2.583244 -0.744651 0.002241
v -2.553170 -0.754337 0.002072
v -2.521059 -0.760311 0.001967
v -2.487129 -0.762352 0.001932
v -2.475367 -0.762126 0.001936
v -2.463552 -0.761450 0.001948
v -2.451704 -0.760331 0.001967
v -2.439837 -0.758774 0.001994
v -2.427971 -0.756784 0.002029
v -2.416121 -0.754366 0.002071
v -2.404308 -0.751526 0.002121
v -2.392546 -0.748270 0.002178
v -2.380854 -0.744602 0.002242
v -2.369249 -0.740528 0.002313
v -2.357749 -0.736054 0.002391
v -2.346371 -0.731186 0.002476
v -2.002856 0.129016 0.017491
v -1.982612 0.140963 0.017699
v -1.962112 0.151871 0.017890
v -1.941379 0.161741 0.018062
v -1.920437 0.170571 0.018216
v -1.899309 0.178363 0.018352
v -1.878017 0.185116 0.018470
v -1.856586 0.190830 0.018570
v -1.835039 0.195505 0.018651
v -1.813399 0.199141 0.018715
v -1.791688 0.201738 0.018760
v -1.769932 0.203296 0.018787
v -1.748152 0.203816 0.018796
v -1.697326 0.201539 0.018757
v -1.649729 0.194819 0.018639
v -1.605588 0.183825 0.018447
v -1.565130 0.168724 0.018184
v -1.528582 0.149684 0.017851
v -1.496171 0.126873 0.017453
v -1.468123 0.100458 0.016992
v -1.444667 0.070607 0.016471
v -1.426028 0.037488 0.015893
v -1.412433 0.001268 0.015261
v -1.404110 -0.037884 0.014577
v -1.401285 -0.079801 0.013846
v -1.411011 -0.147369 0.012666
v -1.437901 -0.205435 0.011653
v -1.478523 -0.255601 0.010777
v -1.529444 -0.299469 0.010011
v -1.587229 -0.338640 0.009328
v -1.648448 -0.374716 0.008698
v -1.709667 -0.409299 0.008094
v -1.767453 -0.443990 0.007489
v -1.818373 -0.480391 0.006853
v -1.858994 -0.520103 0.006160
v -1.885885 -0.564729 0.005381
v -1.895612 -0.615869 0.004489
v -1.894384 -0.630945 0.004226
v -1.890678 -0.646357 0.003956
v -1.884459 -0.661791 0.003687
v -1.875690 -0.676932 0.003423
v -1.864338 -0.691468 0.003169
v -1.850368 -0.705083 0.002931
v -1.833745 -0.717465 0.002715
v -1.814435 -0.728300 0.002526
v -1.792401 -0.737273 0.002370
v -1.767609 -0.744071 0.002251
v -1.740024 -0.748380 0.002176
v -1.709611 -0.749886 0.002149
v -1.681692 -0.748755 0.002169
v -1.654104 -0.745384 0.002228
v -1.626900 -0.739805 0.002325
v -1.600133 -0.732051 0.002461
v -1.573854 -0.722155 0.002633
v -1.548117 -0.710148 0.002843
v -1.522973 -0.696064 0.003089
v -1.498475 -0.679934 0.003370
v -1.474675 -0.661791 0.003687
v -1.451625 -0.641668 0.004038
v -1.429379 -0.619597 0.004424
v -1.407988 -0.595610 0.004842
v -1.407988 -0.788844 0.001469
v -1.431982 -0.804852 0.001190
v -1.456249 -0.819383 0.000936
v -1.480854 -0.832453 0.000708
v -1.505860 -0.844078 0.000505
v -1.531332 -0.854275 0.000327
v -1.557333 -0.863060 0.000174
v -1.583928 -0.870448 0.000045
v -1.611180 -0.876457 -0.000060
v -1.639154 -0.881102 -0.000141
v -1.667913 -0.884400 -0.000199
v -1.697521 -0.886367 -0.000233
v -1.728044 -0.887019 -0.000244
v -1.773062 -0.884531 -0.000201
v -1.815753 -0.877243 -0.000074
v -1.855814 -0.865422 0.000133
v -1.892943 -0.849330 0.000414
v -1.926837 -0.829235 0.000764
v -1.957193 -0.805401 0.001180
v -1.983710 -0.778093 0.001657
v -2.006083 -0.747577 0.002190
v -2.024012 -0.714117 0.002774
v -2.037192 -0.677979 0.003405
v -2.045322 -0.639427 0.004077
v -2.048100 -0.598727 0.004788
v -2.038373 -0.520980 0.006145
v -2.011483 -0.455548 0.007287
v -1.970861 -0.400526 0.008247
v -1.919941 -0.354011 0.009059
v -1.862155 -0.314096 0.009756
v -1.800936 -0.278879 0.010371
v -1.739717 -0.246453 0.010937
v -1.681932 -0.214915 0.011487
v -1.631011 -0.182359 0.012056
v -1.590390 -0.146882 0.012675
v -1.563499 -0.106578 0.013378
v -1.553772 -0.059543 0.014199
v -1.555317 -0.041346 0.014517
v -1.559847 -0.024221 0.014816
v -1.567204 -0.008264 0.015094
v -1.577232 0.006427 0.015351
v -1.589774 0.019754 0.015583
v -1.604672 0.031620 0.015791
v -1.621769 0.041927 0.015971
v -1.640908 0.050579 0.016122
v -1.661933 0.057478 0.016242
v -1.684686 0.062527 0.016330
v -1.709009 0.065627 0.016384
v -1.734746 0.066682 0.016403
v -1.754358 0.066142 0.016393
v -1.774621 0.064438 0.016363
v -1.795490 0.061447 0.016311
v -1.816917 0.057044 0.016234
v -1.838856 0.051103 0.016131
v -1.861260 0.043502 0.015998
v -1.884084 0.034115 0.015834
v -1.907280 0.022818 0.015637
v -1.930802 0.009486 0.015404
v -1.954603 -0.006004 0.015134
v -1.978636 -0.023778 0.014824
v -2.002856 -0.043960 0.014471
v -0.400901 -0.159276 0.012458
v -0.345918 -0.162459 0.012403
v -0.293518 -0.171750 0.012241
v -0.244120 -0.186766 0.011979
v -0.198143 -0.207123 0.011623
v -0.156007 -0.232436 0.011181
v -0.118129 -0.262321 0.010660
v -0.084929 -0.296395 0.010065
v -0.056827 -0.334272 0.009404
v -0.034240 -0.375568 0.008683
v -0.017588 -0.419901 0.007909
v -0.007290 -0.466884 0.007089
v -0.003764 -0.516135 0.006229
v -0.007162 -0.568608 0.005313
v -0.017123 -0.618278 0.004446
v -0.033298 -0.664810 0.003634
v -0.055338 -0.707868 0.002883
v -0.082894 -0.747117 0.002198
v -0.115616 -0.782221 0.001585
v -0.153156 -0.812845 0.001050
v -0.195165 -0.838653 0.000600
v -0.241292 -0.859310 0.000239
v -0.291191 -0.874480 -0.000026
v -0.344510 -0.883829 -0.000189
v -0.400901 -0.887019 -0.000244
v -0.459603 -0.883947 -0.000191
v -0.514848 -0.874913 -0.000033
v -0.566323 -0.860186 0.000224
v -0.613713 -0.840038 0.000576
v -0.656705 -0.814739 0.001017
v -0.694984 -0.784559 0.001544
v -0.728236 -0.749768 0.002151
v -0.756146 -0.710639 0.002834
v -0.778402 -0.667440 0.003588
v -0.794687 -0.620443 0.004409
v -0.804689 -0.569918 0.005291
v -0.808093 -0.516135 0.006229
v -0.804593 -0.465575 0.007112
v -0.794338 -0.417736 0.007947
v -0.777695 -0.372939 0.008729
v -0.755030 -0.331501 0.009452
v -0.726709 -0.293743 0.010111
v -0.693099 -0.259984 0.010701
v -0.654567 -0.230542 0.011214
v -0.611480 -0.205738 0.011647
v -0.564203 -0.185890 0.011994
v -0.513103 -0.171317 0.012248
v -0.458548 -0.162340 0.012405
v -0.399226 -0.283943 0.010282
v -0.435599 -0.285953 0.010247
v -0.470000 -0.291843 0.010144
v -0.502202 -0.301401 0.009978
v -0.531977 -0.314417 0.009750
v -0.559099 -0.330680 0.009467
v -0.583342 -0.349978 0.009130
v -0.604476 -0.372100 0.008744
v -0.622278 -0.396836 0.008312
v -0.636518 -0.423974 0.007838
v -0.646970 -0.453304 0.007326
v -0.653409 -0.484614 0.006780
v -0.655605 -0.517694 0.006202
v -0.653569 -0.554261 0.005564
v -0.647552 -0.588302 0.004970
v -0.637696 -0.619691 0.004422
v -0.624139 -0.648305 0.003922
v -0.607022 -0.674019 0.003474
v -0.586483 -0.696707 0.003078
v -0.562663 -0.716247 0.002736
v -0.535701 -0.732513 0.002453
v -0.505736 -0.745381 0.002228
v -0.472909 -0.754726 0.002065
v -0.437359 -0.760425 0.001965
v -0.399226 -0.762352 0.001932
v -0.364172 -0.760335 0.001967
v -0.331190 -0.754395 0.002071
v -0.300465 -0.744699 0.002240
v -0.272183 -0.731416 0.002472
v -0.246532 -0.714714 0.002763
v -0.223697 -0.694759 0.003111
v -0.203865 -0.671721 0.003514
v -0.187221 -0.645766 0.003967
v -0.173951 -0.617062 0.004468
v -0.164242 -0.585777 0.005014
v -0.158280 -0.552079 0.005602
v -0.156251 -0.516135 0.006229
v -0.158344 -0.483414 0.006801
v -0.164474 -0.452402 0.007342
v -0.174422 -0.423317 0.007850
v -0.187965 -0.396374 0.008320
v -0.204883 -0.371791 0.008749
v -0.224954 -0.349783 0.009133
v -0.247958 -0.330567 0.009468
v -0.273673 -0.314360 0.009751
v -0.301878 -0.301377 0.009978
v -0.332353 -0.291836 0.010145
v -0.364875 -0.285952 0.010247
v 0.334724 -0.028376 0.014743
v 0.614563 -0.282385 0.010309
v 0.614563 -0.297968 0.010037
v 0.483860 -0.297968 0.010037
v 0.483860 -0.667294 0.003591
v 0.482151 -0.698133 0.003053
v 0.477026 -0.727398 0.002542
v 0.468491 -0.754877 0.002062
v 0.456553 -0.780360 0.001617
v 0.441217 -0.803635 0.001211
v 0.422488 -0.824491 0.000847
v 0.400373 -0.842717 0.000529
v 0.374878 -0.858103 0.000260
v 0.346009 -0.870437 0.000045
v 0.313770 -0.879509 -0.000113
v 0.278169 -0.885106 -0.000211
v 0.239210 -0.887019 -0.000244
v 0.226433 -0.886605 -0.000237
v 0.212539 -0.885396 -0.000216
v 0.197737 -0.883440 -0.000182
v 0.182237 -0.880786 -0.000136
v 0.166248 -0.877482 -0.000078
v 0.149980 -0.873578 -0.000010
v 0.133642 -0.869123 0.000068
v 0.117444 -0.864164 0.000154
v 0.101594 -0.858750 0.000249
v 0.086304 -0.852930 0.000351
v 0.071781 -0.846754 0.000458
v 0.058236 -0.840269 0.000572
v 0.058236 -0.710927 0.002829
v 0.073215 -0.719141 0.002686
v 0.087995 -0.726640 0.002555
v 0.102589 -0.733426 0.002437
v 0.117009 -0.739497 0.002331
v 0.131266 -0.744853 0.002237
v 0.145371 -0.749496 0.002156
v 0.159338 -0.753424 0.002087
v 0.173175 -0.756638 0.002031
v 0.186897 -0.759138 0.001988
v 0.200514 -0.760924 0.001957
v 0.214038 -0.761995 0.001938
v 0.227480 -0.762352 0.001932
v 0.238743 -0.761845 0.001940
v 0.250552 -0.760238 0.001969
v 0.262617 -0.757409 0.002018
v 0.274648 -0.753233 0.002091
v 0.286353 -0.747585 0.002189
v 0.297440 -0.740341 0.002316
v 0.307620 -0.731376 0.002472
v 0.316602 -0.720566 0.002661
v 0.324094 -0.707786 0.002884
v 0.329806 -0.692913 0.003144
v 0.333446 -0.675820 0.003442
v 0.334724 -0.656385 0.003781
v 0.334724 -0.297968 0.010037
v 0.096777 -0.297968 0.010037
v 0.096777 -0.173301 0.012214
v 0.334724 -0.173301 0.012214
v 1.666893 0.189791 0.018551
v 1.816030 0.189791 0.018551
v 1.816030 -0.872994 0.000000
v 1.666893 -0.872994 0.000000
v 1.666893 -0.371210 0.008759
v 1.649665 -0.353831 0.009062
v 1.633093 -0.338276 0.009334
v 1.617068 -0.324484 0.009574
v 1.601480 -0.312397 0.009785
v 1.586217 -0.301955 0.009968
v 1.571170 -0.293099 0.010122
v 1.556228 -0.285768 0.010250
v 1.541280 -0.279903 0.010353
v 1.526215 -0.275445 0.010430
v 1.510923 -0.272335 0.010485
v 1.495294 -0.270512 0.010517
v 1.479217 -0.269918 0.010527
v 1.457307 -0.271296 0.010503
v 1.436875 -0.275358 0.010432
v 1.418002 -0.281995 0.010316
v 1.400770 -0.291100 0.010157
v 1.385260 -0.302564 0.009957
v 1.371554 -0.316279 0.009718
v 1.359733 -0.332136 0.009441
v 1.349878 -0.350028 0.009129
v 1.342072 -0.369847 0.008783
v 1.336395 -0.391483 0.008405
v 1.332930 -0.414829 0.007998
v 1.331757 -0.439777 0.007562
v 1.331757 -0.872994 0.000000
v 1.182621 -0.872994 0.000000
v 1.182621 -0.444452 0.007480
v 1.184849 -0.398576 0.008281
v 1.191371 -0.356774 0.009011
v 1.201943 -0.319030 0.009670
v 1.216321 -0.285328 0.010258
v 1.234259 -0.255652 0.010776
v 1.255513 -0.229986 0.011224
v 1.279839 -0.208313 0.011602
v 1.306993 -0.190616 0.011911
v 1.336731 -0.176881 0.012151
v 1.368808 -0.167090 0.012322
v 1.402979 -0.161227 0.012424
v 1.439000 -0.159276 0.012458
v 1.459931 -0.160082 0.012444
v 1.480768 -0.162472 0.012402
v 1.501420 -0.166411 0.012334
v 1.521792 -0.171859 0.012239
v 1.541791 -0.178778 0.012118
v 1.561326 -0.187132 0.011972
v 1.580301 -0.196881 0.011802
v 1.598625 -0.207989 0.011608
v 1.616204 -0.220417 0.011391
v 1.632946 -0.234127 0.011152
v 1.648756 -0.249082 0.010891
v 1.663542 -0.265243 0.010609
v 1.666893 -0.265243 0.010609
v 2.020463 -0.216935 0.011452
v 2.040016 -0.207616 0.011614
v 2.059306 -0.199137 0.011762
v 2.078353 -0.191490 0.011896
v 2.097172 -0.184672 0.012015
v 2.115782 -0.178675 0.012120
v 2.134200 -0.173496 0.012210
v 2.152444 -0.169129 0.012286
v 2.170530 -0.165567 0.012348
v 2.188477 -0.162807 0.012397
v 2.206301 -0.160842 0.012431
v 2.224021 -0.159667 0.012451
v 2.241653 -0.159276 0.012458
v 2.278214 -0.160755 0.012432
v 2.312389 -0.165135 0.012356
v 2.344027 -0.172328 0.012230
v 2.372977 -0.182248 0.012057
v 2.399088 -0.194808 0.011838
v 2.422208 -0.209922 0.011574
v 2.442187 -0.227504 0.011267
v 2.458872 -0.247467 0.010919
v 2.472112 -0.269723 0.010530
v 2.481757 -0.294188 0.010103
v 2.487655 -0.320773 0.009639
v 2.489655 -0.349393 0.009140
v 2.482731 -0.393782 0.008365
v 2.463588 -0.433089 0.007679
v 2.434671 -0.467949 0.007070
v 2.398423 -0.498994 0.006528
v 2.357287 -0.526857 0.006042
v 2.313708 -0.552172 0.005600
v 2.270128 -0.575571 0.005192
v 2.228992 -0.597688 0.004806
v 2.192744 -0.619156 0.004431
v 2.163827 -0.640607 0.004057
v 2.144685 -0.662676 0.003671
v 2.137761 -0.685994 0.003264
v 2.138785 -0.697973 0.003055
v 2.141764 -0.708979 0.002863
v 2.146558 -0.719011 0.002688
v 2.153028 -0.728069 0.002530
v 2.161034 -0.736153 0.002389
v 2.170437 -0.743263 0.002265
v 2.181096 -0.749399 0.002158
v 2.192872 -0.754561 0.002067
v 2.205626 -0.758749 0.001994
v 2.219218 -0.761963 0.001938
v 2.233508 -0.764203 0.001899
v 2.248356 -0.765469 0.001877
v 2.264019 -0.764850 0.001888
v 2.280799 -0.762987 0.001920
v 2.298626 -0.759869 0.001975
v 2.317431 -0.755484 0.002051
v 2.337144 -0.749822 0.002150
v 2.357695 -0.742873 0.002271
v 2.379013 -0.734625 0.002415
v 2.401030 -0.725068 0.002582
v 2.423675 -0.714190 0.002772
v 2.446878 -0.701981 0.002985
v 2.470571 -0.688431 0.003222
v 2.494682 -0.673527 0.003482
v 2.494682 -0.823127 0.000871
v 2.470882 -0.834205 0.000677
v 2.447972 -0.844093 0.000505
v 2.425796 -0.852833 0.000352
v 2.404195 -0.860470 0.000219
v 2.383013 -0.867046 0.000104
v 2.362093 -0.872604 0.000007
v 2.341278 -0.877189 -0.000073
v 2.320411 -0.880843 -0.000137
v 2.299334 -0.883610 -0.000185
v 2.277890 -0.885533 -0.000219
v 2.255923 -0.886655 -0.000238
v 2.233275 -0.887019 -0.000245
v 2.198474 -0.885323 -0.000215
v 2.165448 -0.880331 -0.000128
v 2.134436 -0.872191 0.000014
v 2.105675 -0.861047 0.000209
v 2.079404 -0.847046 0.000453
v 2.055862 -0.830335 0.000745
v 2.035287 -0.811058 0.001081
v 2.017919 -0.789363 0.001460
v 2.003994 -0.765396 0.001878
v 1.993753 -0.739302 0.002334
v 1.987433 -0.711227 0.002824
v 1.985274 -0.681319 0.003346
v 1.986236 -0.663855 0.003651
v 1.989199 -0.647187 0.003942
v 1.994280 -0.631136 0.004222
v 2.001596 -0.615522 0.004494
v 2.011262 -0.600169 0.004762
v 2.023395 -0.584897 0.005029
v 2.038112 -0.569527 0.005297
v 2.055528 -0.553882 0.005570
v 2.075761 -0.537782 0.005851
v 2.098925 -0.521048 0.006143
v 2.125139 -0.503504 0.006450
v 2.154518 -0.484969 0.006773
v 2.185920 -0.467746 0.007074
v 2.214012 -0.451854 0.007351
v 2.238904 -0.437196 0.007607
v 2.260707 -0.423674 0.007843
v 2.279530 -0.411191 0.008061
v 2.295485 -0.399650 0.008262
v 2.308682 -0.388952 0.008449
v 2.319232 -0.379002 0.008623
v 2.327244 -0.369700 0.008785
v 2.332831 -0.360951 0.008938
v 2.336102 -0.352656 0.009083
v 2.337167 -0.344718 0.009221
v 2.336374 -0.335605 0.009380
v 2.334033 -0.327000 0.009531
v 2.330203 -0.318957 0.009671
v 2.324941 -0.311532 0.009801
v 2.318306 -0.304777 0.009918
v 2.310356 -0.298748 0.010024
v 2.301150 -0.293497 0.010115
v 2.290745 -0.289080 0.010192
v 2.279199 -0.285550 0.010254
v 2.266571 -0.282962 0.010299
v 2.252919 -0.281370 0.010327
v 2.238302 -0.280827 0.010336
v 2.224000 -0.281286 0.010328
v 2.208784 -0.282681 0.010304
v 2.192718 -0.285039 0.010263
v 2.175867 -0.288387 0.010205
v 2.158295 -0.292753 0.010128
v 2.140065 -0.298163 0.010034
v 2.121242 -0.304644 0.009921
v 2.101889 -0.312224 0.009788
v 2.082070 -0.320929 0.009637
v 2.061851 -0.330787 0.009464
v 2.041293 -0.341824 0.009272
v 2.020463 -0.354068 0.009058
v 2.668953 -0.872994 0.000000
v 2.668953 -0.173301 0.012213
v 2.818089 -0.173301 0.012213
v 2.818089 -0.673527 0.003482
v 2.830545 -0.688881 0.003214
v 2.843589 -0.702984 0.002968
v 2.857179 -0.715821 0.002744
v 2.871276 -0.727376 0.002542
v 2.885839 -0.737633 0.002363
v 2.900826 -0.746574 0.002207
v 2.916197 -0.754184 0.002074
v 2.931911 -0.760448 0.001965
v 2.947928 -0.765347 0.001879
v 2.964207 -0.768867 0.001818
v 2.980707 -0.770991 0.001781
v 2.997387 -0.771702 0.001768
v 3.021893 -0.770542 0.001788
v 3.044298 -0.767092 0.001849
v 3.064598 -0.761403 0.001948
v 3.082785 -0.753522 0.002085
v 3.098854 -0.743498 0.002260
v 3.112800 -0.731380 0.002472
v 3.124616 -0.717217 0.002719
v 3.134296 -0.701058 0.003001
v 3.141836 -0.682950 0.003317
v 3.147229 -0.662943 0.003667
v 3.150469 -0.641086 0.004048
v 3.151550 -0.617427 0.004461
v 3.151550 -0.173301 0.012213
v 3.300686 -0.173301 0.012213
v 3.300686 -0.608077 0.004624
v 3.298487 -0.650884 0.003877
v 3.292036 -0.690424 0.003187
v 3.281546 -0.726608 0.002555
v 3.267234 -0.759351 0.001984
v 3.249315 -0.788566 0.001474
v 3.228003 -0.814167 0.001027
v 3.203515 -0.836066 0.000645
v 3.176064 -0.854179 0.000329
v 3.145868 -0.868416 0.000080
v 3.113141 -0.878693 -0.000099
v 3.078098 -0.884923 -0.000208
v 3.040955 -0.887019 -0.000245
v 3.022265 -0.886186 -0.000230
v 3.003151 -0.883729 -0.000187
v 2.983746 -0.879714 -0.000117
v 2.964183 -0.874206 -0.000021
v 2.944598 -0.867269 0.000100
v 2.925123 -0.858969 0.000245
v 2.905892 -0.849370 0.000412
v 2.887040 -0.838538 0.000602
v 2.868700 -0.826536 0.000811
v 2.851005 -0.813431 0.001040
v 2.834090 -0.799287 0.001287
v 2.818089 -0.784169 0.001551
v 2.818089 -0.872994 0.000000
v 4.138528 0.189791 0.018551
v 4.138528 -0.872994 0.000000
v 3.974311 -0.872994 0.000000
v 3.974311 -0.413285 0.008024
v 3.803391 -0.413285 0.008024
v 3.740190 -0.410613 0.008071
v 3.682913 -0.402817 0.008207
v 3.631476 -0.390227 0.008427
v 3.585800 -0.373172 0.008724
v 3.545803 -0.351984 0.009094
v 3.511403 -0.326992 0.009531
v 3.482519 -0.298527 0.010027
v 3.459069 -0.266917 0.010579
v 3.440972 -0.232494 0.011180
v 3.428147 -0.195587 0.011824
v 3.420511 -0.156527 0.012506
v 3.417984 -0.115643 0.013220
v 3.420370 -0.074279 0.013942
v 3.427580 -0.034581 0.014635
v 3.439689 0.003083 0.015292
v 3.456773 0.038344 0.015908
v 3.478907 0.070834 0.016475
v 3.506166 0.100186 0.016987
v 3.538628 0.126032 0.017438
v 3.576367 0.148004 0.017822
v 3.619459 0.165734 0.018131
v 3.667979 0.178854 0.018360
v 3.722003 0.186995 0.018502
v 3.781607 0.189791 0.018551
v 3.974311 0.052657 0.016157
v 3.781607 0.052657 0.016157
v 3.746454 0.050956 0.016128
v 3.715425 0.046063 0.016042
v 3.688319 0.038291 0.015907
v 3.664930 0.027955 0.015726
v 3.645056 0.015367 0.015506
v 3.628492 0.000842 0.015253
v 3.615035 -0.015305 0.014971
v 3.604481 -0.032763 0.014666
v 3.596627 -0.051216 0.014344
v 3.591270 -0.070350 0.014010
v 3.588204 -0.089853 0.013670
v 3.587228 -0.109410 0.013328
v 3.588848 -0.134951 0.012883
v 3.593628 -0.158555 0.012471
v 3.601445 -0.180168 0.012093
v 3.612177 -0.199736 0.011752
v 3.625702 -0.217204 0.011447
v 3.641897 -0.232518 0.011180
v 3.660641 -0.245625 0.010951
v 3.681811 -0.256470 0.010761
v 3.705285 -0.265000 0.010613
v 3.730941 -0.271159 0.010505
v 3.758657 -0.274895 0.010440
v 3.788310 -0.276152 0.010418
v 3.974311 -0.276152 0.010418
v -3.354753 1.101608 0.014477
v -3.354755 0.336463 0.001121
v -3.511823 0.336463 0.001144
v -3.511822 0.736929 0.008135
v -3.513551 0.769120 0.008697
v -3.518594 0.799910 0.009235
v -3.526740 0.829031 0.009745
v -3.537770 0.856216 0.010221
v -3.551473 0.881201 0.010659
v -3.567633 0.903718 0.011054
v -3.586035 0.923502 0.011402
v -3.606466 0.940286 0.011698
v -3.628711 0.953803 0.011938
v -3.652555 0.963788 0.012116
v -3.677784 0.969975 0.012227
v -3.704185 0.972096 0.012268
v -3.713942 0.971467 0.012259
v -3.724594 0.969619 0.012228
v -3.736006 0.966611 0.012177
v -3.748043 0.962502 0.012108
v -3.760570 0.957353 0.012020
v -3.773453 0.951221 0.011914
v -3.786556 0.944165 0.011793
v -3.799746 0.936246 0.011657
v -3.812886 0.927523 0.011507
v -3.825842 0.918053 0.011343
v -3.838479 0.907898 0.011168
v -3.850663 0.897115 0.010982
v -3.933608 1.028331 0.013284
v -3.917388 1.042604 0.013531
v -3.901359 1.055605 0.013756
v -3.885489 1.067340 0.013958
v -3.869748 1.077814 0.014139
v -3.854105 1.087034 0.014297
v -3.838529 1.095005 0.014434
v -3.822990 1.101733 0.014549
v -3.807457 1.107225 0.014643
v -3.791900 1.111487 0.014715
v -3.776288 1.114523 0.014765
v -3.760589 1.116341 0.014795
v -3.744774 1.116945 0.014803
v -3.726206 1.115761 0.014779
v -3.707558 1.112156 0.014714
v -3.688824 1.106055 0.014604
v -3.669998 1.097379 0.014450
v -3.651075 1.086053 0.014250
v -3.632047 1.071999 0.014001
v -3.612909 1.055140 0.013704
v -3.593655 1.035400 0.013357
v -3.574277 1.012702 0.012958
v -3.554772 0.986967 0.012506
v -3.535132 0.958121 0.011999
v -3.515350 0.926085 0.011437
v -3.511821 0.926085 0.011436
v -3.511821 1.101608 0.014500
v -3.160627 0.557997 0.004959
v -3.137717 0.544015 0.004711
v -3.114857 0.531063 0.004482
v -3.092020 0.519175 0.004271
v -3.069184 0.508389 0.004079
v -3.046323 0.498738 0.003907
v -3.023413 0.490259 0.003756
v -3.000430 0.482987 0.003625
v -2.977348 0.476957 0.003516
v -2.954144 0.472206 0.003430
v -2.930794 0.468768 0.003367
v -2.907271 0.466679 0.003327
v -2.883553 0.465975 0.003311
v -2.846899 0.467605 0.003334
v -2.812830 0.472484 0.003414
v -2.781360 0.480593 0.003551
v -2.752500 0.491916 0.003744
v -2.726263 0.506433 0.003993
v -2.702660 0.524128 0.004299
v -2.681705 0.544983 0.004659
v -2.663410 0.568979 0.005076
v -2.647786 0.596100 0.005547
v -2.634846 0.626327 0.006072
v -2.624603 0.659643 0.006652
v -2.617068 0.696030 0.007286
v -3.174745 0.696030 0.007370
v -3.171985 0.763737 0.008551
v -3.163837 0.825432 0.009627
v -3.150506 0.881139 0.010598
v -3.132193 0.930882 0.011463
v -3.109100 0.974684 0.012224
v -3.081430 1.012568 0.012881
v -3.049385 1.044560 0.013435
v -3.013166 1.070682 0.013885
v -2.972977 1.090957 0.014233
v -2.929019 1.105411 0.014479
v -2.881495 1.114066 0.014623
v -2.830607 1.116945 0.014665
v -2.777345 1.113726 0.014601
v -2.727171 1.104259 0.014428
v -2.680379 1.088827 0.014152
v -2.637264 1.067715 0.013777
v -2.598120 1.041207 0.013308
v -2.563241 1.009586 0.012751
v -2.532920 0.973137 0.012111
v -2.507453 0.932144 0.011391
v -2.487134 0.886890 0.010598
v -2.472256 0.837660 0.009737
v -2.463113 0.784738 0.008812
v -2.460000 0.728408 0.007828
v -2.462852 0.676005 0.006914
v -2.471340 0.624868 0.006022
v -2.485370 0.575624 0.005165
v -2.504839 0.528901 0.004352
v -2.529653 0.485326 0.003595
v -2.559711 0.445526 0.002905
v -2.594919 0.410128 0.002293
v -2.635174 0.379760 0.001768
v -2.680381 0.355048 0.001344
v -2.730441 0.336621 0.001030
v -2.785256 0.325104 0.000837
v -2.844728 0.321126 0.000777
v -2.877299 0.321731 0.000792
v -2.908081 0.323556 0.000828
v -2.937270 0.326611 0.000886
v -2.965061 0.330909 0.000965
v -2.991652 0.336461 0.001066
v -3.017237 0.343279 0.001189
v -3.042014 0.351376 0.001334
v -3.066178 0.360762 0.001502
v -3.089926 0.371450 0.001692
v -3.113452 0.383452 0.001905
v -3.136954 0.396779 0.002141
v -3.160627 0.411444 0.002400
v -2.620596 0.796572 0.009042
v -2.626955 0.825711 0.009551
v -2.635434 0.852595 0.010022
v -2.646020 0.877172 0.010452
v -2.658703 0.899387 0.010842
v -2.673469 0.919188 0.011190
v -2.690306 0.936522 0.011495
v -2.709202 0.951336 0.011756
v -2.730145 0.963575 0.011973
v -2.753121 0.973188 0.012145
v -2.778120 0.980119 0.012269
v -2.805130 0.984318 0.012347
v -2.834137 0.985729 0.012376
v -2.861038 0.984220 0.012353
v -2.886101 0.979764 0.012279
v -2.909252 0.972469 0.012155
v -2.930417 0.962439 0.011984
v -2.949523 0.949783 0.011765
v -2.966497 0.934605 0.011503
v -2.981265 0.917014 0.011198
v -2.993753 0.897115 0.010853
v -3.003888 0.875015 0.010469
v -3.011597 0.850820 0.010047
v -3.016805 0.824637 0.009591
v -3.019441 0.796572 0.009102
v -1.978211 0.321126 0.000646
v -2.031155 0.321126 0.000654
v -2.380583 1.101608 0.014330
v -2.212927 1.101608 0.014305
v -2.004682 0.631274 0.006064
v -1.791140 1.101608 0.014242
v -1.619954 1.101608 0.014216
v -0.241646 0.917564 0.010796
v -0.246770 0.839602 0.009436
v -0.261901 0.763918 0.008117
v -0.286676 0.691370 0.006855
v -0.320736 0.622816 0.005663
v -0.363718 0.559114 0.004558
v -0.415259 0.501122 0.003553
v -0.474999 0.449698 0.002665
v -0.542578 0.405700 0.001907
v -0.617632 0.369986 0.001295
v -0.699800 0.343413 0.000843
v -0.788722 0.326841 0.000567
v -0.884034 0.321126 0.000482
v -0.982487 0.326873 0.000597
v -1.073824 0.343532 0.000901
v -1.157772 0.370226 0.001380
v -1.234054 0.406079 0.002017
v -1.302393 0.450216 0.002798
v -1.362516 0.501762 0.003707
v -1.414145 0.559839 0.004728
v -1.457006 0.623574 0.005847
v -1.490822 0.692089 0.007048
v -1.515318 0.764510 0.008316
v -1.530217 0.839960 0.009635
v -1.535244 0.917564 0.010991
v -1.530084 0.997316 0.012382
v -1.514843 1.074169 0.013721
v -1.489883 1.147353 0.014995
v -1.455566 1.216099 0.016190
v -1.412254 1.279638 0.017292
v -1.360307 1.337201 0.018289
v -1.300088 1.388019 0.019167
v -1.231958 1.431322 0.019913
v -1.156280 1.466341 0.020513
v -1.073413 1.492307 0.020953
v -0.983719 1.508451 0.021222
v -0.887561 1.514003 0.021304
v -0.792921 1.508418 0.021192
v -0.704291 1.492189 0.020896
v -0.622097 1.466101 0.020428
v -0.546759 1.430943 0.019803
v -0.478700 1.387501 0.019035
v -0.418344 1.336562 0.018136
v -0.366115 1.278913 0.017122
v -0.322433 1.215342 0.016006
v -0.287723 1.146634 0.014801
v -0.262406 1.073577 0.013522
v -0.246906 0.996958 0.012183
v -0.419890 0.917564 0.010823
v -0.423969 0.979979 0.011913
v -0.435904 1.039140 0.012947
v -0.455241 1.094632 0.013919
v -0.481527 1.146041 0.014820
v -0.514308 1.192953 0.015644
v -0.553132 1.234955 0.016383
v -0.597544 1.271631 0.017030
v -0.647091 1.302567 0.017577
v -0.701320 1.327349 0.018018
v -0.759777 1.345564 0.018345
v -0.822008 1.356797 0.018550
v -0.887561 1.360633 0.018627
v -0.953520 1.356797 0.018570
v -1.016089 1.345564 0.018383
v -1.074823 1.327349 0.018074
v -1.129274 1.302567 0.017650
v -1.178994 1.271631 0.017117
v -1.223536 1.234955 0.016484
v -1.262452 1.192954 0.015757
v -1.295296 1.146041 0.014943
v -1.321620 1.094632 0.014049
v -1.340977 1.039140 0.013083
v -1.352919 0.979979 0.012053
v -1.357000 0.917564 0.010964
v -1.352920 0.855507 0.009880
v -1.340978 0.796580 0.008850
v -1.321621 0.741216 0.007880
v -1.295297 0.689845 0.006980
v -1.262454 0.642900 0.006155
v -1.223537 0.600813 0.005415
v -1.178996 0.564016 0.004766
v -1.129276 0.532940 0.004216
v -1.074825 0.508019 0.003773
v -1.016092 0.489683 0.003444
v -0.953522 0.478365 0.003237
v -0.887564 0.474496 0.003159
v -0.822011 0.478364 0.003217
v -0.759779 0.489683 0.003405
v -0.701322 0.508019 0.003717
v -0.647093 0.532940 0.004143
v -0.597546 0.564016 0.004678
v -0.553134 0.600813 0.005314
v -0.514309 0.642900 0.006043
v -0.481528 0.689845 0.006857
v -0.455242 0.741216 0.007750
v -0.435904 0.796580 0.008714
v -0.423969 0.855507 0.009740
v -0.089874 0.557997 0.004497
v -0.066964 0.544015 0.004250
v -0.044104 0.531063 0.004020
v -0.021267 0.519175 0.003809
v 0.001569 0.508389 0.003617
v 0.024430 0.498738 0.003446
v 0.047339 0.490259 0.003294
v 0.070323 0.482987 0.003164
v 0.093404 0.476957 0.003055
v 0.116608 0.472206 0.002969
v 0.139959 0.468768 0.002905
v 0.163481 0.466679 0.002865
v 0.187200 0.465975 0.002849
v 0.223854 0.467605 0.002872
v 0.257922 0.472484 0.002952
v 0.289393 0.480593 0.003089
v 0.318253 0.491916 0.003282
v 0.344490 0.506433 0.003532
v 0.368092 0.524128 0.003837
v 0.389047 0.544983 0.004198
v 0.407343 0.568979 0.004614
v 0.422967 0.596100 0.005085
v 0.435907 0.626327 0.005611
v 0.446150 0.659643 0.006191
v 0.453685 0.696030 0.006825
v -0.103992 0.696030 0.006909
v -0.101231 0.763737 0.008090
v -0.093084 0.825432 0.009166
v -0.079753 0.881139 0.010136
v -0.061440 0.930882 0.011002
v -0.038347 0.974684 0.011763
v -0.010677 1.012568 0.012420
v 0.021369 1.044560 0.012973
v 0.057587 1.070682 0.013424
v 0.097775 1.090957 0.013772
v 0.141733 1.105411 0.014017
v 0.189258 1.114066 0.014161
v 0.240145 1.116945 0.014204
v 0.293408 1.113726 0.014140
v 0.343582 1.104259 0.013967
v 0.390373 1.088827 0.013691
v 0.433488 1.067715 0.013316
v 0.472633 1.041207 0.012847
v 0.507512 1.009586 0.012290
v 0.537832 0.973137 0.011649
v 0.563299 0.932144 0.010930
v 0.583618 0.886890 0.010137
v 0.598497 0.837660 0.009275
v 0.607639 0.784738 0.008350
v 0.610753 0.728408 0.007366
v 0.607901 0.676005 0.006452
v 0.599412 0.624868 0.005561
v 0.585383 0.575624 0.004703
v 0.565913 0.528901 0.003891
v 0.541099 0.485326 0.003134
v 0.511040 0.445526 0.002444
v 0.475834 0.410128 0.001831
v 0.435579 0.379760 0.001307
v 0.390372 0.355048 0.000882
v 0.340312 0.336621 0.000568
v 0.285497 0.325104 0.000376
v 0.226025 0.321126 0.000315
v 0.193454 0.321731 0.000330
v 0.162672 0.323556 0.000367
v 0.133483 0.326611 0.000425
v 0.105692 0.330909 0.000504
v 0.079101 0.336461 0.000605
v 0.053515 0.343279 0.000728
v 0.028739 0.351376 0.000873
v 0.004575 0.360762 0.001040
v -0.019172 0.371450 0.001230
v -0.042699 0.383452 0.001443
v -0.066201 0.396779 0.001679
v -0.089874 0.411444 0.001939
v 0.450156 0.796572 0.008580
v 0.443797 0.825711 0.009090
v 0.435319 0.852595 0.009560
v 0.424732 0.877172 0.009991
v 0.412049 0.899387 0.010381
v 0.397284 0.919188 0.010728
v 0.380447 0.936522 0.011034
v 0.361551 0.951336 0.011295
v 0.340608 0.963575 0.011512
v 0.317631 0.973188 0.011683
v 0.292632 0.980119 0.011808
v 0.265623 0.984318 0.011885
v 0.236616 0.985729 0.011914
v 0.209715 0.984220 0.011892
v 0.184652 0.979764 0.011818
v 0.161501 0.972469 0.011694
v 0.140336 0.962439 0.011522
v 0.121229 0.949783 0.011304
v 0.104255 0.934605 0.011042
v 0.089488 0.917014 0.010737
v 0.076999 0.897115 0.010391
v 0.066864 0.875015 0.010007
v 0.059155 0.850820 0.009586
v 0.053946 0.824637 0.009130
v 0.051311 0.796572 0.008640
v 1.939648 1.101608 0.013681
v 1.939646 0.336463 0.000325
v 1.782579 0.336463 0.000349
v 1.782581 0.892003 0.010046
v 1.766491 0.909307 0.010350
v 1.750782 0.924641 0.010620
v 1.735317 0.938093 0.010857
v 1.719963 0.949753 0.011063
v 1.704585 0.959708 0.011239
v 1.689046 0.968049 0.011387
v 1.673214 0.974862 0.011509
v 1.656953 0.980238 0.011605
v 1.640128 0.984264 0.011678
v 1.622605 0.987031 0.011729
v 1.604248 0.988625 0.011759
v 1.584923 0.989137 0.011771
v 1.565798 0.988025 0.011754
v 1.547372 0.984648 0.011698
v 1.529828 0.978939 0.011601
v 1.513351 0.970834 0.011462
v 1.498123 0.960267 0.011280
v 1.484329 0.947173 0.011054
v 1.472153 0.931488 0.010782
v 1.461779 0.913146 0.010463
v 1.453390 0.892082 0.010097
v 1.447170 0.868232 0.009681
v 1.443304 0.841529 0.009216
v 1.441974 0.811909 0.008699
v 1.441972 0.336463 0.000400
v 1.284905 0.336463 0.000424
v 1.284907 0.892003 0.010121
v 1.270548 0.905760 0.010363
v 1.255779 0.918842 0.010593
v 1.240704 0.931144 0.010810
v 1.225427 0.942558 0.011012
v 1.210051 0.952978 0.011196
v 1.194681 0.962297 0.011361
v 1.179422 0.970409 0.011505
v 1.164378 0.977208 0.011626
v 1.149652 0.982587 0.011722
v 1.135348 0.986439 0.011791
v 1.121572 0.988657 0.011832
v 1.108427 0.989137 0.011843
v 1.086290 0.987829 0.011823
v 1.065018 0.983930 0.011758
v 1.044811 0.977474 0.011649
v 1.025873 0.968498 0.011495
v 1.008406 0.957037 0.011297
v 0.992612 0.943126 0.011057
v 0.978693 0.926801 0.010774
v 0.966851 0.908097 0.010449
v 0.957288 0.887050 0.010083
v 0.950207 0.863696 0.009677
v 0.945811 0.838069 0.009230
v 0.944300 0.810205 0.008744
v 0.944299 0.336463 0.000475
v 0.787232 0.336463 0.000498
v 0.787233 0.817022 0.008887
v 0.789340 0.860869 0.009652
v 0.795559 0.901959 0.010368
v 0.805736 0.940090 0.011032
v 0.819719 0.975062 0.011640
v 0.837353 1.006673 0.012189
v 0.858487 1.034722 0.012676
v 0.882967 1.059007 0.013096
v 0.910639 1.079329 0.013447
v 0.941350 1.095484 0.013724
v 0.974948 1.107273 0.013925
v 1.011279 1.114494 0.014045
v 1.050189 1.116945 0.014082
v 1.077810 1.115661 0.014056
v 1.104236 1.111928 0.013986
v 1.129522 1.105922 0.013878
v 1.153724 1.097821 0.013733
v 1.176896 1.087804 0.013554
v 1.199094 1.076046 0.013346
v 1.220372 1.062727 0.013110
v 1.240787 1.048023 0.012851
v 1.260393 1.032112 0.012570
v 1.279245 1.015172 0.012271
v 1.297399 0.997379 0.011958
v 1.314909 0.978912 0.011633
v 1.328763 1.000601 0.012010
v 1.343824 1.020497 0.012355
v 1.360049 1.038583 0.012668
v 1.377396 1.054840 0.012949
v 1.395821 1.069251 0.013198
v 1.415282 1.081798 0.013414
v 1.435735 1.092463 0.013597
v 1.457139 1.101229 0.013747
v 1.479449 1.108078 0.013863
v 1.502623 1.112993 0.013945
v 1.526619 1.115954 0.013993
v 1.551392 1.116945 0.014007
v 1.569962 1.116162 0.013990
v 1.588617 1.113805 0.013946
v 1.607370 1.109862 0.013875
v 1.626233 1.104322 0.013775
v 1.645219 1.097172 0.013648
v 1.664340 1.088401 0.013492
v 1.683607 1.077997 0.013307
v 1.703034 1.065948 0.013094
v 1.722633 1.052242 0.012852
v 1.742416 1.036868 0.012580
v 1.762394 1.019813 0.012280
v 1.782581 1.001066 0.011949
v 1.782581 1.101608 0.013704
v 2.072007 0.472792 0.002685
v 2.080750 0.466617 0.002576
v 2.089304 0.460887 0.002475
v 2.097624 0.455617 0.002381
v 2.105669 0.450828 0.002296
v 2.113395 0.446535 0.002220
v 2.120759 0.442757 0.002153
v 2.127720 0.439511 0.002096
v 2.134233 0.436816 0.002048
v 2.140255 0.434689 0.002010
v 2.145745 0.433147 0.001982
v 2.150658 0.432210 0.001965
v 2.154952 0.431893 0.001959
v 2.159621 0.432111 0.001962
v 2.163915 0.432785 0.001973
v 2.167830 0.433943 0.001992
v 2.171358 0.435617 0.002021
v 2.174495 0.437835 0.002059
v 2.177233 0.440627 0.002108
v 2.179566 0.444022 0.002167
v 2.181489 0.448051 0.002237
v 2.182996 0.452742 0.002318
v 2.184080 0.458125 0.002412
v 2.184734 0.464231 0.002519
v 2.184954 0.471088 0.002638
v 2.184955 0.864737 0.009509
v 2.187549 0.906213 0.010233
v 2.195111 0.943773 0.010887
v 2.207319 0.977474 0.011474
v 2.223847 1.007377 0.011993
v 2.244370 1.033540 0.012447
v 2.268564 1.056023 0.012836
v 2.296103 1.074885 0.013161
v 2.326663 1.090184 0.013423
v 2.359920 1.101981 0.013624
v 2.395547 1.110334 0.013765
v 2.433222 1.115302 0.013846
v 2.472618 1.116945 0.013868
v 2.500710 1.116234 0.013852
v 2.527637 1.114097 0.013810
v 2.553413 1.110528 0.013744
v 2.578049 1.105521 0.013653
v 2.601557 1.099071 0.013537
v 2.623950 1.091171 0.013396
v 2.645240 1.081815 0.013229
v 2.665439 1.070997 0.013037
v 2.684560 1.058712 0.012820
v 2.702614 1.044954 0.012577
v 2.719615 1.029717 0.012309
v 2.735573 1.012994 0.012014
v 2.735573 0.847696 0.009129
v 2.716352 0.868434 0.009494
v 2.696666 0.887214 0.009825
v 2.676562 0.904065 0.010122
v 2.656092 0.919016 0.010386
v 2.635302 0.932098 0.010617
v 2.614243 0.943339 0.010817
v 2.592963 0.952770 0.010985
v 2.571512 0.960419 0.011121
v 2.549938 0.966318 0.011228
v 2.528291 0.970494 0.011304
v 2.506619 0.972978 0.011350
v 2.484972 0.973800 0.011368
v 2.462140 0.972974 0.011357
v 2.441293 0.970455 0.011316
v 2.422431 0.966185 0.011244
v 2.405556 0.960104 0.011141
v 2.390665 0.952153 0.011004
v 2.377760 0.942274 0.010834
v 2.366840 0.930406 0.010628
v 2.357906 0.916491 0.010387
v 2.350957 0.900470 0.010108
v 2.345994 0.882283 0.009791
v 2.343015 0.861871 0.009436
v 2.342022 0.839175 0.009040
v 2.342022 0.798277 0.008326
v 2.481441 0.750561 0.007472
v 2.513447 0.739389 0.007272
v 2.545562 0.727785 0.007065
v 2.577237 0.715388 0.006844
v 2.607919 0.701837 0.006602
v 2.637056 0.686771 0.006335
v 2.664098 0.669829 0.006035
v 2.688493 0.650651 0.005697
v 2.709688 0.628875 0.005314
v 2.727134 0.604141 0.004879
v 2.740278 0.576087 0.004388
v 2.748569 0.544353 0.003832
v 2.751455 0.508578 0.003207
v 2.749860 0.484127 0.002781
v 2.745164 0.460374 0.002367
v 2.737502 0.437591 0.001970
v 2.727009 0.416051 0.001596
v 2.713820 0.396026 0.001248
v 2.698070 0.377788 0.000933
v 2.679893 0.361608 0.000653
v 2.659424 0.347760 0.000414
v 2.636798 0.336516 0.000221
v 2.612150 0.328147 0.000079
v 2.585615 0.322927 -0.000008
v 2.557327 0.321126 -0.000035
v 2.539239 0.321659 -0.000023
v 2.521165 0.323264 0.000007
v 2.503114 0.325945 0.000057
v 2.485101 0.329710 0.000125
v 2.467136 0.334563 0.000213
v 2.449233 0.340510 0.000319
v 2.431403 0.347558 0.000445
v 2.413659 0.355713 0.000590
v 2.396013 0.364980 0.000754
v 2.378478 0.375366 0.000938
v 2.361064 0.386875 0.001142
v 2.343786 0.399515 0.001365
v 2.339773 0.386517 0.001139
v 2.334774 0.374774 0.000935
v 2.328758 0.364261 0.000752
v 2.321693 0.354956 0.000591
v 2.313550 0.346833 0.000450
v 2.304298 0.339871 0.000330
v 2.293907 0.334045 0.000230
v 2.282345 0.329331 0.000149
v 2.269581 0.325706 0.000088
v 2.255587 0.323146 0.000045
v 2.240329 0.321627 0.000021
v 2.223779 0.321126 0.000015
v 2.211794 0.321421 0.000022
v 2.200404 0.322349 0.000040
v 2.189393 0.323975 0.000070
v 2.178548 0.326364 0.000113
v 2.167654 0.329582 0.000171
v 2.156496 0.333694 0.000244
v 2.144861 0.338764 0.000334
v 2.132533 0.344857 0.000443
v 2.119298 0.352039 0.000570
v 2.104941 0.360376 0.000718
v 2.089249 0.369931 0.000887
v 2.072006 0.380770 0.001079
v 2.342021 0.491537 0.002972
v 2.352684 0.482063 0.002805
v 2.363493 0.473257 0.002649
v 2.374449 0.465150 0.002506
v 2.385553 0.457770 0.002376
v 2.396804 0.451148 0.002258
v 2.408201 0.445313 0.002155
v 2.419746 0.440294 0.002065
v 2.431438 0.436122 0.001991
v 2.443277 0.432825 0.001931
v 2.455263 0.430433 0.001888
v 2.467396 0.428977 0.001861
v 2.479676 0.428485 0.001850
v 2.495615 0.429393 0.001864
v 2.510715 0.432059 0.001908
v 2.524871 0.436393 0.001982
v 2.537980 0.442307 0.002083
v 2.549936 0.449712 0.002210
v 2.560636 0.458520 0.002362
v 2.569976 0.468641 0.002538
v 2.577851 0.479987 0.002734
v 2.584157 0.492469 0.002951
v 2.588791 0.505998 0.003187
v 2.591648 0.520486 0.003439
v 2.592623 0.535844 0.003707
v 2.590254 0.557491 0.004085
v 2.583375 0.577381 0.004434
v 2.572328 0.595674 0.004755
v 2.557458 0.612529 0.005051
v 2.539107 0.628105 0.005326
v 2.517620 0.642564 0.005581
v 2.493337 0.656063 0.005821
v 2.466604 0.668764 0.006046
v 2.437762 0.680826 0.006261
v 2.407156 0.692409 0.006468
v 2.375128 0.703672 0.006669
v 2.342022 0.714775 0.006868
v 2.915583 0.909044 0.010173
v 3.319722 0.909044 0.010112
v 3.319722 0.759082 0.007495
v 3.088533 0.759082 0.007529
v 3.088532 0.520507 0.003365
v 3.109309 0.514232 0.003252
v 3.130185 0.508223 0.003144
v 3.151183 0.502534 0.003042
v 3.172328 0.497217 0.002946
v 3.193644 0.492327 0.002857
v 3.215157 0.487916 0.002777
v 3.236890 0.484037 0.002706
v 3.258868 0.480744 0.002645
v 3.281116 0.478090 0.002596
v 3.303658 0.476129 0.002558
v 3.326519 0.474913 0.002533
v 3.349722 0.474496 0.002523
v 3.419365 0.478233 0.002577
v 3.485073 0.489202 0.002759
v 3.546443 0.507034 0.003061
v 3.603070 0.531363 0.003477
v 3.654549 0.561821 0.004001
v 3.700477 0.598044 0.004626
v 3.740449 0.639662 0.005347
v 3.774060 0.686310 0.006156
v 3.800906 0.737621 0.007048
v 3.820582 0.793227 0.008015
v 3.832685 0.852763 0.009053
v 3.836809 0.915860 0.010153
v 3.832664 0.977593 0.011232
v 3.820566 1.036379 0.012260
v 3.801017 1.091756 0.013229
v 3.774518 1.143264 0.014132
v 3.741573 1.190441 0.014961
v 3.702685 1.232825 0.015706
v 3.658354 1.269954 0.016361
v 3.609085 1.301368 0.016917
v 3.555379 1.326604 0.017365
v 3.497739 1.345201 0.017699
v 3.436668 1.356698 0.017908
v 3.372667 1.360633 0.017987
v 3.336456 1.359818 0.017978
v 3.300196 1.357382 0.017941
v 3.263911 1.353337 0.017876
v 3.227627 1.347694 0.017783
v 3.191367 1.340466 0.017662
v 3.155155 1.331663 0.017514
v 3.119018 1.321298 0.017338
v 3.082978 1.309383 0.017136
v 3.047061 1.295930 0.016906
v 3.011292 1.280950 0.016650
v 2.975693 1.264455 0.016368
v 2.940291 1.246457 0.016059
v 2.940291 1.415164 0.019004
v 2.985701 1.433218 0.019312
v 3.027820 1.449112 0.019583
v 3.067109 1.462959 0.019819
v 3.104026 1.474871 0.020021
v 3.139031 1.484961 0.020192
v 3.172583 1.493340 0.020333
v 3.205143 1.500122 0.020447
v 3.237170 1.505419 0.020534
v 3.269124 1.509343 0.020598
v 3.301463 1.512007 0.020640
v 3.334648 1.513523 0.020661
v 3.369138 1.514003 0.020664
v 3.458959 1.508674 0.020558
v 3.544441 1.493104 0.020273
v 3.624924 1.467912 0.019821
v 3.699744 1.433720 0.019213
v 3.768240 1.391150 0.018460
v 3.829751 1.340823 0.017572
v 3.883614 1.283359 0.016561
v 3.929167 1.219381 0.015438
v 3.965750 1.149510 0.014212
v 3.992700 1.074366 0.012897
v 4.009355 0.994572 0.011501
v 4.015053 0.910748 0.010037
v 4.009492 0.827550 0.008586
v 3.993214 0.748731 0.007213
v 3.966824 0.674835 0.005927
v 3.930931 0.606406 0.004738
v 3.886139 0.543990 0.003655
v 3.833057 0.488129 0.002688
v 3.772291 0.439368 0.001846
v 3.704447 0.398253 0.001138
v 3.630132 0.365326 0.000575
v 3.549953 0.341134 0.000165
v 3.464517 0.326219 -0.000083
v 3.374429 0.321126 -0.000158
v 3.333249 0.321702 -0.000142
v 3.293379 0.323461 -0.000105
v 3.254588 0.326451 -0.000047
v 3.216643 0.330719 0.000033
v 3.179311 0.336313 0.000136
v 3.142358 0.343279 0.000263
v 3.105553 0.351666 0.000415
v 3.068661 0.361520 0.000593
v 3.031452 0.372888 0.000797
v 2.993690 0.385819 0.001028
v 2.955144 0.400359 0.001288
v 2.915581 0.416556 0.001577
vn -0.0000 0.0175 -0.9998
vn -0.0000 0.0174 -0.9998
vn -0.0000 1.0000 -0.0000
vn -0.0000 -1.0000 -0.0000
vn -0.0002 0.0175 -0.9998
vn -0.0001 0.0175 -0.9998
vn -0.0002 0.0174 -0.9998
vt 0.387755 0.000000
vt 0.367347 0.000000
vt 0.377551 0.000000
vt 0.357143 0.000000
vt 0.397959 0.000000
vt 0.346939 0.000000
vt 0.408163 0.000000
vt 0.336735 0.000000
vt 0.418367 0.000000
vt 0.326531 0.000000
vt 0.428571 0.000000
vt 0.316327 0.000000
vt 0.438776 0.000000
vt 0.306122 0.000000
vt 0.448980 0.000000
vt 0.877551 0.000000
vt 0.867347 0.000000
vt 0.887755 0.000000
vt 0.857143 0.000000
vt 0.897959 0.000000
vt 0.846939 0.000000
vt 0.908163 0.000000
vt 0.295918 0.000000
vt 0.836735 0.000000
vt 0.459184 0.000000
vt 0.918367 0.000000
vt 0.826531 0.000000
vt 0.928571 0.000000
vt 0.816327 0.000000
vt 0.938776 0.000000
vt 0.806122 0.000000
vt 0.948980 0.000000
vt 0.469388 0.000000
vt 0.285714 0.000000
vt 0.795918 0.000000
vt 0.959184 0.000000
vt 0.785714 0.000000
vt 0.969388 0.000000
vt 0.479592 0.000000
vt 0.275510 0.000000
vt 0.775510 0.000000
vt 0.979592 0.000000
vt 0.765306 0.000000
vt 0.989796 0.000000
vt 0.489796 0.000000
vt 0.755102 0.000000
vt 0.265306 0.000000
vt 1.000000 0.000000
vt 0.500000 0.000000
vt 0.255102 0.000000
vt 0.510204 0.000000
vt 0.244898 0.000000
vt 0.234694 0.000000
vt 0.520408 0.000000
vt 0.224490 0.000000
vt 0.214286 0.000000
vt 0.530612 0.000000
vt 0.204082 0.000000
vt 0.540816 0.000000
vt 0.193878 0.000000
vt 0.010204 0.000000
vt 0.744898 0.000000
vt 0.000000 0.000000
vt 0.183673 0.000000
vt 0.020408 0.000000
vt 0.030612 0.000000
vt 0.551020 0.000000
vt 0.173469 0.000000
vt 0.040816 0.000000
vt 0.051020 0.000000
vt 0.163265 0.000000
vt 0.061224 0.000000
vt 0.153061 0.000000
vt 0.071429 0.000000
vt 0.561224 0.000000
vt 0.081633 0.000000
vt 0.142857 0.000000
vt 0.091837 0.000000
vt 0.132653 0.000000
vt 0.102041 0.000000
vt 0.112245 0.000000
vt 0.122449 0.000000
vt 0.571429 0.000000
vt 0.734694 0.000000
vt 0.581633 0.000000
vt 0.724490 0.000000
vt 0.714286 0.000000
vt 0.591837 0.000000
vt 0.704082 0.000000
vt 0.693878 0.000000
vt 0.602041 0.000000
vt 0.683673 0.000000
vt 0.673469 0.000000
vt 0.612245 0.000000
vt 0.663265 0.000000
vt 0.653061 0.000000
vt 0.642857 0.000000
vt 0.622449 0.000000
vt 0.632653 0.000000
vt 0.134021 0.000000
vt 0.113402 0.000000
vt 0.123711 0.000000
vt 0.103093 0.000000
vt 0.092784 0.000000
vt 0.144330 0.000000
vt 0.082474 0.000000
vt 0.072165 0.000000
vt 0.061856 0.000000
vt 0.154639 0.000000
vt 0.051546 0.000000
vt 0.041237 0.000000
vt 0.030928 0.000000
vt 0.164948 0.000000
vt 0.020619 0.000000
vt 0.010309 0.000000
vt 0.175258 0.000000
vt 0.917526 0.000000
vt 0.927835 0.000000
vt 0.938144 0.000000
vt 0.948454 0.000000
vt 0.958763 0.000000
vt 0.969072 0.000000
vt 0.979381 0.000000
vt 0.989691 0.000000
vt 0.185567 0.000000
vt 0.896907 0.000000
vt 0.907216 0.000000
vt 0.195876 0.000000
vt 0.876289 0.000000
vt 0.886598 0.000000
vt 0.865979 0.000000
vt 0.855670 0.000000
vt 0.845361 0.000000
vt 0.206186 0.000000
vt 0.835052 0.000000
vt 0.824742 0.000000
vt 0.814433 0.000000
vt 0.216495 0.000000
vt 0.804124 0.000000
vt 0.793814 0.000000
vt 0.226804 0.000000
vt 0.783505 0.000000
vt 0.773196 0.000000
vt 0.237113 0.000000
vt 0.762887 0.000000
vt 0.247423 0.000000
vt 0.752577 0.000000
vt 0.742268 0.000000
vt 0.257732 0.000000
vt 0.731959 0.000000
vt 0.268041 0.000000
vt 0.721649 0.000000
vt 0.711340 0.000000
vt 0.278351 0.000000
vt 0.701031 0.000000
vt 0.690722 0.000000
vt 0.288660 0.000000
vt 0.680412 0.000000
vt 0.515464 0.000000
vt 0.494845 0.000000
vt 0.505155 0.000000
vt 0.670103 0.000000
vt 0.525773 0.000000
vt 0.298969 0.000000
vt 0.536082 0.000000
vt 0.659794 0.000000
vt 0.546392 0.000000
vt 0.556701 0.000000
vt 0.567010 0.000000
vt 0.649485 0.000000
vt 0.577320 0.000000
vt 0.587629 0.000000
vt 0.639175 0.000000
vt 0.597938 0.000000
vt 0.608247 0.000000
vt 0.628866 0.000000
vt 0.618557 0.000000
vt 0.309278 0.000000
vt 0.319588 0.000000
vt 0.329897 0.000000
vt 0.340206 0.000000
vt 0.484536 0.000000
vt 0.474227 0.000000
vt 0.463918 0.000000
vt 0.350515 0.000000
vt 0.453608 0.000000
vt 0.443299 0.000000
vt 0.432990 0.000000
vt 0.422680 0.000000
vt 0.360825 0.000000
vt 0.412371 0.000000
vt 0.402062 0.000000
vt 0.391753 0.000000
vt 0.371134 0.000000
vt 0.381443 0.000000
vt 0.219653 0.000000
vt 0.208092 0.000000
vt 0.213873 0.000000
vt 0.225434 0.000000
vt 0.202312 0.000000
vt 0.231214 0.000000
vt 0.236994 0.000000
vt 0.196532 0.000000
vt 0.242775 0.000000
vt 0.190751 0.000000
vt 0.248555 0.000000
vt 0.254335 0.000000
vt 0.184971 0.000000
vt 0.260116 0.000000
vt 0.179191 0.000000
vt 0.265896 0.000000
vt 0.271676 0.000000
vt 0.173410 0.000000
vt 0.277457 0.000000
vt 0.167630 0.000000
vt 0.283237 0.000000
vt 0.289017 0.000000
vt 0.294798 0.000000
vt 0.300578 0.000000
vt 0.306358 0.000000
vt 0.312139 0.000000
vt 0.317919 0.000000
vt 0.323699 0.000000
vt 0.329480 0.000000
vt 0.335260 0.000000
vt 0.341040 0.000000
vt 0.346821 0.000000
vt 0.352601 0.000000
vt 0.358382 0.000000
vt 0.161850 0.000000
vt 0.364162 0.000000
vt 0.156069 0.000000
vt 0.369942 0.000000
vt 0.375723 0.000000
vt 0.381503 0.000000
vt 0.387283 0.000000
vt 0.393064 0.000000
vt 0.150289 0.000000
vt 0.398844 0.000000
vt 0.404624 0.000000
vt 0.410405 0.000000
vt 0.144509 0.000000
vt 0.416185 0.000000
vt 0.421965 0.000000
vt 0.138728 0.000000
vt 0.427746 0.000000
vt 0.433526 0.000000
vt 0.439306 0.000000
vt 0.445087 0.000000
vt 0.450867 0.000000
vt 0.456647 0.000000
vt 0.462428 0.000000
vt 0.994220 0.000000
vt 0.791907 0.000000
vt 0.988439 0.000000
vt 0.468208 0.000000
vt 0.982659 0.000000
vt 0.473988 0.000000
vt 0.976879 0.000000
vt 0.479769 0.000000
vt 0.971098 0.000000
vt 0.965318 0.000000
vt 0.485549 0.000000
vt 0.959538 0.000000
vt 0.491329 0.000000
vt 0.953757 0.000000
vt 0.947977 0.000000
vt 0.497110 0.000000
vt 0.942197 0.000000
vt 0.936416 0.000000
vt 0.502890 0.000000
vt 0.930636 0.000000
vt 0.508671 0.000000
vt 0.924855 0.000000
vt 0.919075 0.000000
vt 0.514451 0.000000
vt 0.913295 0.000000
vt 0.907514 0.000000
vt 0.797688 0.000000
vt 0.520231 0.000000
vt 0.803468 0.000000
vt 0.901734 0.000000
vt 0.809249 0.000000
vt 0.005780 0.000000
vt 0.786127 0.000000
vt 0.132948 0.000000
vt 0.895954 0.000000
vt 0.011561 0.000000
vt 0.815029 0.000000
vt 0.127168 0.000000
vt 0.017341 0.000000
vt 0.526012 0.000000
vt 0.890173 0.000000
vt 0.121387 0.000000
vt 0.820809 0.000000
vt 0.023121 0.000000
vt 0.115607 0.000000
vt 0.826590 0.000000
vt 0.028902 0.000000
vt 0.884393 0.000000
vt 0.109827 0.000000
vt 0.034682 0.000000
vt 0.832370 0.000000
vt 0.104046 0.000000
vt 0.040462 0.000000
vt 0.878613 0.000000
vt 0.098266 0.000000
vt 0.838150 0.000000
vt 0.046243 0.000000
vt 0.092486 0.000000
vt 0.531792 0.000000
vt 0.052023 0.000000
vt 0.872832 0.000000
vt 0.843931 0.000000
vt 0.086705 0.000000
vt 0.057803 0.000000
vt 0.080925 0.000000
vt 0.063584 0.000000
vt 0.849711 0.000000
vt 0.075145 0.000000
vt 0.069364 0.000000
vt 0.867052 0.000000
vt 0.855491 0.000000
vt 0.861272 0.000000
vt 0.647399 0.000000
vt 0.537572 0.000000
vt 0.641618 0.000000
vt 0.653179 0.000000
vt 0.543353 0.000000
vt 0.635838 0.000000
vt 0.658960 0.000000
vt 0.780347 0.000000
vt 0.549133 0.000000
vt 0.630058 0.000000
vt 0.664740 0.000000
vt 0.774566 0.000000
vt 0.624277 0.000000
vt 0.670520 0.000000
vt 0.554913 0.000000
vt 0.768786 0.000000
vt 0.618497 0.000000
vt 0.676301 0.000000
vt 0.763006 0.000000
vt 0.560694 0.000000
vt 0.612717 0.000000
vt 0.682081 0.000000
vt 0.757225 0.000000
vt 0.606936 0.000000
vt 0.687861 0.000000
vt 0.751445 0.000000
vt 0.566474 0.000000
vt 0.601156 0.000000
vt 0.693642 0.000000
vt 0.745665 0.000000
vt 0.595376 0.000000
vt 0.739884 0.000000
vt 0.699422 0.000000
vt 0.572254 0.000000
vt 0.734104 0.000000
vt 0.589595 0.000000
vt 0.705202 0.000000
vt 0.728324 0.000000
vt 0.583815 0.000000
vt 0.710983 0.000000
vt 0.578035 0.000000
vt 0.722543 0.000000
vt 0.716763 0.000000
vt 0.493506 0.000000
vt 0.519481 0.000000
vt 0.480519 0.000000
vt 0.467532 0.000000
vt 0.454545 0.000000
vt 0.441558 0.000000
vt 0.415584 0.000000
vt 0.402597 0.000000
vt 0.389610 0.000000
vt 0.376623 0.000000
vt 0.532468 0.000000
vt 0.545455 0.000000
vt 0.363636 0.000000
vt 0.558442 0.000000
vt 0.584416 0.000000
vt 0.597403 0.000000
vt 0.350649 0.000000
vt 0.610390 0.000000
vt 0.623377 0.000000
vt 0.337662 0.000000
vt 0.636364 0.000000
vt 0.649351 0.000000
vt 0.324675 0.000000
vt 0.662338 0.000000
vt 0.675325 0.000000
vt 0.311688 0.000000
vt 0.688312 0.000000
vt 0.701299 0.000000
vt 0.298701 0.000000
vt 0.727273 0.000000
vt 0.740260 0.000000
vt 0.272727 0.000000
vt 0.753247 0.000000
vt 0.766234 0.000000
vt 0.259740 0.000000
vt 0.779221 0.000000
vt 0.246753 0.000000
vt 0.792208 0.000000
vt 0.987013 0.000000
vt 0.805195 0.000000
vt 0.974026 0.000000
vt 0.961039 0.000000
vt 0.948052 0.000000
vt 0.818182 0.000000
vt 0.935065 0.000000
vt 0.922078 0.000000
vt 0.233766 0.000000
vt 0.831169 0.000000
vt 0.909091 0.000000
vt 0.896104 0.000000
vt 0.883117 0.000000
vt 0.844156 0.000000
vt 0.870130 0.000000
vt 0.220779 0.000000
vt 0.207792 0.000000
vt 0.194805 0.000000
vt 0.506494 0.000000
vt 0.012987 0.000000
vt 0.181818 0.000000
vt 0.025974 0.000000
vt 0.038961 0.000000
vt 0.051948 0.000000
vt 0.064935 0.000000
vt 0.168831 0.000000
vt 0.077922 0.000000
vt 0.090909 0.000000
vt 0.103896 0.000000
vt 0.116883 0.000000
vt 0.155844 0.000000
vt 0.129870 0.000000
vt 0.107438 0.000000
vt 0.099174 0.000000
vt 0.082645 0.000000
vt 0.074380 0.000000
vt 0.115702 0.000000
vt 0.066116 0.000000
vt 0.057851 0.000000
vt 0.123967 0.000000
vt 0.049587 0.000000
vt 0.041322 0.000000
vt 0.132231 0.000000
vt 0.033058 0.000000
vt 0.024793 0.000000
vt 0.140496 0.000000
vt 0.016529 0.000000
vt 0.008264 0.000000
vt 0.148760 0.000000
vt 0.933884 0.000000
vt 0.942149 0.000000
vt 0.950413 0.000000
vt 0.958678 0.000000
vt 0.966942 0.000000
vt 0.975207 0.000000
vt 0.983471 0.000000
vt 0.991736 0.000000
vt 0.157025 0.000000
vt 0.917355 0.000000
vt 0.925620 0.000000
vt 0.165289 0.000000
vt 0.900826 0.000000
vt 0.173554 0.000000
vt 0.892562 0.000000
vt 0.884298 0.000000
vt 0.876033 0.000000
vt 0.867769 0.000000
vt 0.859504 0.000000
vt 0.851240 0.000000
vt 0.842975 0.000000
vt 0.834711 0.000000
vt 0.826446 0.000000
vt 0.190083 0.000000
vt 0.809917 0.000000
vt 0.198347 0.000000
vt 0.801653 0.000000
vt 0.793388 0.000000
vt 0.206612 0.000000
vt 0.785124 0.000000
vt 0.776860 0.000000
vt 0.214876 0.000000
vt 0.768595 0.000000
vt 0.223140 0.000000
vt 0.760331 0.000000
vt 0.752066 0.000000
vt 0.231405 0.000000
vt 0.743802 0.000000
vt 0.239669 0.000000
vt 0.735537 0.000000
vt 0.247934 0.000000
vt 0.256198 0.000000
vt 0.719008 0.000000
vt 0.264463 0.000000
vt 0.710744 0.000000
vt 0.280992 0.000000
vt 0.289256 0.000000
vt 0.702479 0.000000
vt 0.297521 0.000000
vt 0.504132 0.000000
vt 0.487603 0.000000
vt 0.495868 0.000000
vt 0.694215 0.000000
vt 0.305785 0.000000
vt 0.479339 0.000000
vt 0.314050 0.000000
vt 0.685950 0.000000
vt 0.471074 0.000000
vt 0.322314 0.000000
vt 0.462810 0.000000
vt 0.330579 0.000000
vt 0.338843 0.000000
vt 0.677686 0.000000
vt 0.347107 0.000000
vt 0.446281 0.000000
vt 0.355372 0.000000
vt 0.438017 0.000000
vt 0.669421 0.000000
vt 0.429752 0.000000
vt 0.371901 0.000000
vt 0.421488 0.000000
vt 0.380165 0.000000
vt 0.413223 0.000000
vt 0.388430 0.000000
vt 0.404959 0.000000
vt 0.661157 0.000000
vt 0.396694 0.000000
vt 0.652893 0.000000
vt 0.512397 0.000000
vt 0.520661 0.000000
vt 0.644628 0.000000
vt 0.528926 0.000000
vt 0.537190 0.000000
vt 0.628099 0.000000
vt 0.553719 0.000000
vt 0.561983 0.000000
vt 0.619835 0.000000
vt 0.570248 0.000000
vt 0.578512 0.000000
vt 0.611570 0.000000
vt 0.586777 0.000000
vt 0.595041 0.000000
vt 0.603306 0.000000
vt 0.010526 0.000000
vt 0.494737 0.000000
vt 0.484211 0.000000
vt 0.021053 0.000000
vt 0.473684 0.000000
vt 0.031579 0.000000
vt 0.463158 0.000000
vt 0.042105 0.000000
vt 0.452632 0.000000
vt 0.052632 0.000000
vt 0.442105 0.000000
vt 0.063158 0.000000
vt 0.431579 0.000000
vt 0.073684 0.000000
vt 0.505263 0.000000
vt 0.515789 0.000000
vt 0.989474 0.000000
vt 0.526316 0.000000
vt 0.978947 0.000000
vt 0.536842 0.000000
vt 0.421053 0.000000
vt 0.084211 0.000000
vt 0.968421 0.000000
vt 0.547368 0.000000
vt 0.957895 0.000000
vt 0.557895 0.000000
vt 0.947368 0.000000
vt 0.568421 0.000000
vt 0.410526 0.000000
vt 0.094737 0.000000
vt 0.936842 0.000000
vt 0.578947 0.000000
vt 0.926316 0.000000
vt 0.589474 0.000000
vt 0.400000 0.000000
vt 0.105263 0.000000
vt 0.915789 0.000000
vt 0.600000 0.000000
vt 0.389474 0.000000
vt 0.115789 0.000000
vt 0.905263 0.000000
vt 0.610526 0.000000
vt 0.894737 0.000000
vt 0.621053 0.000000
vt 0.378947 0.000000
vt 0.126316 0.000000
vt 0.884211 0.000000
vt 0.631579 0.000000
vt 0.136842 0.000000
vt 0.873684 0.000000
vt 0.368421 0.000000
vt 0.642105 0.000000
vt 0.863158 0.000000
vt 0.652632 0.000000
vt 0.147368 0.000000
vt 0.357895 0.000000
vt 0.852632 0.000000
vt 0.663158 0.000000
vt 0.842105 0.000000
vt 0.157895 0.000000
vt 0.673684 0.000000
vt 0.347368 0.000000
vt 0.831579 0.000000
vt 0.684211 0.000000
vt 0.168421 0.000000
vt 0.336842 0.000000
vt 0.821053 0.000000
vt 0.694737 0.000000
vt 0.810526 0.000000
vt 0.705263 0.000000
vt 0.178947 0.000000
vt 0.326316 0.000000
vt 0.800000 0.000000
vt 0.715789 0.000000
vt 0.789474 0.000000
vt 0.726316 0.000000
vt 0.778947 0.000000
vt 0.736842 0.000000
vt 0.189474 0.000000
vt 0.315789 0.000000
vt 0.768421 0.000000
vt 0.747368 0.000000
vt 0.757895 0.000000
vt 0.200000 0.000000
vt 0.305263 0.000000
vt 0.210526 0.000000
vt 0.294737 0.000000
vt 0.221053 0.000000
vt 0.284211 0.000000
vt 0.231579 0.000000
vt 0.273684 0.000000
vt 0.242105 0.000000
vt 0.263158 0.000000
vt 0.252632 0.000000
vt 0.017544 0.000000
vt 0.982456 0.000000
vt 0.964912 0.000000
vt 0.035088 0.000000
vt 0.070175 0.000000
vt 0.929825 0.000000
vt 0.912281 0.000000
vt 0.087719 0.000000
vt 0.877193 0.000000
vt 0.859649 0.000000
vt 0.491228 0.000000
vt 0.508772 0.000000
vt 0.543860 0.000000
vt 0.561404 0.000000
vt 0.122807 0.000000
vt 0.824561 0.000000
vt 0.596491 0.000000
vt 0.807018 0.000000
vt 0.614035 0.000000
vt 0.771930 0.000000
vt 0.649123 0.000000
vt 0.140351 0.000000
vt 0.666667 0.000000
vt 0.754386 0.000000
vt 0.701754 0.000000
vt 0.719298 0.000000
vt 0.175439 0.000000
vt 0.192982 0.000000
vt 0.456140 0.000000
vt 0.438596 0.000000
vt 0.228070 0.000000
vt 0.403509 0.000000
vt 0.385965 0.000000
vt 0.245614 0.000000
vt 0.350877 0.000000
vt 0.333333 0.000000
vt 0.280702 0.000000
vt 0.298246 0.000000
vt 0.035714 0.000000
vt 0.017857 0.000000
vt 0.750000 0.000000
vt 0.767857 0.000000
vt 0.803571 0.000000
vt 0.732143 0.000000
vt 0.821429 0.000000
vt 0.839286 0.000000
vt 0.696429 0.000000
vt 0.875000 0.000000
vt 0.892857 0.000000
vt 0.678571 0.000000
vt 0.910714 0.000000
vt 0.660714 0.000000
vt 0.946429 0.000000
vt 0.964286 0.000000
vt 0.982143 0.000000
vt 0.625000 0.000000
vt 0.089286 0.000000
vt 0.107143 0.000000
vt 0.125000 0.000000
vt 0.160714 0.000000
vt 0.178571 0.000000
vt 0.196429 0.000000
vt 0.232143 0.000000
vt 0.250000 0.000000
vt 0.267857 0.000000
vt 0.303571 0.000000
vt 0.321429 0.000000
vt 0.339286 0.000000
vt 0.607143 0.000000
vt 0.375000 0.000000
vt 0.392857 0.000000
vt 0.410714 0.000000
vt 0.589286 0.000000
vt 0.446429 0.000000
vt 0.464286 0.000000
vt 0.053571 0.000000
vt 0.482143 0.000000
vt 0.553571 0.000000
vt 0.517857 0.000000
vt 0.535714 0.000000
vt 0.097744 0.000000
vt 0.082707 0.000000
vt 0.090226 0.000000
vt 0.075188 0.000000
vt 0.067669 0.000000
vt 0.060150 0.000000
vt 0.112782 0.000000
vt 0.045113 0.000000
vt 0.120301 0.000000
vt 0.037594 0.000000
vt 0.030075 0.000000
vt 0.127820 0.000000
vt 0.022556 0.000000
vt 0.015038 0.000000
vt 0.135338 0.000000
vt 0.007519 0.000000
vt 0.939850 0.000000
vt 0.954887 0.000000
vt 0.962406 0.000000
vt 0.969925 0.000000
vt 0.977444 0.000000
vt 0.984962 0.000000
vt 0.992481 0.000000
vt 0.150376 0.000000
vt 0.924812 0.000000
vt 0.932331 0.000000
vt 0.917293 0.000000
vt 0.165414 0.000000
vt 0.902256 0.000000
vt 0.909774 0.000000
vt 0.887218 0.000000
vt 0.879699 0.000000
vt 0.872180 0.000000
vt 0.864662 0.000000
vt 0.172932 0.000000
vt 0.849624 0.000000
vt 0.834586 0.000000
vt 0.180451 0.000000
vt 0.827068 0.000000
vt 0.819549 0.000000
vt 0.812030 0.000000
vt 0.187970 0.000000
vt 0.804511 0.000000
vt 0.796992 0.000000
vt 0.781955 0.000000
vt 0.774436 0.000000
vt 0.195489 0.000000
vt 0.766917 0.000000
vt 0.759399 0.000000
vt 0.751880 0.000000
vt 0.203008 0.000000
vt 0.744361 0.000000
vt 0.729323 0.000000
vt 0.721804 0.000000
vt 0.218045 0.000000
vt 0.706767 0.000000
vt 0.225564 0.000000
vt 0.699248 0.000000
vt 0.233083 0.000000
vt 0.691729 0.000000
vt 0.240602 0.000000
vt 0.676692 0.000000
vt 0.248120 0.000000
vt 0.669173 0.000000
vt 0.661654 0.000000
vt 0.255639 0.000000
vt 0.654135 0.000000
vt 0.646617 0.000000
vt 0.270677 0.000000
vt 0.639098 0.000000
vt 0.458647 0.000000
vt 0.443609 0.000000
vt 0.451128 0.000000
vt 0.278196 0.000000
vt 0.436090 0.000000
vt 0.293233 0.000000
vt 0.624060 0.000000
vt 0.300752 0.000000
vt 0.413534 0.000000
vt 0.308271 0.000000
vt 0.406015 0.000000
vt 0.616541 0.000000
vt 0.398496 0.000000
vt 0.323308 0.000000
vt 0.330827 0.000000
vt 0.390977 0.000000
vt 0.338346 0.000000
vt 0.383459 0.000000
vt 0.345865 0.000000
vt 0.375940 0.000000
vt 0.353383 0.000000
vt 0.360902 0.000000
vt 0.609023 0.000000
vt 0.601504 0.000000
vt 0.593985 0.000000
vt 0.466165 0.000000
vt 0.586466 0.000000
vt 0.481203 0.000000
vt 0.488722 0.000000
vt 0.496241 0.000000
vt 0.503759 0.000000
vt 0.563910 0.000000
vt 0.511278 0.000000
vt 0.518797 0.000000
vt 0.556391 0.000000
vt 0.533835 0.000000
vt 0.548872 0.000000
vt 0.541353 0.000000
vt 0.509091 0.000000
vt 0.527273 0.000000
vt 0.490909 0.000000
vt 0.054545 0.000000
vt 0.018182 0.000000
vt 0.036364 0.000000
vt 0.563636 0.000000
vt 0.472727 0.000000
vt 0.581818 0.000000
vt 0.436364 0.000000
vt 0.072727 0.000000
vt 0.418182 0.000000
vt 0.109091 0.000000
vt 0.127273 0.000000
vt 0.381818 0.000000
vt 0.618182 0.000000
vt 0.145455 0.000000
vt 0.163636 0.000000
vt 0.981818 0.000000
vt 0.345455 0.000000
vt 0.327273 0.000000
vt 0.218182 0.000000
vt 0.309091 0.000000
vt 0.236364 0.000000
vt 0.290909 0.000000
vt 0.254545 0.000000
vt 0.963636 0.000000
vt 0.654545 0.000000
vt 0.945455 0.000000
vt 0.927273 0.000000
vt 0.672727 0.000000
vt 0.690909 0.000000
vt 0.890909 0.000000
vt 0.872727 0.000000
vt 0.709091 0.000000
vt 0.854545 0.000000
vt 0.836364 0.000000
vt 0.745455 0.000000
vt 0.781818 0.000000
vt 0.763636 0.000000
s 0
usemtl マテリアル.002
f 39/1/1 37/2/1 38/3/1
f 39/1/1 36/4/1 37/2/1
f 40/5/1 36/4/1 39/1/1
f 40/5/1 35/6/1 36/4/1
f 41/7/1 35/6/1 40/5/1
f 41/7/1 34/8/1 35/6/1
f 42/9/1 34/8/1 41/7/1
f 42/9/1 33/10/1 34/8/1
f 43/11/1 33/10/1 42/9/1
f 43/11/1 32/12/1 33/10/1
f 44/13/1 32/12/1 43/11/1
f 44/13/1 31/14/1 32/12/1
f 45/15/1 87/16/1 44/13/1
f 87/16/1 31/14/1 44/13/1
f 45/15/2 86/17/2 87/16/2
f 88/18/2 31/14/2 87/16/2
f 45/15/1 85/19/1 86/17/1
f 89/20/1 31/14/1 88/18/1
f 45/15/1 84/21/1 85/19/1
f 90/22/1 31/14/1 89/20/1
f 90/22/1 30/23/1 31/14/1
f 45/15/1 83/24/1 84/21/1
f 46/25/1 83/24/1 45/15/1
f 91/26/1 30/23/1 90/22/1
f 46/25/1 82/27/1 83/24/1
f 92/28/1 30/23/1 91/26/1
f 46/25/1 81/29/1 82/27/1
f 93/30/1 30/23/1 92/28/1
f 46/25/1 80/31/1 81/29/1
f 94/32/1 30/23/1 93/30/1
f 47/33/1 80/31/1 46/25/1
f 94/32/1 29/34/1 30/23/1
f 47/33/1 79/35/1 80/31/1
f 95/36/1 29/34/1 94/32/1
f 47/33/1 78/37/1 79/35/1
f 96/38/1 29/34/1 95/36/1
f 48/39/1 78/37/1 47/33/1
f 96/38/1 28/40/1 29/34/1
f 48/39/1 77/41/1 78/37/1
f 97/42/1 28/40/1 96/38/1
f 48/39/1 76/43/1 77/41/1
f 98/44/1 28/40/1 97/42/1
f 49/45/1 76/43/1 48/39/1
f 49/45/1 75/46/1 76/43/1
f 98/44/1 27/47/1 28/40/1
f 99/48/1 27/47/1 98/44/1
f 49/45/1 99/48/1 75/46/1
f 49/45/1 27/47/1 99/48/1
f 50/49/1 27/47/1 49/45/1
f 50/49/1 26/50/1 27/47/1
f 51/51/1 25/52/1 50/49/1
f 25/52/1 26/50/1 50/49/1
f 51/51/1 24/53/1 25/52/1
f 52/54/1 24/53/1 51/51/1
f 52/54/1 23/55/1 24/53/1
f 52/54/1 22/56/1 23/55/1
f 53/57/1 22/56/1 52/54/1
f 53/57/1 21/58/1 22/56/1
f 54/59/1 21/58/1 53/57/1
f 54/59/1 20/60/1 21/58/1
f 2/61/1 74/62/1 1/63/1
f 54/59/1 19/64/1 20/60/1
f 3/65/1 74/62/1 2/61/1
f 4/66/1 74/62/1 3/65/1
f 55/67/1 19/64/1 54/59/1
f 55/67/1 18/68/1 19/64/1
f 5/69/1 74/62/1 4/66/1
f 6/70/1 74/62/1 5/69/1
f 55/67/1 17/71/1 18/68/1
f 7/72/1 74/62/1 6/70/1
f 55/67/1 16/73/1 17/71/1
f 8/74/1 74/62/1 7/72/1
f 56/75/1 16/73/1 55/67/1
f 9/76/1 74/62/1 8/74/1
f 56/75/1 15/77/1 16/73/1
f 10/78/1 74/62/1 9/76/1
f 56/75/1 14/79/1 15/77/1
f 11/80/1 74/62/1 10/78/1
f 12/81/1 74/62/1 11/80/1
f 56/75/1 13/82/1 14/79/1
f 13/82/1 74/62/1 12/81/1
f 56/75/1 74/62/1 13/82/1
f 57/83/1 74/62/1 56/75/1
f 57/83/1 73/84/1 74/62/1
f 58/85/1 73/84/1 57/83/1
f 58/85/1 72/86/1 73/84/1
f 58/85/1 71/87/1 72/86/1
f 59/88/1 71/87/1 58/85/1
f 59/88/1 70/89/1 71/87/1
f 59/88/1 69/90/1 70/89/1
f 60/91/1 69/90/1 59/88/1
f 60/91/1 68/92/1 69/90/1
f 60/91/1 67/93/1 68/92/1
f 61/94/1 67/93/1 60/91/1
f 61/94/1 66/95/1 67/93/1
f 61/94/1 65/96/1 66/95/1
f 61/94/1 64/97/1 65/96/1
f 62/98/1 64/97/1 61/94/1
f 62/98/1 63/99/1 64/97/1
f 113/100/1 111/101/1 112/102/1
f 113/100/1 110/103/1 111/101/1
f 113/100/1 109/104/1 110/103/1
f 114/105/1 109/104/1 113/100/1
f 114/105/1 108/106/1 109/104/1
f 114/105/1 107/107/1 108/106/1
f 114/105/1 106/108/1 107/107/1
f 115/109/1 106/108/1 114/105/1
f 115/109/1 105/110/1 106/108/1
f 115/109/1 104/111/1 105/110/1
f 115/109/1 103/112/1 104/111/1
f 116/113/1 103/112/1 115/109/1
f 116/113/1 102/114/1 103/112/1
f 116/113/1 101/115/1 102/114/1
f 116/113/1 100/63/1 101/115/1
f 117/116/1 100/63/1 116/113/1
f 117/116/1 189/117/1 100/63/1
f 189/117/1 190/118/1 100/63/1
f 190/118/1 191/119/1 100/63/1
f 191/119/1 192/120/1 100/63/1
f 192/120/1 193/121/1 100/63/1
f 193/121/1 194/122/1 100/63/1
f 194/122/1 195/123/1 100/63/1
f 195/123/1 196/124/1 100/63/1
f 196/124/1 197/48/1 100/63/1
f 118/125/1 187/126/1 117/116/1
f 187/126/1 188/127/1 117/116/1
f 188/127/2 189/117/2 117/116/2
f 119/128/1 185/129/1 118/125/1
f 185/129/1 186/130/1 118/125/1
f 186/130/2 187/126/2 118/125/2
f 119/128/1 184/131/1 185/129/1
f 119/128/1 183/132/1 184/131/1
f 119/128/1 182/133/1 183/132/1
f 120/134/1 182/133/1 119/128/1
f 120/134/1 181/135/1 182/133/1
f 120/134/1 180/136/1 181/135/1
f 120/134/1 179/137/1 180/136/1
f 121/138/1 179/137/1 120/134/1
f 121/138/1 178/139/1 179/137/1
f 121/138/1 177/140/1 178/139/1
f 122/141/1 177/140/1 121/138/1
f 122/141/1 176/142/1 177/140/1
f 122/141/1 175/143/1 176/142/1
f 123/144/1 175/143/1 122/141/1
f 123/144/1 174/145/1 175/143/1
f 124/146/1 174/145/1 123/144/1
f 124/146/1 173/147/1 174/145/1
f 124/146/1 172/148/1 173/147/1
f 125/149/1 172/148/1 124/146/1
f 125/149/1 171/150/1 172/148/1
f 126/151/1 171/150/1 125/149/1
f 126/151/1 170/152/1 171/150/1
f 126/151/1 169/153/1 170/152/1
f 127/154/1 169/153/1 126/151/1
f 127/154/1 168/155/1 169/153/1
f 127/154/1 167/156/1 168/155/1
f 128/157/1 167/156/1 127/154/1
f 128/157/1 166/158/1 167/156/1
f 150/159/1 148/160/1 149/161/1
f 128/157/1 165/162/1 166/158/1
f 151/163/1 148/160/1 150/159/1
f 129/164/1 165/162/1 128/157/1
f 152/165/1 148/160/1 151/163/1
f 129/164/1 164/166/1 165/162/1
f 153/167/1 148/160/1 152/165/1
f 154/168/1 148/160/1 153/167/1
f 155/169/1 148/160/1 154/168/1
f 129/164/1 163/170/1 164/166/1
f 156/171/1 148/160/1 155/169/1
f 157/172/1 148/160/1 156/171/1
f 129/164/1 162/173/1 163/170/1
f 158/174/1 148/160/1 157/172/1
f 159/175/1 148/160/1 158/174/1
f 129/164/1 161/176/1 162/173/1
f 160/177/1 148/160/1 159/175/1
f 130/178/1 161/176/1 129/164/1
f 161/176/1 148/160/1 160/177/1
f 130/178/1 148/160/1 161/176/1
f 131/179/1 148/160/1 130/178/1
f 132/180/1 148/160/1 131/179/1
f 133/181/1 148/160/1 132/180/1
f 133/181/1 147/182/1 148/160/1
f 133/181/1 146/183/1 147/182/1
f 133/181/1 145/184/1 146/183/1
f 134/185/1 145/184/1 133/181/1
f 134/185/1 144/186/1 145/184/1
f 134/185/1 143/187/1 144/186/1
f 134/185/1 142/188/1 143/187/1
f 134/185/1 141/189/1 142/188/1
f 135/190/1 141/189/1 134/185/1
f 135/190/1 140/191/1 141/189/1
f 135/190/1 139/192/1 140/191/1
f 135/190/1 138/193/1 139/192/1
f 136/194/1 138/193/1 135/190/1
f 136/194/1 137/195/1 138/193/1
f 236/196/1 234/197/1 235/198/1
f 237/199/1 234/197/1 236/196/1
f 237/199/1 233/200/1 234/197/1
f 238/201/1 233/200/1 237/199/1
f 239/202/1 233/200/1 238/201/1
f 239/202/1 232/203/1 233/200/1
f 240/204/1 232/203/1 239/202/1
f 240/204/1 231/205/1 232/203/1
f 241/206/1 231/205/1 240/204/1
f 242/207/1 231/205/1 241/206/1
f 242/207/1 230/208/1 231/205/1
f 243/209/1 230/208/1 242/207/1
f 243/209/1 229/210/1 230/208/1
f 244/211/1 229/210/1 243/209/1
f 245/212/1 229/210/1 244/211/1
f 245/212/1 228/213/1 229/210/1
f 246/214/1 228/213/1 245/212/1
f 246/214/1 227/215/1 228/213/1
f 247/216/1 227/215/1 246/214/1
f 248/217/1 249/218/1 247/216/1
f 249/218/1 250/219/1 247/216/1
f 250/219/1 251/220/1 247/216/1
f 251/220/1 252/221/1 247/216/1
f 252/221/1 253/222/1 247/216/1
f 253/222/1 254/223/1 247/216/1
f 254/223/1 255/224/1 247/216/1
f 255/224/1 256/225/1 247/216/1
f 256/225/1 257/226/1 247/216/1
f 257/226/1 258/227/1 247/216/1
f 258/227/1 227/215/1 247/216/1
f 258/227/1 259/228/1 227/215/1
f 259/228/1 260/229/1 227/215/1
f 260/229/1 226/230/1 227/215/1
f 260/229/1 261/231/1 226/230/1
f 261/231/1 225/232/1 226/230/1
f 262/233/1 225/232/1 261/231/1
f 263/234/1 225/232/1 262/233/1
f 264/235/1 225/232/1 263/234/1
f 265/236/1 225/232/1 264/235/1
f 266/237/1 225/232/1 265/236/1
f 266/237/1 224/238/1 225/232/1
f 267/239/1 224/238/1 266/237/1
f 268/240/1 224/238/1 267/239/1
f 269/241/1 224/238/1 268/240/1
f 269/241/1 223/242/1 224/238/1
f 270/243/1 223/242/1 269/241/1
f 271/244/1 223/242/1 270/243/1
f 271/244/1 222/245/1 223/242/1
f 272/246/1 222/245/1 271/244/1
f 273/247/1 222/245/1 272/246/1
f 274/248/1 371/48/1 273/247/1
f 371/48/1 222/245/1 273/247/1
f 275/249/1 371/48/1 274/248/1
f 276/250/1 371/48/1 275/249/1
f 277/251/1 371/48/1 276/250/1
f 278/252/1 371/48/1 277/251/1
f 278/252/1 370/253/1 371/48/1
f 335/254/1 222/245/1 371/48/1
f 278/252/1 369/255/1 370/253/1
f 279/256/1 369/255/1 278/252/1
f 279/256/1 368/257/1 369/255/1
f 280/258/1 368/257/1 279/256/1
f 280/258/1 367/259/1 368/257/1
f 281/260/1 367/259/1 280/258/1
f 281/260/1 366/261/1 367/259/1
f 281/260/1 365/262/1 366/261/1
f 282/263/1 365/262/1 281/260/1
f 282/263/1 364/264/1 365/262/1
f 283/265/1 364/264/1 282/263/1
f 283/265/1 363/266/1 364/264/1
f 283/265/1 362/267/1 363/266/1
f 284/268/1 362/267/1 283/265/1
f 284/268/1 361/269/1 362/267/1
f 284/268/1 360/270/1 361/269/1
f 285/271/1 360/270/1 284/268/1
f 285/271/1 359/272/1 360/270/1
f 286/273/1 359/272/1 285/271/1
f 286/273/1 358/274/1 359/272/1
f 286/273/1 357/275/1 358/274/1
f 287/276/1 357/275/1 286/273/1
f 287/276/1 356/277/1 357/275/1
f 287/276/1 355/278/1 356/277/1
f 336/279/1 222/245/1 335/254/1
f 288/280/1 355/278/1 287/276/1
f 337/281/1 222/245/1 336/279/1
f 288/280/1 354/282/1 355/278/1
f 338/283/1 222/245/1 337/281/1
f 199/284/1 334/285/1 198/63/1
f 338/283/1 221/286/1 222/245/1
f 288/280/1 353/287/1 354/282/1
f 200/288/1 334/285/1 199/284/1
f 339/289/1 221/286/1 338/283/1
f 339/289/1 220/290/1 221/286/1
f 201/291/1 334/285/1 200/288/1
f 289/292/1 353/287/1 288/280/1
f 289/292/1 352/293/1 353/287/1
f 339/289/1 219/294/1 220/290/1
f 340/295/1 219/294/1 339/289/1
f 202/296/1 334/285/1 201/291/1
f 340/295/1 218/297/1 219/294/1
f 341/298/1 218/297/1 340/295/1
f 203/299/1 334/285/1 202/296/1
f 289/292/1 351/300/1 352/293/1
f 341/298/1 217/301/1 218/297/1
f 204/302/1 334/285/1 203/299/1
f 342/303/1 217/301/1 341/298/1
f 342/303/1 216/304/1 217/301/1
f 205/305/1 334/285/1 204/302/1
f 289/292/1 350/306/1 351/300/1
f 342/303/1 215/307/1 216/304/1
f 343/308/1 215/307/1 342/303/1
f 206/309/1 334/285/1 205/305/1
f 343/308/1 214/310/1 215/307/1
f 290/311/1 350/306/1 289/292/1
f 207/312/1 334/285/1 206/309/1
f 290/311/1 349/313/1 350/306/1
f 344/314/1 214/310/1 343/308/1
f 344/314/1 213/315/1 214/310/1
f 208/316/1 334/285/1 207/312/1
f 344/314/1 212/317/1 213/315/1
f 209/318/1 334/285/1 208/316/1
f 345/319/1 212/317/1 344/314/1
f 345/319/1 211/320/1 212/317/1
f 210/321/1 334/285/1 209/318/1
f 345/319/1 210/321/1 211/320/1
f 290/311/1 348/322/1 349/313/1
f 345/319/1 334/285/1 210/321/1
f 346/323/1 334/285/1 345/319/1
f 290/311/1 347/324/1 348/322/1
f 347/324/1 334/285/1 346/323/1
f 290/311/1 310/325/1 347/324/1
f 310/325/1 334/285/1 347/324/1
f 291/326/1 310/325/1 290/311/1
f 291/326/1 309/327/1 310/325/1
f 311/328/1 334/285/1 310/325/1
f 292/329/1 309/327/1 291/326/1
f 292/329/1 308/330/1 309/327/1
f 312/331/1 334/285/1 311/328/1
f 312/331/1 333/332/1 334/285/1
f 293/333/1 308/330/1 292/329/1
f 293/333/1 307/334/1 308/330/1
f 313/335/1 333/332/1 312/331/1
f 313/335/1 332/336/1 333/332/1
f 293/333/1 306/337/1 307/334/1
f 314/338/1 332/336/1 313/335/1
f 294/339/1 306/337/1 293/333/1
f 314/338/1 331/340/1 332/336/1
f 294/339/1 305/341/1 306/337/1
f 315/342/1 331/340/1 314/338/1
f 315/342/1 330/343/1 331/340/1
f 295/344/1 305/341/1 294/339/1
f 295/344/1 304/345/1 305/341/1
f 316/346/1 330/343/1 315/342/1
f 316/346/1 329/347/1 330/343/1
f 295/344/1 303/348/1 304/345/1
f 317/349/1 329/347/1 316/346/1
f 317/349/1 328/350/1 329/347/1
f 296/351/1 303/348/1 295/344/1
f 296/351/1 302/352/1 303/348/1
f 318/353/1 328/350/1 317/349/1
f 318/353/1 327/354/1 328/350/1
f 296/351/1 301/355/1 302/352/1
f 318/353/1 326/356/1 327/354/1
f 319/357/1 326/356/1 318/353/1
f 297/358/1 301/355/1 296/351/1
f 319/357/1 325/359/1 326/356/1
f 297/358/1 300/360/1 301/355/1
f 320/361/1 325/359/1 319/357/1
f 320/361/1 324/362/1 325/359/1
f 297/358/1 299/363/1 300/360/1
f 321/364/1 324/362/1 320/361/1
f 298/365/1 299/363/1 297/358/1
f 321/364/1 323/366/1 324/362/1
f 322/367/1 323/366/1 321/364/1
f 410/368/1 412/369/1 409/370/1
f 412/369/1 408/371/1 409/370/1
f 412/369/1 407/372/1 408/371/1
f 412/369/1 406/373/1 407/372/1
f 412/369/1 405/11/1 406/373/1
f 412/369/1 404/374/1 405/11/1
f 412/369/1 403/375/1 404/374/1
f 412/369/1 402/376/1 403/375/1
f 412/369/1 401/377/1 402/376/1
f 412/369/1 413/378/1 401/377/1
f 413/378/1 414/379/1 401/377/1
f 414/379/1 400/380/1 401/377/1
f 410/368/1 449/48/1 412/369/1
f 415/381/1 400/380/1 414/379/1
f 416/83/1 400/380/1 415/381/1
f 417/382/1 400/380/1 416/83/1
f 418/383/1 400/380/1 417/382/1
f 418/383/1 399/384/1 400/380/1
f 419/385/1 399/384/1 418/383/1
f 420/386/1 399/384/1 419/385/1
f 420/386/1 398/387/1 399/384/1
f 421/388/1 398/387/1 420/386/1
f 422/389/1 398/387/1 421/388/1
f 422/389/1 397/390/1 398/387/1
f 423/391/1 397/390/1 422/389/1
f 424/392/1 397/390/1 423/391/1
f 424/392/1 396/393/1 397/390/1
f 425/394/1 396/393/1 424/392/1
f 426/395/1 396/393/1 425/394/1
f 426/395/1 395/396/1 396/393/1
f 427/87/1 395/396/1 426/395/1
f 427/87/1 394/34/1 395/396/1
f 428/397/1 394/34/1 427/87/1
f 429/398/1 394/34/1 428/397/1
f 429/398/1 393/399/1 394/34/1
f 430/400/1 393/399/1 429/398/1
f 431/401/1 393/399/1 430/400/1
f 431/401/1 392/402/1 393/399/1
f 432/403/1 392/402/1 431/401/1
f 432/403/1 391/404/1 392/402/1
f 433/405/1 391/404/1 432/403/1
f 410/368/1 448/406/1 449/48/1
f 434/407/1 391/404/1 433/405/1
f 410/368/1 447/408/1 448/406/1
f 410/368/1 446/409/1 447/408/1
f 410/368/1 372/63/1 446/409/1
f 372/63/1 445/410/1 446/409/1
f 435/411/1 391/404/1 434/407/1
f 372/63/1 444/412/1 445/410/1
f 372/63/1 443/413/1 444/412/1
f 435/411/1 390/414/1 391/404/1
f 436/415/1 390/414/1 435/411/1
f 372/63/1 442/416/1 443/413/1
f 372/63/1 441/417/1 442/416/1
f 372/63/1 440/418/1 441/417/1
f 437/419/1 390/414/1 436/415/1
f 372/63/1 439/420/1 440/418/1
f 372/63/1 438/19/1 439/420/1
f 372/63/1 437/419/1 438/19/1
f 372/63/1 390/414/1 437/419/1
f 372/63/1 389/421/1 390/414/1
f 372/63/1 388/422/1 389/421/1
f 372/63/1 387/423/1 388/422/1
f 410/368/1 411/424/1 372/63/1
f 373/425/1 387/423/1 372/63/1
f 373/425/1 386/426/1 387/423/1
f 374/427/1 386/426/1 373/425/1
f 375/428/1 386/426/1 374/427/1
f 376/429/1 386/426/1 375/428/1
f 377/430/1 386/426/1 376/429/1
f 377/430/1 385/431/1 386/426/1
f 378/432/1 385/431/1 377/430/1
f 379/433/1 385/431/1 378/432/1
f 380/434/1 385/431/1 379/433/1
f 381/435/1 385/431/1 380/434/1
f 381/435/1 384/436/1 385/431/1
f 382/437/1 384/436/1 381/435/1
f 383/77/1 384/436/1 382/437/1
f 463/438/1 461/433/1 462/439/1
f 463/438/2 460/440/2 461/433/2
f 463/438/1 459/441/1 460/440/1
f 464/442/1 459/441/1 463/438/1
f 464/442/1 458/443/1 459/441/1
f 464/442/1 457/444/1 458/443/1
f 465/445/1 457/444/1 464/442/1
f 465/445/1 456/446/1 457/444/1
f 465/445/1 455/447/1 456/446/1
f 466/448/1 455/447/1 465/445/1
f 466/448/1 454/449/1 455/447/1
f 466/448/1 453/450/1 454/449/1
f 467/451/1 453/450/1 466/448/1
f 467/451/1 452/452/1 453/450/1
f 467/451/1 451/453/1 452/452/1
f 468/454/1 451/453/1 467/451/1
f 468/454/1 450/63/1 451/453/1
f 468/454/1 563/455/1 450/63/1
f 563/455/1 564/456/1 450/63/1
f 564/456/1 565/457/1 450/63/1
f 565/457/1 566/458/1 450/63/1
f 566/458/1 567/459/1 450/63/1
f 567/459/1 568/460/1 450/63/1
f 568/460/1 569/461/1 450/63/1
f 569/461/1 570/462/1 450/63/1
f 570/462/1 571/48/1 450/63/1
f 469/463/1 561/464/1 468/454/1
f 561/464/1 562/465/1 468/454/1
f 562/465/1 563/455/1 468/454/1
f 470/466/1 559/467/1 469/463/1
f 559/467/1 560/416/1 469/463/1
f 560/416/2 561/464/2 469/463/2
f 471/468/1 558/469/1 470/466/1
f 558/469/1 559/467/1 470/466/1
f 471/468/2 557/470/2 558/469/2
f 471/468/1 556/471/1 557/470/1
f 471/468/1 555/472/1 556/471/1
f 471/468/1 554/473/1 555/472/1
f 471/468/1 553/474/1 554/473/1
f 472/426/1 553/474/1 471/468/1
f 472/426/1 552/475/1 553/474/1
f 472/426/1 551/476/1 552/475/1
f 472/426/1 550/477/1 551/476/1
f 473/478/1 550/477/1 472/426/1
f 473/478/1 549/411/1 550/477/1
f 473/478/1 548/479/1 549/411/1
f 474/480/1 548/479/1 473/478/1
f 474/480/1 547/481/1 548/479/1
f 474/480/1 546/482/1 547/481/1
f 475/483/1 546/482/1 474/480/1
f 475/483/1 545/484/1 546/482/1
f 475/483/1 544/485/1 545/484/1
f 476/486/1 544/485/1 475/483/1
f 476/486/1 543/487/1 544/485/1
f 477/488/1 543/487/1 476/486/1
f 477/488/1 542/489/1 543/487/1
f 477/488/1 541/490/1 542/489/1
f 478/491/1 541/490/1 477/488/1
f 478/491/1 540/492/1 541/490/1
f 479/493/1 540/492/1 478/491/1
f 479/493/1 539/494/1 540/492/1
f 480/495/1 539/494/1 479/493/1
f 480/495/1 538/397/1 539/494/1
f 481/496/1 538/397/1 480/495/1
f 481/496/1 537/497/1 538/397/1
f 482/498/1 537/497/1 481/496/1
f 483/399/1 537/497/1 482/498/1
f 483/399/1 536/499/1 537/497/1
f 484/500/1 536/499/1 483/399/1
f 485/501/1 536/499/1 484/500/1
f 485/501/1 535/502/1 536/499/1
f 486/503/1 535/502/1 485/501/1
f 511/504/1 509/505/1 510/506/1
f 486/503/1 534/507/1 535/502/1
f 487/508/1 534/507/1 486/503/1
f 511/504/1 508/509/1 509/505/1
f 488/510/1 534/507/1 487/508/1
f 488/510/1 533/511/1 534/507/1
f 511/504/1 507/512/1 508/509/1
f 489/513/1 533/511/1 488/510/1
f 511/504/1 506/514/1 507/512/1
f 490/515/1 533/511/1 489/513/1
f 491/516/1 533/511/1 490/515/1
f 491/516/1 532/517/1 533/511/1
f 511/504/1 505/372/1 506/514/1
f 492/518/1 532/517/1 491/516/1
f 511/504/1 504/519/1 505/372/1
f 493/520/1 532/517/1 492/518/1
f 511/504/1 503/521/1 504/519/1
f 493/520/1 531/522/1 532/517/1
f 494/380/1 531/522/1 493/520/1
f 511/504/1 502/523/1 503/521/1
f 495/524/1 531/522/1 494/380/1
f 511/504/1 501/525/1 502/523/1
f 496/526/1 531/522/1 495/524/1
f 511/504/1 500/527/1 501/525/1
f 497/528/1 531/522/1 496/526/1
f 511/504/1 499/529/1 500/527/1
f 497/528/1 530/530/1 531/522/1
f 498/531/1 530/530/1 497/528/1
f 511/504/1 498/531/1 499/529/1
f 511/504/1 530/530/1 498/531/1
f 511/504/1 529/532/1 530/530/1
f 512/533/1 529/532/1 511/504/1
f 513/534/1 529/532/1 512/533/1
f 513/534/1 528/535/1 529/532/1
f 514/536/1 528/535/1 513/534/1
f 514/536/1 527/388/1 528/535/1
f 515/537/1 527/388/1 514/536/1
f 516/379/1 527/388/1 515/537/1
f 516/379/1 526/538/1 527/388/1
f 517/539/1 526/538/1 516/379/1
f 518/540/1 526/538/1 517/539/1
f 518/540/1 525/541/1 526/538/1
f 519/542/1 525/541/1 518/540/1
f 520/543/1 525/541/1 519/542/1
f 520/543/1 524/544/1 525/541/1
f 521/545/1 524/544/1 520/543/1
f 522/546/1 524/544/1 521/545/1
f 522/546/1 523/547/1 524/544/1
f 573/548/1 619/549/1 572/63/1
f 573/548/1 618/550/1 619/549/1
f 574/551/1 618/550/1 573/548/1
f 574/551/1 617/552/1 618/550/1
f 575/553/1 617/552/1 574/551/1
f 575/553/1 616/554/1 617/552/1
f 576/555/1 616/554/1 575/553/1
f 576/555/1 615/556/1 616/554/1
f 577/557/1 615/556/1 576/555/1
f 577/557/1 614/558/1 615/556/1
f 578/559/1 614/558/1 577/557/1
f 578/559/1 613/560/1 614/558/1
f 579/561/1 620/562/1 578/559/1
f 620/562/1 613/560/1 578/559/1
f 579/561/1 667/48/1 620/562/1
f 621/563/1 613/560/1 620/562/1
f 579/561/1 666/564/1 667/48/1
f 622/565/1 613/560/1 621/563/1
f 579/561/1 665/566/1 666/564/1
f 623/567/1 613/560/1 622/565/1
f 623/567/1 612/568/1 613/560/1
f 580/569/1 665/566/1 579/561/1
f 580/569/1 664/570/1 665/566/1
f 624/571/1 612/568/1 623/567/1
f 580/569/1 663/572/1 664/570/1
f 625/573/1 612/568/1 624/571/1
f 580/569/1 662/574/1 663/572/1
f 626/575/1 612/568/1 625/573/1
f 626/575/1 611/576/1 612/568/1
f 581/577/1 662/574/1 580/569/1
f 581/577/1 661/578/1 662/574/1
f 627/579/1 611/576/1 626/575/1
f 581/577/1 660/580/1 661/578/1
f 628/581/1 611/576/1 627/579/1
f 628/581/1 610/582/1 611/576/1
f 582/583/1 660/580/1 581/577/1
f 582/583/1 659/584/1 660/580/1
f 629/585/1 610/582/1 628/581/1
f 629/585/1 609/586/1 610/582/1
f 583/587/1 659/584/1 582/583/1
f 583/587/1 658/588/1 659/584/1
f 630/589/1 609/586/1 629/585/1
f 583/587/1 657/590/1 658/588/1
f 631/591/1 609/586/1 630/589/1
f 631/591/1 608/592/1 609/586/1
f 584/593/1 657/590/1 583/587/1
f 584/593/1 656/594/1 657/590/1
f 632/595/1 608/592/1 631/591/1
f 585/596/1 656/594/1 584/593/1
f 585/596/1 655/597/1 656/594/1
f 632/595/1 607/598/1 608/592/1
f 633/599/1 607/598/1 632/595/1
f 585/596/1 654/600/1 655/597/1
f 634/601/1 607/598/1 633/599/1
f 586/602/1 654/600/1 585/596/1
f 634/601/1 606/603/1 607/598/1
f 586/602/1 653/604/1 654/600/1
f 635/605/1 606/603/1 634/601/1
f 586/602/1 652/606/1 653/604/1
f 587/607/1 652/606/1 586/602/1
f 636/608/1 606/603/1 635/605/1
f 636/608/1 605/609/1 606/603/1
f 587/607/1 651/610/1 652/606/1
f 637/611/1 605/609/1 636/608/1
f 588/612/1 651/610/1 587/607/1
f 637/611/1 604/613/1 605/609/1
f 588/612/1 650/614/1 651/610/1
f 638/615/1 604/613/1 637/611/1
f 588/612/1 649/616/1 650/614/1
f 639/617/1 604/613/1 638/615/1
f 589/618/1 649/616/1 588/612/1
f 639/617/1 603/619/1 604/613/1
f 589/618/1 648/620/1 649/616/1
f 640/621/1 603/619/1 639/617/1
f 589/618/1 647/622/1 648/620/1
f 641/623/1 603/619/1 640/621/1
f 589/618/1 646/624/1 647/622/1
f 642/625/1 603/619/1 641/623/1
f 590/626/1 646/624/1 589/618/1
f 642/625/1 602/627/1 603/619/1
f 590/626/1 645/628/1 646/624/1
f 643/629/1 602/627/1 642/625/1
f 590/626/1 644/630/1 645/628/1
f 644/630/1 602/627/1 643/629/1
f 590/626/1 602/627/1 644/630/1
f 591/631/1 602/627/1 590/626/1
f 591/631/1 601/632/1 602/627/1
f 592/633/1 601/632/1 591/631/1
f 592/633/1 600/634/1 601/632/1
f 593/635/1 600/634/1 592/633/1
f 593/635/1 599/636/1 600/634/1
f 594/637/1 599/636/1 593/635/1
f 594/637/1 598/638/1 599/636/1
f 595/639/1 598/638/1 594/637/1
f 595/639/1 597/640/1 598/638/1
f 596/641/1 597/640/1 595/639/1
f 669/642/1 725/48/1 668/63/1
f 669/642/1 724/643/1 725/48/1
f 669/642/1 723/644/1 724/643/1
f 670/645/1 723/644/1 669/642/1
f 671/557/3 723/644/3 670/645/3
f 672/646/1 722/574/1 671/557/1
f 722/574/4 723/644/4 671/557/4
f 672/646/1 721/647/1 722/574/1
f 672/646/1 720/648/1 721/647/1
f 673/649/1 720/648/1 672/646/1
f 673/649/1 719/590/1 720/648/1
f 673/649/1 718/650/1 719/590/1
f 674/583/1 718/650/1 673/649/1
f 674/583/1 717/651/1 718/650/1
f 698/565/1 696/652/1 697/653/1
f 699/654/1 696/652/1 698/565/1
f 674/583/1 716/606/1 717/651/1
f 700/655/1 696/652/1 699/654/1
f 675/656/1 716/606/1 674/583/1
f 675/656/1 715/657/1 716/606/1
f 701/579/1 696/652/1 700/655/1
f 702/658/1 696/652/1 701/579/1
f 675/656/1 714/659/1 715/657/1
f 703/660/1 696/652/1 702/658/1
f 675/656/1 713/622/1 714/659/1
f 704/595/1 696/652/1 703/660/1
f 675/656/1 712/661/1 713/622/1
f 705/662/1 696/652/1 704/595/1
f 676/663/1 712/661/1 675/656/1
f 706/664/1 696/652/1 705/662/1
f 676/663/1 711/665/1 712/661/1
f 707/611/1 696/652/1 706/664/1
f 676/663/1 710/625/1 711/665/1
f 708/666/1 696/652/1 707/611/1
f 676/663/1 709/667/1 710/625/1
f 709/667/1 696/652/1 708/666/1
f 676/663/1 696/652/1 709/667/1
f 677/607/1 696/652/1 676/663/1
f 678/668/1 696/652/1 677/607/1
f 679/669/1 696/652/1 678/668/1
f 679/669/1 695/552/1 696/652/1
f 680/633/1 695/552/1 679/669/1
f 680/633/1 694/670/1 695/552/1
f 680/633/1 693/671/1 694/670/1
f 681/672/1 693/671/1 680/633/1
f 681/672/1 692/568/1 693/671/1
f 681/672/1 691/673/1 692/568/1
f 681/672/1 690/674/1 691/673/1
f 682/675/1 690/674/1 681/672/1
f 682/675/1 689/598/1 690/674/1
f 682/675/1 688/676/1 689/598/1
f 683/640/1 688/676/1 682/675/1
f 683/640/1 687/677/1 688/676/1
f 683/640/1 686/627/1 687/677/1
f 684/678/1 686/627/1 683/640/1
f 684/678/1 685/679/1 686/627/1
f 728/680/1 726/63/1 727/681/1
f 728/680/1 782/48/1 726/63/1
f 770/37/1 768/682/1 769/683/1
f 771/684/1 768/682/1 770/37/1
f 771/684/1 767/685/1 768/682/1
f 772/686/1 767/685/1 771/684/1
f 773/687/1 767/685/1 772/686/1
f 773/687/1 766/87/1 767/685/1
f 774/19/1 766/87/1 773/687/1
f 774/19/1 765/688/1 766/87/1
f 775/689/1 765/688/1 774/19/1
f 776/690/1 765/688/1 775/689/1
f 776/690/1 764/691/1 765/688/1
f 777/692/1 764/691/1 776/690/1
f 778/28/1 764/691/1 777/692/1
f 778/28/1 763/693/1 764/691/1
f 779/694/1 763/693/1 778/28/1
f 779/694/1 762/97/1 763/693/1
f 780/695/1 762/97/1 779/694/1
f 781/696/1 762/97/1 780/695/1
f 781/696/1 742/34/1 762/97/1
f 742/34/1 761/697/1 762/97/1
f 728/680/1 781/696/1 782/48/1
f 728/680/1 730/74/1 781/696/1
f 730/74/1 731/698/1 781/696/1
f 731/698/1 732/699/1 781/696/1
f 732/699/1 733/700/1 781/696/1
f 733/700/1 734/77/1 781/696/1
f 734/77/1 735/701/1 781/696/1
f 735/701/1 736/702/1 781/696/1
f 736/702/1 737/703/1 781/696/1
f 737/703/1 738/56/1 781/696/1
f 738/56/1 739/704/1 781/696/1
f 739/704/1 740/705/1 781/696/1
f 740/705/1 741/706/1 781/696/1
f 741/706/1 742/34/1 781/696/1
f 743/707/2 761/697/2 742/34/2
f 744/708/1 761/697/1 743/707/1
f 745/709/1 761/697/1 744/708/1
f 746/4/1 761/697/1 745/709/1
f 746/4/1 760/710/1 761/697/1
f 747/711/1 760/710/1 746/4/1
f 748/712/1 760/710/1 747/711/1
f 749/713/1 760/710/1 748/712/1
f 749/713/1 759/714/1 760/710/1
f 750/11/1 759/714/1 749/713/1
f 751/715/1 759/714/1 750/11/1
f 751/715/1 758/83/1 759/714/1
f 752/716/1 758/83/1 751/715/1
f 728/680/1 729/717/1 730/74/1
f 753/718/1 758/83/1 752/716/1
f 753/718/1 757/719/1 758/83/1
f 754/49/1 757/719/1 753/718/1
f 755/720/1 757/719/1 754/49/1
f 755/720/1 756/721/1 757/719/1
f 796/722/1 794/723/1 795/724/1
f 796/722/1 793/725/1 794/723/1
f 797/583/1 793/725/1 796/722/1
f 797/583/1 792/726/1 793/725/1
f 797/583/1 791/727/1 792/726/1
f 798/728/1 791/727/1 797/583/1
f 798/728/1 790/557/1 791/727/1
f 798/728/1 789/729/1 790/557/1
f 799/730/1 789/729/1 798/728/1
f 799/730/1 788/731/1 789/729/1
f 799/730/1 787/732/1 788/731/1
f 800/733/1 787/732/1 799/730/1
f 800/733/1 786/734/1 787/732/1
f 800/733/1 785/735/1 786/734/1
f 801/736/1 785/735/1 800/733/1
f 801/736/1 784/737/1 785/735/1
f 801/736/1 783/63/1 784/737/1
f 802/77/1 783/63/1 801/736/1
f 802/77/1 908/738/1 783/63/1
f 908/738/1 909/574/1 783/63/1
f 909/574/1 910/739/1 783/63/1
f 910/739/1 911/740/1 783/63/1
f 911/740/1 912/741/1 783/63/1
f 912/741/1 913/742/1 783/63/1
f 913/742/1 914/743/1 783/63/1
f 914/743/1 915/744/1 783/63/1
f 915/744/1 916/48/1 783/63/1
f 803/745/1 906/746/1 802/77/1
f 906/746/1 907/747/1 802/77/1
f 907/747/1 908/738/1 802/77/1
f 804/607/1 905/748/1 803/745/1
f 905/748/1 906/746/1 803/745/1
f 805/749/1 903/750/1 804/607/1
f 903/750/1 904/751/1 804/607/1
f 904/751/1 905/748/1 804/607/1
f 805/749/2 902/590/2 903/750/2
f 805/749/1 901/752/1 902/590/1
f 805/749/1 900/753/1 901/752/1
f 805/749/1 899/754/1 900/753/1
f 805/749/1 898/755/1 899/754/1
f 806/756/1 898/755/1 805/749/1
f 806/756/1 897/19/1 898/755/1
f 806/756/1 896/757/1 897/19/1
f 806/756/1 895/606/1 896/757/1
f 806/756/1 894/758/1 895/606/1
f 807/759/1 894/758/1 806/756/1
f 807/759/1 893/760/1 894/758/1
f 807/759/1 892/761/1 893/760/1
f 807/759/1 891/762/1 892/761/1
f 808/763/1 891/762/1 807/759/1
f 808/763/1 890/764/1 891/762/1
f 808/763/1 889/765/1 890/764/1
f 808/763/1 888/622/1 889/765/1
f 808/763/1 887/766/1 888/622/1
f 808/763/1 886/767/1 887/766/1
f 809/768/1 886/767/1 808/763/1
f 809/768/1 885/769/1 886/767/1
f 809/768/1 884/770/1 885/769/1
f 809/768/1 883/771/1 884/770/1
f 810/772/1 883/771/1 809/768/1
f 810/772/1 882/773/1 883/771/1
f 810/772/1 881/625/1 882/773/1
f 810/772/1 880/774/1 881/625/1
f 811/633/1 880/774/1 810/772/1
f 811/633/1 879/775/1 880/774/1
f 812/776/1 879/775/1 811/633/1
f 812/776/1 878/87/1 879/775/1
f 812/776/1 877/777/1 878/87/1
f 813/778/1 877/777/1 812/776/1
f 813/778/1 876/779/1 877/777/1
f 814/780/1 876/779/1 813/778/1
f 814/780/1 875/781/1 876/779/1
f 814/780/1 874/611/1 875/781/1
f 815/782/1 874/611/1 814/780/1
f 815/782/1 873/783/1 874/611/1
f 816/784/1 873/783/1 815/782/1
f 816/784/1 872/785/1 873/783/1
f 816/784/1 871/786/1 872/785/1
f 817/787/1 871/786/1 816/784/1
f 817/787/1 870/788/1 871/786/1
f 818/640/1 870/788/1 817/787/1
f 818/640/1 869/789/1 870/788/1
f 819/790/1 869/789/1 818/640/1
f 819/790/1 868/791/1 869/789/1
f 844/792/1 842/793/1 843/794/1
f 819/790/1 867/595/1 868/791/1
f 820/795/1 867/595/1 819/790/1
f 844/792/1 841/796/1 842/793/1
f 821/34/1 867/595/1 820/795/1
f 844/792/1 840/11/1 841/796/1
f 822/797/1 867/595/1 821/34/1
f 822/797/1 866/798/1 867/595/1
f 844/792/1 839/568/1 840/11/1
f 823/799/1 866/798/1 822/797/1
f 844/792/1 838/800/1 839/568/1
f 824/801/1 866/798/1 823/799/1
f 844/792/1 837/802/1 838/800/1
f 825/627/1 866/798/1 824/801/1
f 825/627/1 865/803/1 866/798/1
f 844/792/1 836/804/1 837/802/1
f 826/805/1 865/803/1 825/627/1
f 827/806/1 865/803/1 826/805/1
f 844/792/1 835/807/1 836/804/1
f 828/808/1 865/803/1 827/806/1
f 844/792/1 834/809/1 835/807/1
f 829/810/1 865/803/1 828/808/1
f 844/792/1 833/811/1 834/809/1
f 830/812/1 865/803/1 829/810/1
f 844/792/1 832/598/1 833/811/1
f 831/813/1 865/803/1 830/812/1
f 844/792/1 831/813/1 832/598/1
f 831/813/1 864/814/1 865/803/1
f 844/792/1 864/814/1 831/813/1
f 844/792/1 863/815/1 864/814/1
f 844/792/1 862/816/1 863/815/1
f 845/817/1 862/816/1 844/792/1
f 845/817/1 861/818/1 862/816/1
f 846/552/1 861/818/1 845/817/1
f 847/819/1 861/818/1 846/552/1
f 847/819/1 860/579/1 861/818/1
f 848/820/1 860/579/1 847/819/1
f 849/821/1 860/579/1 848/820/1
f 849/821/1 859/83/1 860/579/1
f 850/822/1 859/83/1 849/821/1
f 850/822/1 858/823/1 859/83/1
f 851/824/1 858/823/1 850/822/1
f 852/825/1 858/823/1 851/824/1
f 852/825/1 857/826/1 858/823/1
f 853/565/1 857/826/1 852/825/1
f 854/827/1 857/826/1 853/565/1
f 854/827/1 856/828/1 857/826/1
f 855/829/1 856/828/1 854/827/1
f 947/379/1 945/830/1 946/831/1
f 947/379/1 944/832/1 945/830/1
f 920/833/1 918/834/1 919/835/1
f 920/833/1 917/63/1 918/834/1
f 948/836/1 944/832/1 947/379/1
f 948/836/1 943/837/1 944/832/1
f 948/836/1 942/372/1 943/837/1
f 949/838/1 942/372/1 948/836/1
f 949/838/1 941/839/1 942/372/1
f 921/840/1 917/63/1 920/833/1
f 949/838/1 940/841/1 941/839/1
f 922/433/1 917/63/1 921/840/1
f 950/585/1 940/841/1 949/838/1
f 950/585/1 939/582/1 940/841/1
f 923/842/1 917/63/1 922/433/1
f 924/843/1 917/63/1 923/842/1
f 950/585/1 938/844/1 939/582/1
f 951/845/1 938/844/1 950/585/1
f 925/846/1 917/63/1 924/843/1
f 951/845/1 937/380/1 938/844/1
f 926/847/1 971/848/1 925/846/1
f 971/848/1 917/63/1 925/846/1
f 951/845/1 936/849/1 937/380/1
f 927/426/1 971/848/1 926/847/1
f 951/845/1 935/850/1 936/849/1
f 928/631/1 971/848/1 927/426/1
f 952/388/1 935/850/1 951/845/1
f 929/851/1 971/848/1 928/631/1
f 952/388/1 934/852/1 935/850/1
f 930/853/1 971/848/1 929/851/1
f 952/388/1 933/854/1 934/852/1
f 931/855/1 971/848/1 930/853/1
f 952/388/1 932/399/1 933/854/1
f 932/399/1 971/848/1 931/855/1
f 952/388/1 971/848/1 932/399/1
f 952/388/1 970/856/1 971/848/1
f 972/48/1 917/63/1 971/848/1
f 953/857/1 970/856/1 952/388/1
f 953/857/1 969/858/1 970/856/1
f 953/857/1 968/859/1 969/858/1
f 954/860/1 968/859/1 953/857/1
f 954/860/1 967/416/1 968/859/1
f 955/861/1 967/416/1 954/860/1
f 955/861/1 966/862/1 967/416/1
f 955/861/1 965/863/1 966/862/1
f 956/864/1 965/863/1 955/861/1
f 956/864/1 964/865/1 965/863/1
f 956/864/1 963/866/1 964/865/1
f 957/397/1 963/866/1 956/864/1
f 957/397/1 962/411/1 963/866/1
f 958/867/1 962/411/1 957/397/1
f 958/867/1 961/620/1 962/411/1
f 958/867/1 960/868/1 961/620/1
f 959/869/1 960/868/1 958/867/1
f 974/834/1 1002/831/1 973/63/1
f 1002/831/1 1001/830/1 973/63/1
f 1002/831/1 1000/832/1 1001/830/1
f 1002/831/1 999/837/1 1000/832/1
f 1002/831/1 998/372/1 999/837/1
f 1002/831/1 997/839/1 998/372/1
f 1002/831/1 996/841/1 997/839/1
f 1002/831/1 995/582/1 996/841/1
f 1002/831/1 994/844/1 995/582/1
f 1002/831/1 1003/379/1 994/844/1
f 1003/379/1 993/380/1 994/844/1
f 974/834/1 1028/48/1 1002/831/1
f 1004/836/1 993/380/1 1003/379/1
f 1005/838/1 993/380/1 1004/836/1
f 1006/585/1 993/380/1 1005/838/1
f 1006/585/1 992/849/1 993/380/1
f 1007/845/1 992/849/1 1006/585/1
f 1008/388/1 992/849/1 1007/845/1
f 1009/857/1 992/849/1 1008/388/1
f 1009/857/1 991/850/1 992/849/1
f 1010/860/1 991/850/1 1009/857/1
f 1011/861/1 991/850/1 1010/860/1
f 1012/864/1 991/850/1 1011/861/1
f 1012/864/1 990/852/1 991/850/1
f 1013/397/1 990/852/1 1012/864/1
f 1014/867/1 990/852/1 1013/397/1
f 1014/867/1 989/854/1 990/852/1
f 1015/869/1 989/854/1 1014/867/1
f 1016/868/1 989/854/1 1015/869/1
f 1016/868/1 988/399/1 989/854/1
f 1017/620/1 988/399/1 1016/868/1
f 1017/620/1 987/855/1 988/399/1
f 1018/411/1 987/855/1 1017/620/1
f 1019/866/1 987/855/1 1018/411/1
f 1019/866/1 986/853/1 987/855/1
f 1020/865/1 986/853/1 1019/866/1
f 1021/863/1 986/853/1 1020/865/1
f 1021/863/1 985/851/1 986/853/1
f 1022/862/1 985/851/1 1021/863/1
f 1023/416/1 985/851/1 1022/862/1
f 1024/859/1 985/851/1 1023/416/1
f 1025/858/1 985/851/1 1024/859/1
f 1025/858/1 984/631/1 985/851/1
f 1026/856/1 984/631/1 1025/858/1
f 1027/848/1 984/631/1 1026/856/1
f 974/834/1 976/833/1 1028/48/1
f 976/833/1 1027/848/1 1028/48/1
f 976/833/1 984/631/1 1027/848/1
f 976/833/1 983/426/1 984/631/1
f 976/833/1 982/847/1 983/426/1
f 976/833/1 981/846/1 982/847/1
f 976/833/1 980/843/1 981/846/1
f 976/833/1 979/842/1 980/843/1
f 976/833/1 978/433/1 979/842/1
f 976/833/1 977/840/1 978/433/1
f 974/834/1 975/835/1 976/833/1
f 1070/63/5 1068/63/5 1069/63/5
f 1070/63/5 1067/63/5 1068/63/5
f 1071/63/5 1067/63/5 1070/63/5
f 1071/63/5 1066/63/5 1067/63/5
f 1072/63/5 1066/63/5 1071/63/5
f 1072/63/5 1065/63/5 1066/63/5
f 1072/63/5 1064/63/5 1065/63/5
f 1073/63/5 1064/63/5 1072/63/5
f 1073/63/5 1063/63/5 1064/63/5
f 1030/63/5 1083/63/5 1029/63/5
f 1030/63/5 1082/63/5 1083/63/5
f 1074/63/5 1063/63/5 1073/63/5
f 1074/63/5 1062/63/5 1063/63/5
f 1074/63/5 1061/63/5 1062/63/5
f 1075/63/5 1061/63/5 1074/63/5
f 1075/63/5 1060/63/5 1061/63/5
f 1076/63/5 1060/63/5 1075/63/5
f 1076/63/5 1059/63/5 1060/63/5
f 1076/63/5 1058/63/5 1059/63/5
f 1077/63/5 1058/63/5 1076/63/5
f 1077/63/5 1057/63/5 1058/63/5
f 1078/63/5 1057/63/5 1077/63/5
f 1078/63/5 1047/63/5 1057/63/5
f 1047/63/5 1048/63/5 1057/63/5
f 1048/63/5 1049/63/5 1057/63/5
f 1049/63/5 1050/63/5 1057/63/5
f 1050/63/5 1051/63/5 1057/63/5
f 1051/63/5 1052/63/5 1057/63/5
f 1052/63/5 1053/63/5 1057/63/5
f 1053/63/5 1054/63/5 1057/63/5
f 1054/63/5 1055/63/5 1057/63/5
f 1055/63/5 1056/63/5 1057/63/5
f 1079/63/5 1045/63/5 1078/63/5
f 1045/63/6 1046/63/6 1078/63/6
f 1046/63/5 1047/63/5 1078/63/5
f 1080/63/5 1043/63/5 1079/63/5
f 1043/63/5 1044/63/5 1079/63/5
f 1044/63/6 1045/63/6 1079/63/6
f 1080/63/5 1042/63/5 1043/63/5
f 1080/63/5 1041/63/5 1042/63/5
f 1081/63/5 1041/63/5 1080/63/5
f 1081/63/5 1040/63/5 1041/63/5
f 1081/63/5 1039/63/5 1040/63/5
f 1030/63/5 1081/63/5 1082/63/5
f 1030/63/5 1035/63/5 1081/63/5
f 1035/63/5 1036/63/5 1081/63/5
f 1036/63/5 1037/63/5 1081/63/5
f 1037/63/5 1038/63/5 1081/63/5
f 1038/63/5 1039/63/5 1081/63/5
f 1030/63/5 1034/63/5 1035/63/5
f 1030/63/5 1033/63/5 1034/63/5
f 1030/63/5 1032/63/5 1033/63/5
f 1030/63/5 1031/63/5 1032/63/5
f 1122/63/5 1120/63/5 1121/63/5
f 1122/63/5 1119/63/5 1120/63/5
f 1123/63/5 1119/63/5 1122/63/5
f 1123/63/5 1118/63/5 1119/63/5
f 1124/63/5 1118/63/5 1123/63/5
f 1124/63/5 1117/63/5 1118/63/5
f 1125/63/5 1117/63/5 1124/63/5
f 1125/63/5 1116/63/5 1117/63/5
f 1126/63/5 1116/63/5 1125/63/5
f 1126/63/5 1115/63/5 1116/63/5
f 1127/63/5 1115/63/5 1126/63/5
f 1127/63/5 1114/63/5 1115/63/5
f 1128/63/5 1170/63/5 1127/63/5
f 1170/63/5 1114/63/5 1127/63/5
f 1128/63/7 1169/63/7 1170/63/7
f 1171/63/5 1114/63/5 1170/63/5
f 1128/63/5 1168/63/5 1169/63/5
f 1172/63/5 1114/63/5 1171/63/5
f 1128/63/5 1167/63/5 1168/63/5
f 1173/63/5 1114/63/5 1172/63/5
f 1173/63/5 1113/63/5 1114/63/5
f 1128/63/5 1166/63/5 1167/63/5
f 1129/63/5 1166/63/5 1128/63/5
f 1174/63/5 1113/63/5 1173/63/5
f 1129/63/5 1165/63/5 1166/63/5
f 1175/63/5 1113/63/5 1174/63/5
f 1129/63/5 1164/63/5 1165/63/5
f 1176/63/5 1113/63/5 1175/63/5
f 1129/63/5 1163/63/5 1164/63/5
f 1177/63/5 1113/63/5 1176/63/5
f 1130/63/5 1163/63/5 1129/63/5
f 1177/63/5 1112/63/5 1113/63/5
f 1130/63/5 1162/63/5 1163/63/5
f 1178/63/5 1112/63/5 1177/63/5
f 1130/63/5 1161/63/5 1162/63/5
f 1179/63/5 1112/63/5 1178/63/5
f 1131/63/5 1161/63/5 1130/63/5
f 1179/63/5 1111/63/5 1112/63/5
f 1131/63/5 1160/63/5 1161/63/5
f 1180/63/5 1111/63/5 1179/63/5
f 1131/63/5 1159/63/5 1160/63/5
f 1181/63/5 1111/63/5 1180/63/5
f 1132/63/5 1159/63/5 1131/63/5
f 1132/63/5 1158/63/5 1159/63/5
f 1181/63/5 1110/63/5 1111/63/5
f 1182/63/5 1110/63/5 1181/63/5
f 1132/63/5 1182/63/5 1158/63/5
f 1132/63/5 1110/63/5 1182/63/5
f 1133/63/5 1110/63/5 1132/63/5
f 1133/63/5 1109/63/5 1110/63/5
f 1134/63/5 1108/63/5 1133/63/5
f 1108/63/5 1109/63/5 1133/63/5
f 1134/63/5 1107/63/5 1108/63/5
f 1135/63/5 1107/63/5 1134/63/5
f 1135/63/5 1106/63/5 1107/63/5
f 1135/63/5 1105/63/5 1106/63/5
f 1136/63/5 1105/63/5 1135/63/5
f 1136/63/5 1104/63/5 1105/63/5
f 1137/63/5 1104/63/5 1136/63/5
f 1137/63/5 1103/63/5 1104/63/5
f 1085/63/5 1157/63/5 1084/63/5
f 1137/63/5 1102/63/5 1103/63/5
f 1086/63/5 1157/63/5 1085/63/5
f 1087/63/5 1157/63/5 1086/63/5
f 1138/63/5 1102/63/5 1137/63/5
f 1138/63/5 1101/63/5 1102/63/5
f 1088/63/5 1157/63/5 1087/63/5
f 1089/63/5 1157/63/5 1088/63/5
f 1138/63/5 1100/63/5 1101/63/5
f 1090/63/5 1157/63/5 1089/63/5
f 1138/63/5 1099/63/5 1100/63/5
f 1091/63/5 1157/63/5 1090/63/5
f 1139/63/5 1099/63/5 1138/63/5
f 1092/63/5 1157/63/5 1091/63/5
f 1139/63/5 1098/63/5 1099/63/5
f 1093/63/5 1157/63/5 1092/63/5
f 1139/63/5 1097/63/5 1098/63/5
f 1094/63/5 1157/63/5 1093/63/5
f 1095/63/5 1157/63/5 1094/63/5
f 1139/63/5 1096/63/5 1097/63/5
f 1096/63/5 1157/63/5 1095/63/5
f 1139/63/5 1157/63/5 1096/63/5
f 1140/63/5 1157/63/5 1139/63/5
f 1140/63/5 1156/63/5 1157/63/5
f 1141/63/5 1156/63/5 1140/63/5
f 1141/63/5 1155/63/5 1156/63/5
f 1141/63/5 1154/63/5 1155/63/5
f 1142/63/5 1154/63/5 1141/63/5
f 1142/63/5 1153/63/5 1154/63/5
f 1142/63/5 1152/63/5 1153/63/5
f 1143/63/5 1152/63/5 1142/63/5
f 1143/63/5 1151/63/5 1152/63/5
f 1143/63/5 1150/63/5 1151/63/5
f 1144/63/5 1150/63/5 1143/63/5
f 1144/63/5 1149/63/5 1150/63/5
f 1144/63/5 1148/63/5 1149/63/5
f 1144/63/5 1147/63/5 1148/63/5
f 1145/63/5 1147/63/5 1144/63/5
f 1145/63/5 1146/63/5 1147/63/5
f 1183/63/5 1188/63/5 1189/63/5
f 1183/63/5 1187/63/5 1188/63/5
f 1187/63/5 1185/63/5 1186/63/5
f 1187/63/5 1184/63/5 1185/63/5
f 1183/63/5 1184/63/5 1187/63/5
f 1227/63/5 1225/63/5 1226/63/5
f 1227/63/5 1224/63/5 1225/63/5
f 1228/63/5 1224/63/5 1227/63/5
f 1228/63/5 1223/63/5 1224/63/5
f 1229/63/5 1223/63/5 1228/63/5
f 1229/63/5 1222/63/5 1223/63/5
f 1230/63/5 1222/63/5 1229/63/5
f 1230/63/5 1221/63/5 1222/63/5
f 1231/63/5 1221/63/5 1230/63/5
f 1231/63/5 1220/63/5 1221/63/5
f 1232/63/5 1250/63/5 1231/63/5
f 1250/63/5 1220/63/5 1231/63/5
f 1232/63/7 1249/63/7 1250/63/7
f 1251/63/7 1220/63/7 1250/63/7
f 1252/63/5 1220/63/5 1251/63/5
f 1232/63/5 1248/63/5 1249/63/5
f 1253/63/5 1220/63/5 1252/63/5
f 1232/63/5 1247/63/5 1248/63/5
f 1253/63/5 1219/63/5 1220/63/5
f 1233/63/5 1247/63/5 1232/63/5
f 1254/63/5 1219/63/5 1253/63/5
f 1233/63/5 1246/63/5 1247/63/5
f 1255/63/5 1219/63/5 1254/63/5
f 1233/63/5 1245/63/5 1246/63/5
f 1255/63/5 1218/63/5 1219/63/5
f 1234/63/5 1245/63/5 1233/63/5
f 1256/63/5 1218/63/5 1255/63/5
f 1234/63/5 1244/63/5 1245/63/5
f 1257/63/5 1218/63/5 1256/63/5
f 1234/63/5 1243/63/5 1244/63/5
f 1257/63/5 1217/63/5 1218/63/5
f 1235/63/5 1243/63/5 1234/63/5
f 1258/63/5 1217/63/5 1257/63/5
f 1235/63/5 1242/63/5 1243/63/5
f 1258/63/5 1216/63/5 1217/63/5
f 1236/63/5 1242/63/5 1235/63/5
f 1259/63/5 1216/63/5 1258/63/5
f 1236/63/5 1241/63/5 1242/63/5
f 1260/63/5 1216/63/5 1259/63/5
f 1236/63/5 1240/63/5 1241/63/5
f 1260/63/5 1215/63/5 1216/63/5
f 1237/63/5 1240/63/5 1236/63/5
f 1261/63/5 1215/63/5 1260/63/5
f 1237/63/5 1239/63/5 1240/63/5
f 1261/63/5 1214/63/5 1215/63/5
f 1190/63/5 1239/63/5 1237/63/5
f 1262/63/5 1214/63/5 1261/63/5
f 1190/63/5 1238/63/5 1239/63/5
f 1191/63/5 1238/63/5 1190/63/5
f 1191/63/5 1285/63/5 1238/63/5
f 1263/63/5 1214/63/5 1262/63/5
f 1263/63/5 1213/63/5 1214/63/5
f 1191/63/5 1284/63/5 1285/63/5
f 1264/63/5 1213/63/5 1263/63/5
f 1264/63/5 1212/63/5 1213/63/5
f 1192/63/5 1284/63/5 1191/63/5
f 1192/63/5 1283/63/5 1284/63/5
f 1265/63/5 1212/63/5 1264/63/5
f 1265/63/5 1211/63/5 1212/63/5
f 1193/63/5 1283/63/5 1192/63/5
f 1266/63/5 1211/63/5 1265/63/5
f 1193/63/5 1282/63/5 1283/63/5
f 1266/63/5 1210/63/5 1211/63/5
f 1194/63/5 1282/63/5 1193/63/5
f 1267/63/5 1210/63/5 1266/63/5
f 1194/63/5 1281/63/5 1282/63/5
f 1268/63/5 1210/63/5 1267/63/5
f 1194/63/5 1280/63/5 1281/63/5
f 1268/63/5 1209/63/5 1210/63/5
f 1195/63/5 1280/63/5 1194/63/5
f 1269/63/5 1209/63/5 1268/63/5
f 1195/63/5 1279/63/5 1280/63/5
f 1270/63/5 1209/63/5 1269/63/5
f 1195/63/5 1278/63/5 1279/63/5
f 1270/63/5 1208/63/5 1209/63/5
f 1196/63/5 1278/63/5 1195/63/5
f 1271/63/5 1208/63/5 1270/63/5
f 1196/63/5 1277/63/5 1278/63/5
f 1272/63/5 1208/63/5 1271/63/5
f 1196/63/5 1276/63/5 1277/63/5
f 1272/63/5 1207/63/5 1208/63/5
f 1197/63/5 1276/63/5 1196/63/5
f 1273/63/5 1207/63/5 1272/63/5
f 1197/63/5 1275/63/5 1276/63/5
f 1274/63/5 1207/63/5 1273/63/5
f 1197/63/5 1274/63/5 1275/63/5
f 1197/63/5 1207/63/5 1274/63/5
f 1197/63/5 1206/63/5 1207/63/5
f 1198/63/5 1206/63/5 1197/63/5
f 1198/63/5 1205/63/5 1206/63/5
f 1199/63/5 1205/63/5 1198/63/5
f 1199/63/5 1204/63/5 1205/63/5
f 1200/63/5 1204/63/5 1199/63/5
f 1200/63/5 1203/63/5 1204/63/5
f 1201/63/5 1203/63/5 1200/63/5
f 1201/63/5 1202/63/5 1203/63/5
f 1324/63/5 1322/63/5 1323/63/5
f 1324/63/5 1321/63/5 1322/63/5
f 1325/63/5 1321/63/5 1324/63/5
f 1325/63/5 1320/63/5 1321/63/5
f 1326/63/5 1320/63/5 1325/63/5
f 1326/63/5 1319/63/5 1320/63/5
f 1327/63/5 1319/63/5 1326/63/5
f 1327/63/5 1318/63/5 1319/63/5
f 1328/63/5 1318/63/5 1327/63/5
f 1328/63/5 1317/63/5 1318/63/5
f 1329/63/5 1317/63/5 1328/63/5
f 1329/63/5 1316/63/5 1317/63/5
f 1330/63/5 1372/63/5 1329/63/5
f 1372/63/5 1316/63/5 1329/63/5
f 1330/63/7 1371/63/7 1372/63/7
f 1373/63/7 1316/63/7 1372/63/7
f 1330/63/5 1370/63/5 1371/63/5
f 1374/63/5 1316/63/5 1373/63/5
f 1330/63/5 1369/63/5 1370/63/5
f 1375/63/5 1316/63/5 1374/63/5
f 1375/63/5 1315/63/5 1316/63/5
f 1330/63/5 1368/63/5 1369/63/5
f 1331/63/5 1368/63/5 1330/63/5
f 1376/63/5 1315/63/5 1375/63/5
f 1331/63/5 1367/63/5 1368/63/5
f 1377/63/5 1315/63/5 1376/63/5
f 1331/63/5 1366/63/5 1367/63/5
f 1378/63/5 1315/63/5 1377/63/5
f 1331/63/5 1365/63/5 1366/63/5
f 1379/63/5 1315/63/5 1378/63/5
f 1332/63/5 1365/63/5 1331/63/5
f 1379/63/5 1314/63/5 1315/63/5
f 1332/63/5 1364/63/5 1365/63/5
f 1380/63/5 1314/63/5 1379/63/5
f 1332/63/5 1363/63/5 1364/63/5
f 1381/63/5 1314/63/5 1380/63/5
f 1333/63/5 1363/63/5 1332/63/5
f 1381/63/5 1313/63/5 1314/63/5
f 1333/63/5 1362/63/5 1363/63/5
f 1382/63/5 1313/63/5 1381/63/5
f 1333/63/5 1361/63/5 1362/63/5
f 1383/63/5 1313/63/5 1382/63/5
f 1334/63/5 1361/63/5 1333/63/5
f 1334/63/5 1360/63/5 1361/63/5
f 1383/63/5 1312/63/5 1313/63/5
f 1384/63/5 1312/63/5 1383/63/5
f 1334/63/5 1384/63/5 1360/63/5
f 1334/63/5 1312/63/5 1384/63/5
f 1335/63/5 1312/63/5 1334/63/5
f 1335/63/5 1311/63/5 1312/63/5
f 1336/63/5 1310/63/5 1335/63/5
f 1310/63/5 1311/63/5 1335/63/5
f 1336/63/5 1309/63/5 1310/63/5
f 1337/63/5 1309/63/5 1336/63/5
f 1337/63/5 1308/63/5 1309/63/5
f 1337/63/5 1307/63/5 1308/63/5
f 1338/63/5 1307/63/5 1337/63/5
f 1338/63/5 1306/63/5 1307/63/5
f 1339/63/5 1306/63/5 1338/63/5
f 1339/63/5 1305/63/5 1306/63/5
f 1287/63/5 1359/63/5 1286/63/5
f 1339/63/5 1304/63/5 1305/63/5
f 1288/63/5 1359/63/5 1287/63/5
f 1289/63/5 1359/63/5 1288/63/5
f 1340/63/5 1304/63/5 1339/63/5
f 1340/63/5 1303/63/5 1304/63/5
f 1290/63/5 1359/63/5 1289/63/5
f 1291/63/5 1359/63/5 1290/63/5
f 1340/63/5 1302/63/5 1303/63/5
f 1292/63/5 1359/63/5 1291/63/5
f 1340/63/5 1301/63/5 1302/63/5
f 1293/63/5 1359/63/5 1292/63/5
f 1341/63/5 1301/63/5 1340/63/5
f 1294/63/5 1359/63/5 1293/63/5
f 1341/63/5 1300/63/5 1301/63/5
f 1295/63/5 1359/63/5 1294/63/5
f 1341/63/5 1299/63/5 1300/63/5
f 1296/63/5 1359/63/5 1295/63/5
f 1297/63/5 1359/63/5 1296/63/5
f 1341/63/5 1298/63/5 1299/63/5
f 1298/63/5 1359/63/5 1297/63/5
f 1341/63/5 1359/63/5 1298/63/5
f 1342/63/5 1359/63/5 1341/63/5
f 1342/63/5 1358/63/5 1359/63/5
f 1343/63/5 1358/63/5 1342/63/5
f 1343/63/5 1357/63/5 1358/63/5
f 1343/63/5 1356/63/5 1357/63/5
f 1344/63/5 1356/63/5 1343/63/5
f 1344/63/5 1355/63/5 1356/63/5
f 1344/63/5 1354/63/5 1355/63/5
f 1345/63/5 1354/63/5 1344/63/5
f 1345/63/5 1353/63/5 1354/63/5
f 1345/63/5 1352/63/5 1353/63/5
f 1346/63/5 1352/63/5 1345/63/5
f 1346/63/5 1351/63/5 1352/63/5
f 1346/63/5 1350/63/5 1351/63/5
f 1346/63/5 1349/63/5 1350/63/5
f 1347/63/5 1349/63/5 1346/63/5
f 1347/63/5 1348/63/5 1349/63/5
f 1479/63/5 1477/63/5 1478/63/5
f 1455/63/5 1453/63/5 1454/63/5
f 1480/63/5 1477/63/5 1479/63/5
f 1480/63/5 1476/63/5 1477/63/5
f 1456/63/5 1453/63/5 1455/63/5
f 1456/63/5 1452/63/5 1453/63/5
f 1481/63/5 1476/63/5 1480/63/5
f 1481/63/5 1475/63/5 1476/63/5
f 1457/63/5 1452/63/5 1456/63/5
f 1482/63/5 1475/63/5 1481/63/5
f 1482/63/5 1474/63/5 1475/63/5
f 1457/63/5 1451/63/5 1452/63/5
f 1458/63/5 1451/63/5 1457/63/5
f 1483/63/5 1474/63/5 1482/63/5
f 1386/63/5 1491/63/5 1385/63/5
f 1386/63/5 1490/63/5 1491/63/5
f 1483/63/5 1473/63/5 1474/63/5
f 1459/63/5 1451/63/5 1458/63/5
f 1484/63/5 1473/63/5 1483/63/5
f 1459/63/5 1450/63/5 1451/63/5
f 1484/63/5 1472/63/5 1473/63/5
f 1485/63/5 1472/63/5 1484/63/5
f 1460/63/5 1450/63/5 1459/63/5
f 1485/63/5 1471/63/5 1472/63/5
f 1460/63/5 1449/63/5 1450/63/5
f 1486/63/5 1471/63/5 1485/63/5
f 1461/63/5 1449/63/5 1460/63/5
f 1486/63/5 1470/63/5 1471/63/5
f 1487/63/5 1470/63/5 1486/63/5
f 1462/63/5 1449/63/5 1461/63/5
f 1462/63/5 1448/63/5 1449/63/5
f 1487/63/5 1469/63/5 1470/63/5
f 1488/63/5 1469/63/5 1487/63/5
f 1463/63/5 1448/63/5 1462/63/5
f 1488/63/5 1468/63/5 1469/63/5
f 1489/63/5 1468/63/5 1488/63/5
f 1463/63/5 1447/63/5 1448/63/5
f 1464/63/5 1447/63/5 1463/63/5
f 1489/63/5 1467/63/5 1468/63/5
f 1490/63/5 1467/63/5 1489/63/5
f 1465/63/5 1447/63/5 1464/63/5
f 1465/63/5 1427/63/5 1447/63/5
f 1427/63/5 1446/63/5 1447/63/5
f 1386/63/5 1388/63/5 1490/63/5
f 1388/63/5 1389/63/5 1490/63/5
f 1389/63/5 1390/63/5 1490/63/5
f 1390/63/5 1391/63/5 1490/63/5
f 1391/63/5 1392/63/5 1490/63/5
f 1392/63/5 1393/63/5 1490/63/5
f 1393/63/5 1394/63/5 1490/63/5
f 1394/63/5 1395/63/5 1490/63/5
f 1395/63/5 1396/63/5 1490/63/5
f 1396/63/5 1397/63/5 1490/63/5
f 1397/63/5 1398/63/5 1490/63/5
f 1398/63/5 1399/63/5 1490/63/5
f 1399/63/5 1467/63/5 1490/63/5
f 1399/63/6 1400/63/6 1467/63/6
f 1400/63/5 1466/63/5 1467/63/5
f 1466/63/5 1426/63/5 1465/63/5
f 1426/63/7 1427/63/7 1465/63/7
f 1401/63/6 1466/63/6 1400/63/6
f 1428/63/6 1446/63/6 1427/63/6
f 1466/63/5 1425/63/5 1426/63/5
f 1402/63/5 1466/63/5 1401/63/5
f 1429/63/5 1446/63/5 1428/63/5
f 1466/63/5 1424/63/5 1425/63/5
f 1403/63/5 1466/63/5 1402/63/5
f 1430/63/5 1446/63/5 1429/63/5
f 1466/63/5 1423/63/5 1424/63/5
f 1404/63/5 1466/63/5 1403/63/5
f 1404/63/5 1423/63/5 1466/63/5
f 1431/63/5 1446/63/5 1430/63/5
f 1404/63/5 1422/63/5 1423/63/5
f 1431/63/5 1445/63/5 1446/63/5
f 1405/63/5 1422/63/5 1404/63/5
f 1405/63/5 1421/63/5 1422/63/5
f 1432/63/5 1445/63/5 1431/63/5
f 1405/63/5 1420/63/5 1421/63/5
f 1406/63/5 1420/63/5 1405/63/5
f 1433/63/5 1445/63/5 1432/63/5
f 1406/63/5 1419/63/5 1420/63/5
f 1407/63/5 1419/63/5 1406/63/5
f 1434/63/5 1445/63/5 1433/63/5
f 1407/63/5 1418/63/5 1419/63/5
f 1434/63/5 1444/63/5 1445/63/5
f 1408/63/5 1418/63/5 1407/63/5
f 1408/63/5 1417/63/5 1418/63/5
f 1435/63/5 1444/63/5 1434/63/5
f 1408/63/5 1416/63/5 1417/63/5
f 1409/63/5 1416/63/5 1408/63/5
f 1436/63/5 1444/63/5 1435/63/5
f 1409/63/5 1415/63/5 1416/63/5
f 1436/63/5 1443/63/5 1444/63/5
f 1410/63/5 1415/63/5 1409/63/5
f 1386/63/5 1387/63/5 1388/63/5
f 1410/63/5 1414/63/5 1415/63/5
f 1437/63/5 1443/63/5 1436/63/5
f 1411/63/5 1414/63/5 1410/63/5
f 1438/63/5 1443/63/5 1437/63/5
f 1438/63/5 1442/63/5 1443/63/5
f 1412/63/5 1414/63/5 1411/63/5
f 1439/63/5 1442/63/5 1438/63/5
f 1439/63/5 1441/63/5 1442/63/5
f 1413/63/5 1414/63/5 1412/63/5
f 1440/63/5 1441/63/5 1439/63/5
f 1530/63/5 1528/63/5 1529/63/5
f 1531/63/5 1528/63/5 1530/63/5
f 1531/63/5 1527/63/5 1528/63/5
f 1532/63/5 1527/63/5 1531/63/5
f 1533/63/5 1527/63/5 1532/63/5
f 1533/63/5 1526/63/5 1527/63/5
f 1534/63/5 1526/63/5 1533/63/5
f 1534/63/5 1525/63/5 1526/63/5
f 1535/63/5 1525/63/5 1534/63/5
f 1536/63/5 1525/63/5 1535/63/5
f 1536/63/5 1524/63/5 1525/63/5
f 1537/63/5 1524/63/5 1536/63/5
f 1537/63/5 1523/63/5 1524/63/5
f 1538/63/5 1523/63/5 1537/63/5
f 1539/63/5 1523/63/5 1538/63/5
f 1539/63/5 1522/63/5 1523/63/5
f 1540/63/5 1522/63/5 1539/63/5
f 1540/63/5 1521/63/5 1522/63/5
f 1541/63/5 1521/63/5 1540/63/5
f 1542/63/5 1543/63/5 1541/63/5
f 1543/63/5 1544/63/5 1541/63/5
f 1544/63/5 1545/63/5 1541/63/5
f 1545/63/5 1546/63/5 1541/63/5
f 1546/63/5 1547/63/5 1541/63/5
f 1547/63/5 1548/63/5 1541/63/5
f 1548/63/5 1549/63/5 1541/63/5
f 1549/63/5 1550/63/5 1541/63/5
f 1550/63/5 1551/63/5 1541/63/5
f 1551/63/5 1552/63/5 1541/63/5
f 1552/63/5 1521/63/5 1541/63/5
f 1552/63/5 1553/63/5 1521/63/5
f 1553/63/5 1554/63/5 1521/63/5
f 1554/63/5 1520/63/5 1521/63/5
f 1554/63/5 1555/63/5 1520/63/5
f 1555/63/5 1519/63/5 1520/63/5
f 1556/63/7 1519/63/7 1555/63/7
f 1557/63/5 1519/63/5 1556/63/5
f 1558/63/5 1519/63/5 1557/63/5
f 1559/63/5 1519/63/5 1558/63/5
f 1560/63/5 1519/63/5 1559/63/5
f 1560/63/5 1518/63/5 1519/63/5
f 1561/63/5 1518/63/5 1560/63/5
f 1562/63/5 1518/63/5 1561/63/5
f 1563/63/5 1518/63/5 1562/63/5
f 1563/63/5 1517/63/5 1518/63/5
f 1564/63/5 1517/63/5 1563/63/5
f 1565/63/5 1517/63/5 1564/63/5
f 1565/63/5 1516/63/5 1517/63/5
f 1566/63/5 1516/63/5 1565/63/5
f 1567/63/5 1516/63/5 1566/63/5
f 1568/63/5 1665/63/5 1567/63/5
f 1665/63/5 1516/63/5 1567/63/5
f 1569/63/5 1665/63/5 1568/63/5
f 1570/63/5 1665/63/5 1569/63/5
f 1571/63/5 1665/63/5 1570/63/5
f 1572/63/5 1665/63/5 1571/63/5
f 1572/63/5 1664/63/5 1665/63/5
f 1629/63/5 1516/63/5 1665/63/5
f 1572/63/5 1663/63/5 1664/63/5
f 1573/63/5 1663/63/5 1572/63/5
f 1573/63/5 1662/63/5 1663/63/5
f 1574/63/5 1662/63/5 1573/63/5
f 1574/63/5 1661/63/5 1662/63/5
f 1575/63/5 1661/63/5 1574/63/5
f 1575/63/5 1660/63/5 1661/63/5
f 1575/63/5 1659/63/5 1660/63/5
f 1576/63/5 1659/63/5 1575/63/5
f 1576/63/5 1658/63/5 1659/63/5
f 1577/63/5 1658/63/5 1576/63/5
f 1577/63/5 1657/63/5 1658/63/5
f 1577/63/5 1656/63/5 1657/63/5
f 1578/63/5 1656/63/5 1577/63/5
f 1578/63/5 1655/63/5 1656/63/5
f 1578/63/5 1654/63/5 1655/63/5
f 1579/63/5 1654/63/5 1578/63/5
f 1579/63/5 1653/63/5 1654/63/5
f 1580/63/5 1653/63/5 1579/63/5
f 1580/63/5 1652/63/5 1653/63/5
f 1580/63/5 1651/63/5 1652/63/5
f 1581/63/5 1651/63/5 1580/63/5
f 1581/63/5 1650/63/5 1651/63/5
f 1581/63/5 1649/63/5 1650/63/5
f 1630/63/5 1516/63/5 1629/63/5
f 1582/63/5 1649/63/5 1581/63/5
f 1631/63/5 1516/63/5 1630/63/5
f 1582/63/5 1648/63/5 1649/63/5
f 1632/63/5 1516/63/5 1631/63/5
f 1493/63/5 1628/63/5 1492/63/5
f 1632/63/5 1515/63/5 1516/63/5
f 1582/63/5 1647/63/5 1648/63/5
f 1494/63/5 1628/63/5 1493/63/5
f 1633/63/5 1515/63/5 1632/63/5
f 1633/63/5 1514/63/5 1515/63/5
f 1495/63/5 1628/63/5 1494/63/5
f 1583/63/5 1647/63/5 1582/63/5
f 1583/63/5 1646/63/5 1647/63/5
f 1633/63/5 1513/63/5 1514/63/5
f 1634/63/5 1513/63/5 1633/63/5
f 1496/63/5 1628/63/5 1495/63/5
f 1634/63/5 1512/63/5 1513/63/5
f 1635/63/5 1512/63/5 1634/63/5
f 1497/63/5 1628/63/5 1496/63/5
f 1583/63/5 1645/63/5 1646/63/5
f 1635/63/5 1511/63/5 1512/63/5
f 1498/63/5 1628/63/5 1497/63/5
f 1636/63/5 1511/63/5 1635/63/5
f 1636/63/5 1510/63/5 1511/63/5
f 1499/63/5 1628/63/5 1498/63/5
f 1583/63/5 1644/63/5 1645/63/5
f 1636/63/5 1509/63/5 1510/63/5
f 1637/63/5 1509/63/5 1636/63/5
f 1500/63/5 1628/63/5 1499/63/5
f 1637/63/5 1508/63/5 1509/63/5
f 1584/63/5 1644/63/5 1583/63/5
f 1501/63/5 1628/63/5 1500/63/5
f 1584/63/5 1643/63/5 1644/63/5
f 1638/63/5 1508/63/5 1637/63/5
f 1638/63/5 1507/63/5 1508/63/5
f 1502/63/5 1628/63/5 1501/63/5
f 1638/63/5 1506/63/5 1507/63/5
f 1503/63/5 1628/63/5 1502/63/5
f 1639/63/5 1506/63/5 1638/63/5
f 1639/63/5 1505/63/5 1506/63/5
f 1504/63/5 1628/63/5 1503/63/5
f 1639/63/7 1504/63/7 1505/63/7
f 1584/63/5 1642/63/5 1643/63/5
f 1639/63/5 1628/63/5 1504/63/5
f 1640/63/5 1628/63/5 1639/63/5
f 1584/63/5 1641/63/5 1642/63/5
f 1641/63/5 1628/63/5 1640/63/5
f 1584/63/5 1604/63/5 1641/63/5
f 1604/63/5 1628/63/5 1641/63/5
f 1585/63/5 1604/63/5 1584/63/5
f 1585/63/5 1603/63/5 1604/63/5
f 1605/63/5 1628/63/5 1604/63/5
f 1586/63/5 1603/63/5 1585/63/5
f 1586/63/5 1602/63/5 1603/63/5
f 1606/63/5 1628/63/5 1605/63/5
f 1606/63/5 1627/63/5 1628/63/5
f 1587/63/5 1602/63/5 1586/63/5
f 1587/63/5 1601/63/5 1602/63/5
f 1607/63/5 1627/63/5 1606/63/5
f 1607/63/5 1626/63/5 1627/63/5
f 1587/63/5 1600/63/5 1601/63/5
f 1608/63/5 1626/63/5 1607/63/5
f 1588/63/5 1600/63/5 1587/63/5
f 1608/63/5 1625/63/5 1626/63/5
f 1588/63/5 1599/63/5 1600/63/5
f 1609/63/5 1625/63/5 1608/63/5
f 1609/63/5 1624/63/5 1625/63/5
f 1589/63/5 1599/63/5 1588/63/5
f 1589/63/5 1598/63/5 1599/63/5
f 1610/63/5 1624/63/5 1609/63/5
f 1610/63/5 1623/63/5 1624/63/5
f 1589/63/5 1597/63/5 1598/63/5
f 1611/63/5 1623/63/5 1610/63/5
f 1611/63/5 1622/63/5 1623/63/5
f 1590/63/5 1597/63/5 1589/63/5
f 1590/63/5 1596/63/5 1597/63/5
f 1612/63/5 1622/63/5 1611/63/5
f 1612/63/5 1621/63/5 1622/63/5
f 1590/63/5 1595/63/5 1596/63/5
f 1612/63/5 1620/63/5 1621/63/5
f 1613/63/5 1620/63/5 1612/63/5
f 1591/63/5 1595/63/5 1590/63/5
f 1613/63/5 1619/63/5 1620/63/5
f 1591/63/5 1594/63/5 1595/63/5
f 1614/63/5 1619/63/5 1613/63/5
f 1614/63/5 1618/63/5 1619/63/5
f 1591/63/5 1593/63/5 1594/63/5
f 1615/63/5 1618/63/5 1614/63/5
f 1592/63/5 1593/63/5 1591/63/5
f 1615/63/5 1617/63/5 1618/63/5
f 1616/63/5 1617/63/5 1615/63/5
f 1732/63/5 1730/63/5 1731/63/5
f 1732/63/5 1729/63/5 1730/63/5
f 1732/63/5 1728/63/5 1729/63/5
f 1732/63/5 1727/63/5 1728/63/5
f 1733/63/5 1727/63/5 1732/63/5
f 1733/63/5 1726/63/5 1727/63/5
f 1733/63/5 1725/63/5 1726/63/5
f 1733/63/5 1724/63/5 1725/63/5
f 1734/63/5 1724/63/5 1733/63/5
f 1734/63/5 1723/63/5 1724/63/5
f 1734/63/5 1722/63/5 1723/63/5
f 1735/63/5 1722/63/5 1734/63/5
f 1735/63/5 1721/63/5 1722/63/5
f 1735/63/5 1720/63/5 1721/63/5
f 1736/63/5 1720/63/5 1735/63/5
f 1736/63/5 1719/63/5 1720/63/5
f 1736/63/5 1708/63/5 1719/63/5
f 1708/63/5 1709/63/5 1719/63/5
f 1709/63/5 1710/63/5 1719/63/5
f 1710/63/5 1711/63/5 1719/63/5
f 1711/63/5 1712/63/5 1719/63/5
f 1712/63/5 1713/63/5 1719/63/5
f 1713/63/5 1714/63/5 1719/63/5
f 1714/63/5 1715/63/5 1719/63/5
f 1715/63/5 1716/63/5 1719/63/5
f 1716/63/5 1717/63/5 1719/63/5
f 1717/63/5 1718/63/5 1719/63/5
f 1737/63/5 1706/63/5 1736/63/5
f 1706/63/5 1707/63/5 1736/63/5
f 1707/63/7 1708/63/7 1736/63/7
f 1737/63/5 1705/63/5 1706/63/5
f 1737/63/5 1704/63/5 1705/63/5
f 1737/63/5 1703/63/5 1704/63/5
f 1738/63/5 1703/63/5 1737/63/5
f 1738/63/5 1702/63/5 1703/63/5
f 1738/63/5 1701/63/5 1702/63/5
f 1739/63/5 1701/63/5 1738/63/5
f 1739/63/5 1700/63/5 1701/63/5
f 1739/63/5 1699/63/5 1700/63/5
f 1740/63/5 1699/63/5 1739/63/5
f 1740/63/5 1698/63/5 1699/63/5
f 1741/63/5 1698/63/5 1740/63/5
f 1741/63/5 1697/63/5 1698/63/5
f 1741/63/5 1696/63/5 1697/63/5
f 1742/63/5 1696/63/5 1741/63/5
f 1742/63/5 1695/63/5 1696/63/5
f 1743/63/5 1695/63/5 1742/63/5
f 1743/63/5 1694/63/5 1695/63/5
f 1743/63/5 1693/63/5 1694/63/5
f 1744/63/5 1693/63/5 1743/63/5
f 1668/63/5 1666/63/5 1667/63/5
f 1668/63/5 1669/63/5 1666/63/5
f 1669/63/5 1767/63/5 1666/63/5
f 1744/63/5 1692/63/5 1693/63/5
f 1745/63/5 1692/63/5 1744/63/5
f 1745/63/5 1691/63/5 1692/63/5
f 1670/63/5 1767/63/5 1669/63/5
f 1746/63/5 1691/63/5 1745/63/5
f 1746/63/5 1690/63/5 1691/63/5
f 1746/63/5 1689/63/5 1690/63/5
f 1747/63/5 1689/63/5 1746/63/5
f 1747/63/5 1688/63/5 1689/63/5
f 1748/63/5 1688/63/5 1747/63/5
f 1748/63/5 1687/63/5 1688/63/5
f 1748/63/5 1686/63/5 1687/63/5
f 1749/63/5 1686/63/5 1748/63/5
f 1749/63/5 1685/63/5 1686/63/5
f 1671/63/5 1767/63/5 1670/63/5
f 1672/63/5 1767/63/5 1671/63/5
f 1673/63/5 1767/63/5 1672/63/5
f 1749/63/5 1684/63/5 1685/63/5
f 1674/63/5 1767/63/5 1673/63/5
f 1675/63/5 1767/63/5 1674/63/5
f 1676/63/5 1767/63/5 1675/63/5
f 1749/63/5 1683/63/5 1684/63/5
f 1750/63/5 1683/63/5 1749/63/5
f 1677/63/5 1767/63/5 1676/63/5
f 1678/63/5 1767/63/5 1677/63/5
f 1679/63/5 1767/63/5 1678/63/5
f 1750/63/5 1682/63/5 1683/63/5
f 1680/63/5 1767/63/5 1679/63/5
f 1681/63/5 1767/63/5 1680/63/5
f 1682/63/5 1767/63/5 1681/63/5
f 1750/63/5 1767/63/5 1682/63/5
f 1751/63/5 1767/63/5 1750/63/5
f 1751/63/5 1766/63/5 1767/63/5
f 1751/63/5 1765/63/5 1766/63/5
f 1752/63/5 1765/63/5 1751/63/5
f 1752/63/5 1764/63/5 1765/63/5
f 1752/63/5 1763/63/5 1764/63/5
f 1753/63/5 1763/63/5 1752/63/5
f 1753/63/5 1762/63/5 1763/63/5
f 1753/63/5 1761/63/5 1762/63/5
f 1753/63/5 1760/63/5 1761/63/5
f 1754/63/5 1760/63/5 1753/63/5
f 1754/63/5 1759/63/5 1760/63/5
f 1754/63/5 1758/63/5 1759/63/5
f 1754/63/5 1757/63/5 1758/63/5
f 1755/63/5 1757/63/5 1754/63/5
f 1755/63/5 1756/63/5 1757/63/5
