# Blender 4.4.1
# www.blender.org
mtllib GameClear.mtl
o テキスト.001
v -5.133154 -1.052177 0.003837
v -5.111194 -1.066047 0.003595
v -5.089281 -1.078897 0.003371
v -5.067390 -1.090689 0.003165
v -5.045500 -1.101390 0.002978
v -5.023587 -1.110964 0.002811
v -5.001626 -1.119376 0.002664
v -4.979596 -1.126590 0.002538
v -4.957470 -1.132571 0.002434
v -4.935228 -1.137285 0.002351
v -4.912845 -1.140695 0.002292
v -4.890297 -1.142768 0.002256
v -4.867562 -1.143466 0.002243
v -4.832427 -1.141849 0.002272
v -4.799771 -1.137009 0.002356
v -4.769604 -1.128964 0.002497
v -4.741940 -1.117732 0.002693
v -4.716791 -1.103330 0.002944
v -4.694167 -1.085776 0.003250
v -4.674080 -1.065088 0.003612
v -4.656542 -1.041282 0.004027
v -4.641567 -1.014377 0.004497
v -4.629162 -0.984390 0.005020
v -4.619343 -0.951340 0.005597
v -4.612120 -0.915243 0.006227
v -5.146687 -0.915243 0.006227
v -5.144042 -0.848075 0.007400
v -5.136232 -0.786871 0.008468
v -5.123454 -0.731607 0.009432
v -5.105899 -0.682260 0.010294
v -5.083764 -0.638807 0.011052
v -5.057240 -0.601224 0.011708
v -5.026523 -0.569487 0.012262
v -4.991806 -0.543573 0.012715
v -4.953282 -0.523459 0.013066
v -4.911146 -0.509121 0.013316
v -4.865591 -0.500535 0.013466
v -4.816812 -0.497678 0.013516
v -4.765756 -0.500871 0.013460
v -4.717661 -0.510263 0.013296
v -4.672809 -0.525572 0.013029
v -4.631480 -0.546516 0.012663
v -4.593957 -0.572813 0.012204
v -4.560524 -0.604182 0.011657
v -4.531460 -0.640341 0.011025
v -4.507048 -0.681008 0.010316
v -4.487571 -0.725902 0.009532
v -4.473310 -0.774740 0.008680
v -4.464546 -0.827240 0.007763
v -4.461562 -0.883122 0.006788
v -4.464295 -0.935108 0.005880
v -4.472432 -0.985838 0.004995
v -4.485878 -1.034690 0.004142
v -4.504542 -1.081041 0.003333
v -4.528327 -1.124269 0.002579
v -4.557141 -1.163753 0.001889
v -4.590888 -1.198869 0.001276
v -4.629475 -1.228995 0.000751
v -4.672808 -1.253510 0.000323
v -4.720793 -1.271791 0.000004
v -4.773337 -1.283216 -0.000196
v -4.830345 -1.287162 -0.000265
v -4.861566 -1.286562 -0.000254
v -4.891073 -1.284752 -0.000223
v -4.919053 -1.281721 -0.000170
v -4.945692 -1.277457 -0.000095
v -4.971180 -1.271949 0.000001
v -4.995706 -1.265185 0.000119
v -5.019456 -1.257153 0.000259
v -5.042619 -1.247842 0.000422
v -5.065382 -1.237238 0.000607
v -5.087933 -1.225332 0.000814
v -5.110462 -1.212111 0.001045
v -5.133154 -1.197563 0.001299
v -4.615504 -0.815500 0.007968
v -4.621599 -0.786594 0.008473
v -4.629726 -0.759924 0.008938
v -4.639875 -0.735543 0.009364
v -4.652031 -0.713504 0.009748
v -4.666186 -0.693860 0.010091
v -4.682326 -0.676664 0.010391
v -4.700439 -0.661969 0.010648
v -4.720514 -0.649827 0.010860
v -4.742539 -0.640291 0.011026
v -4.766502 -0.633415 0.011146
v -4.792392 -0.629250 0.011219
v -4.820196 -0.627850 0.011244
v -4.845982 -0.629347 0.011217
v -4.870005 -0.633767 0.011140
v -4.892196 -0.641005 0.011014
v -4.912485 -0.650954 0.010840
v -4.930800 -0.663510 0.010621
v -4.947070 -0.678566 0.010358
v -4.961226 -0.696018 0.010054
v -4.973197 -0.715758 0.009709
v -4.982912 -0.737683 0.009326
v -4.990301 -0.761685 0.008907
v -4.995293 -0.787659 0.008454
v -4.997820 -0.815500 0.007968
v -4.316079 -0.550085 0.012601
v -4.298151 -0.542306 0.012737
v -4.280640 -0.535050 0.012863
v -4.263400 -0.528346 0.012980
v -4.246282 -0.522222 0.013087
v -4.229142 -0.516709 0.013183
v -4.211830 -0.511836 0.013269
v -4.194202 -0.507632 0.013342
v -4.176109 -0.504127 0.013403
v -4.157406 -0.501350 0.013452
v -4.137945 -0.499329 0.013487
v -4.117579 -0.498096 0.013508
v -4.096161 -0.497678 0.013516
v -4.040442 -0.500950 0.013459
v -3.988458 -0.510608 0.013290
v -3.940423 -0.526417 0.013014
v -3.896544 -0.548144 0.012635
v -3.857037 -0.575553 0.012156
v -3.822112 -0.608409 0.011583
v -3.791978 -0.646477 0.010918
v -3.766850 -0.689524 0.010167
v -3.746938 -0.737313 0.009333
v -3.732453 -0.789610 0.008420
v -3.723608 -0.846181 0.007432
v -3.720611 -0.906790 0.006375
v -3.723871 -0.961151 0.005426
v -3.733439 -1.012449 0.004530
v -3.748998 -1.060365 0.003694
v -3.770233 -1.104584 0.002922
v -3.796824 -1.144787 0.002220
v -3.828454 -1.180658 0.001594
v -3.864808 -1.211880 0.001049
v -3.905566 -1.238137 0.000591
v -3.950412 -1.259110 0.000225
v -3.999031 -1.274483 -0.000044
v -4.051102 -1.283940 -0.000209
v -4.106311 -1.287162 -0.000265
v -4.126505 -1.286749 -0.000258
v -4.147186 -1.285550 -0.000237
v -4.168137 -1.283623 -0.000203
v -4.189141 -1.281026 -0.000158
v -4.209980 -1.277819 -0.000102
v -4.230438 -1.274061 -0.000036
v -4.250296 -1.269809 0.000038
v -4.269338 -1.265123 0.000120
v -4.287346 -1.260061 0.000208
v -4.304103 -1.254682 0.000302
v -4.319392 -1.249045 0.000401
v -4.332995 -1.243208 0.000502
v -4.332995 -1.094440 0.003099
v -4.314270 -1.102541 0.002958
v -4.296114 -1.109937 0.002829
v -4.278464 -1.116629 0.002712
v -4.261255 -1.122616 0.002607
v -4.244421 -1.127899 0.002515
v -4.227900 -1.132478 0.002435
v -4.211625 -1.136352 0.002368
v -4.195530 -1.139521 0.002312
v -4.179555 -1.141987 0.002269
v -4.163632 -1.143748 0.002238
v -4.147697 -1.144804 0.002220
v -4.131686 -1.145157 0.002214
v -4.093934 -1.143203 0.002248
v -4.058600 -1.137416 0.002349
v -4.025852 -1.127908 0.002515
v -3.995853 -1.114789 0.002744
v -3.968767 -1.098173 0.003034
v -3.944758 -1.078169 0.003383
v -3.923993 -1.054890 0.003789
v -3.906633 -1.028446 0.004251
v -3.892845 -0.998951 0.004766
v -3.882793 -0.966515 0.005332
v -3.876641 -0.931249 0.005948
v -3.874553 -0.893265 0.006611
v -3.876496 -0.855892 0.007263
v -3.882205 -0.820815 0.007875
v -3.891496 -0.788214 0.008444
v -3.904189 -0.758272 0.008967
v -3.920101 -0.731172 0.009440
v -3.939048 -0.707094 0.009860
v -3.960851 -0.686222 0.010225
v -3.985326 -0.668736 0.010530
v -4.012292 -0.654819 0.010773
v -4.041566 -0.644654 0.010950
v -4.072967 -0.638421 0.011059
v -4.106311 -0.636303 0.011096
v -4.122650 -0.636669 0.011090
v -4.138766 -0.637821 0.011069
v -4.154788 -0.639842 0.011034
v -4.170845 -0.642814 0.010982
v -4.187067 -0.646820 0.010912
v -4.203582 -0.651940 0.010823
v -4.220520 -0.658258 0.010713
v -4.238011 -0.665856 0.010580
v -4.256182 -0.674815 0.010424
v -4.275164 -0.685219 0.010242
v -4.295086 -0.697149 0.010034
v -4.316079 -0.710687 0.009798
v -3.624186 -1.136704 0.002361
v -3.615805 -1.142829 0.002254
v -3.607605 -1.148514 0.002155
v -3.599630 -1.153741 0.002064
v -3.591919 -1.158493 0.001981
v -3.584513 -1.162752 0.001907
v -3.577454 -1.166500 0.001841
v -3.570782 -1.169719 0.001785
v -3.564539 -1.172393 0.001738
v -3.558766 -1.174503 0.001702
v -3.553504 -1.176033 0.001675
v -3.548794 -1.176963 0.001659
v -3.544677 -1.177277 0.001653
v -3.540203 -1.177061 0.001657
v -3.536087 -1.176393 0.001669
v -3.532334 -1.175243 0.001689
v -3.528952 -1.173583 0.001718
v -3.525945 -1.171383 0.001756
v -3.523320 -1.168613 0.001804
v -3.521083 -1.165245 0.001863
v -3.519240 -1.161248 0.001933
v -3.517797 -1.156594 0.002014
v -3.516757 -1.151253 0.002107
v -3.516130 -1.145197 0.002213
v -3.515919 -1.138394 0.002332
v -3.515919 -0.747879 0.009148
v -3.513434 -0.706732 0.009867
v -3.506185 -0.669472 0.010517
v -3.494483 -0.636039 0.011101
v -3.478640 -0.606374 0.011618
v -3.458968 -0.580419 0.012071
v -3.435776 -0.558115 0.012461
v -3.409378 -0.539404 0.012787
v -3.380085 -0.524226 0.013052
v -3.348207 -0.512523 0.013256
v -3.314055 -0.504237 0.013401
v -3.277942 -0.499308 0.013487
v -3.240178 -0.497678 0.013516
v -3.213250 -0.498383 0.013503
v -3.187438 -0.500503 0.013466
v -3.162730 -0.504044 0.013404
v -3.139115 -0.509011 0.013318
v -3.116582 -0.515410 0.013206
v -3.095117 -0.523247 0.013069
v -3.074709 -0.532529 0.012907
v -3.055347 -0.543260 0.012720
v -3.037019 -0.555447 0.012507
v -3.019712 -0.569096 0.012269
v -3.003416 -0.584212 0.012005
v -2.988119 -0.600801 0.011716
v -2.988119 -0.764784 0.008853
v -3.006543 -0.744211 0.009212
v -3.025414 -0.725581 0.009537
v -3.044684 -0.708864 0.009829
v -3.064307 -0.694032 0.010088
v -3.084235 -0.681054 0.010315
v -3.104422 -0.669902 0.010509
v -3.124819 -0.660547 0.010673
v -3.145381 -0.652958 0.010805
v -3.166061 -0.647106 0.010907
v -3.186812 -0.642963 0.010980
v -3.207585 -0.640499 0.011023
v -3.228336 -0.639684 0.011037
v -3.250222 -0.640504 0.011023
v -3.270205 -0.643002 0.010979
v -3.288284 -0.647238 0.010905
v -3.304461 -0.653271 0.010800
v -3.318735 -0.661158 0.010662
v -3.331105 -0.670959 0.010491
v -3.341572 -0.682732 0.010285
v -3.350136 -0.696536 0.010045
v -3.356797 -0.712430 0.009767
v -3.361555 -0.730472 0.009452
v -3.364409 -0.750722 0.009099
v -3.365361 -0.773237 0.008706
v -3.365361 -0.813810 0.007997
v -3.231719 -0.861145 0.007171
v -3.201040 -0.872229 0.006978
v -3.170255 -0.883740 0.006777
v -3.139893 -0.896039 0.006562
v -3.110483 -0.909482 0.006327
v -3.082552 -0.924428 0.006067
v -3.056632 -0.941235 0.005773
v -3.033247 -0.960260 0.005441
v -3.012929 -0.981863 0.005064
v -2.996207 -1.006400 0.004636
v -2.983608 -1.034230 0.004150
v -2.975661 -1.065712 0.003600
v -2.972894 -1.101202 0.002981
v -2.974423 -1.125459 0.002558
v -2.978924 -1.149023 0.002146
v -2.986269 -1.171624 0.001752
v -2.996327 -1.192993 0.001379
v -3.008970 -1.212859 0.001032
v -3.024068 -1.230952 0.000716
v -3.041492 -1.247002 0.000436
v -3.061112 -1.260740 0.000196
v -3.082801 -1.271895 0.000002
v -3.106428 -1.280197 -0.000143
v -3.131864 -1.285376 -0.000234
v -3.158978 -1.287162 -0.000265
v -3.176315 -1.286633 -0.000256
v -3.193641 -1.285041 -0.000228
v -3.210944 -1.282381 -0.000181
v -3.228211 -1.278647 -0.000116
v -3.245431 -1.273833 -0.000032
v -3.262593 -1.267932 0.000071
v -3.279684 -1.260940 0.000193
v -3.296693 -1.252851 0.000334
v -3.313608 -1.243657 0.000494
v -3.330417 -1.233355 0.000674
v -3.347108 -1.221936 0.000874
v -3.363669 -1.209397 0.001092
v -3.367515 -1.222292 0.000867
v -3.372307 -1.233942 0.000664
v -3.378074 -1.244370 0.000482
v -3.384846 -1.253602 0.000321
v -3.392651 -1.261659 0.000180
v -3.401519 -1.268566 0.000060
v -3.411481 -1.274346 -0.000041
v -3.422564 -1.279023 -0.000123
v -3.434798 -1.282619 -0.000186
v -3.448213 -1.285159 -0.000230
v -3.462837 -1.286665 -0.000256
v -3.478702 -1.287162 -0.000265
v -3.490191 -1.286870 -0.000260
v -3.501109 -1.285949 -0.000244
v -3.511663 -1.284336 -0.000216
v -3.522059 -1.281965 -0.000174
v -3.532503 -1.278773 -0.000118
v -3.543198 -1.274695 -0.000047
v -3.554351 -1.269665 0.000041
v -3.566169 -1.263620 0.000146
v -3.578855 -1.256495 0.000270
v -3.592617 -1.248225 0.000415
v -3.607658 -1.238746 0.000580
v -3.624186 -1.227993 0.000768
v -3.365361 -1.118108 0.002686
v -3.355140 -1.127507 0.002522
v -3.344779 -1.136242 0.002369
v -3.334276 -1.144285 0.002229
v -3.323633 -1.151606 0.002101
v -3.312849 -1.158175 0.001987
v -3.301923 -1.163964 0.001886
v -3.290857 -1.168943 0.001799
v -3.279649 -1.173082 0.001726
v -3.268301 -1.176353 0.001669
v -3.256812 -1.178725 0.001628
v -3.245182 -1.180170 0.001603
v -3.233410 -1.180658 0.001594
v -3.218132 -1.179757 0.001610
v -3.203658 -1.177113 0.001656
v -3.190088 -1.172813 0.001731
v -3.177523 -1.166946 0.001833
v -3.166062 -1.159600 0.001962
v -3.155806 -1.150862 0.002114
v -3.146853 -1.140822 0.002289
v -3.139304 -1.129566 0.002486
v -3.133259 -1.117183 0.002702
v -3.128818 -1.103762 0.002936
v -3.126079 -1.089389 0.003187
v -3.125144 -1.074154 0.003453
v -3.127416 -1.052679 0.003828
v -3.134010 -1.032947 0.004172
v -3.144599 -1.014800 0.004489
v -3.158853 -0.998079 0.004781
v -3.176442 -0.982627 0.005051
v -3.197040 -0.968283 0.005301
v -3.220316 -0.954891 0.005535
v -3.245942 -0.942291 0.005755
v -3.273588 -0.930325 0.005964
v -3.302926 -0.918835 0.006164
v -3.333626 -0.907661 0.006359
v -3.365361 -0.896646 0.006552
v -2.330060 -1.253351 0.000325
v -2.344202 -1.258989 0.000227
v -2.357903 -1.264074 0.000138
v -2.371215 -1.268619 0.000059
v -2.384193 -1.272636 -0.000011
v -2.396890 -1.276137 -0.000073
v -2.409357 -1.279132 -0.000125
v -2.421648 -1.281635 -0.000169
v -2.433815 -1.283656 -0.000204
v -2.445913 -1.285208 -0.000231
v -2.457993 -1.286301 -0.000250
v -2.470108 -1.286949 -0.000261
v -2.482310 -1.287162 -0.000265
v -2.537163 -1.283870 -0.000208
v -2.589003 -1.274209 -0.000039
v -2.637495 -1.258502 0.000235
v -2.682303 -1.237072 0.000609
v -2.723094 -1.210242 0.001078
v -2.759532 -1.178334 0.001635
v -2.791284 -1.141671 0.002275
v -2.818013 -1.100576 0.002992
v -2.839386 -1.055373 0.003781
v -2.855066 -1.006383 0.004636
v -2.864720 -0.953930 0.005552
v -2.868011 -0.898337 0.006522
v -2.864888 -0.838194 0.007572
v -2.855575 -0.782910 0.008537
v -2.840152 -0.732558 0.009416
v -2.818702 -0.687207 0.010207
v -2.791308 -0.646927 0.010910
v -2.758052 -0.611790 0.011524
v -2.719017 -0.581865 0.012046
v -2.674284 -0.557223 0.012476
v -2.623935 -0.537934 0.012813
v -2.568053 -0.524069 0.013055
v -2.506721 -0.515699 0.013201
v -2.440019 -0.512893 0.013250
v -2.179502 -0.512893 0.013250
v -2.179502 -1.660773 -0.006786
v -2.330060 -1.660773 -0.006786
v -2.330060 -0.648136 0.010889
v -2.467086 -0.648136 0.010889
v -2.506415 -0.650024 0.010856
v -2.542356 -0.655627 0.010759
v -2.574903 -0.664857 0.010597
v -2.604048 -0.677627 0.010374
v -2.629786 -0.693849 0.010091
v -2.652112 -0.713434 0.009749
v -2.671019 -0.736294 0.009350
v -2.686502 -0.762342 0.008896
v -2.698554 -0.791489 0.008387
v -2.707170 -0.823648 0.007826
v -2.712344 -0.858730 0.007213
v -2.714069 -0.896646 0.006552
v -2.711990 -0.932566 0.005925
v -2.705900 -0.966624 0.005330
v -2.696015 -0.998581 0.004772
v -2.682553 -1.028196 0.004255
v -2.665731 -1.055228 0.003783
v -2.645767 -1.079437 0.003361
v -2.622877 -1.100581 0.002992
v -2.597280 -1.118421 0.002680
v -2.569192 -1.132715 0.002431
v -2.538832 -1.143223 0.002247
v -2.506415 -1.149705 0.002134
v -2.472160 -1.151919 0.002096
v -2.460287 -1.151673 0.002100
v -2.448359 -1.150940 0.002113
v -2.436398 -1.149726 0.002134
v -2.424418 -1.148037 0.002163
v -2.412438 -1.145878 0.002201
v -2.400476 -1.143255 0.002247
v -2.388549 -1.140174 0.002301
v -2.376676 -1.136641 0.002362
v -2.364872 -1.132662 0.002432
v -2.353157 -1.128243 0.002509
v -2.341547 -1.123390 0.002594
v -2.330060 -1.118108 0.002686
v -1.983268 -0.184927 0.018975
v -1.962831 -0.171966 0.019201
v -1.942136 -0.160133 0.019407
v -1.921206 -0.149426 0.019594
v -1.900064 -0.139846 0.019761
v -1.878734 -0.131393 0.019909
v -1.857239 -0.124068 0.020037
v -1.835604 -0.117869 0.020145
v -1.813851 -0.112797 0.020234
v -1.792005 -0.108853 0.020302
v -1.770087 -0.106035 0.020352
v -1.748123 -0.104345 0.020381
v -1.726135 -0.103781 0.020391
v -1.674824 -0.106251 0.020348
v -1.626773 -0.113541 0.020221
v -1.582211 -0.125468 0.020012
v -1.541368 -0.141850 0.019726
v -1.504471 -0.162505 0.019366
v -1.471751 -0.187252 0.018934
v -1.443436 -0.215908 0.018434
v -1.419755 -0.248291 0.017868
v -1.400939 -0.284220 0.017241
v -1.387214 -0.323513 0.016555
v -1.378812 -0.365987 0.015814
v -1.375960 -0.411460 0.015020
v -1.385779 -0.484760 0.013741
v -1.412926 -0.547753 0.012641
v -1.453935 -0.602175 0.011691
v -1.505341 -0.649764 0.010861
v -1.563678 -0.692259 0.010119
v -1.625480 -0.731396 0.009436
v -1.687283 -0.768913 0.008781
v -1.745620 -0.806547 0.008124
v -1.797026 -0.846036 0.007435
v -1.838035 -0.889118 0.006683
v -1.865182 -0.937529 0.005838
v -1.875002 -0.993008 0.004869
v -1.873763 -1.009363 0.004584
v -1.870021 -1.026083 0.004292
v -1.863742 -1.042826 0.004000
v -1.854890 -1.059252 0.003713
v -1.843430 -1.075021 0.003438
v -1.829327 -1.089791 0.003180
v -1.812545 -1.103224 0.002946
v -1.793050 -1.114977 0.002740
v -1.770806 -1.124712 0.002571
v -1.745778 -1.132086 0.002442
v -1.717930 -1.136761 0.002360
v -1.687227 -1.138394 0.002332
v -1.659041 -1.137168 0.002353
v -1.631190 -1.133511 0.002417
v -1.603727 -1.127459 0.002523
v -1.576705 -1.119047 0.002669
v -1.550175 -1.108311 0.002857
v -1.524192 -1.095286 0.003084
v -1.498808 -1.080006 0.003351
v -1.474077 -1.062508 0.003656
v -1.450050 -1.042826 0.004000
v -1.426780 -1.020995 0.004381
v -1.404322 -0.997052 0.004799
v -1.382726 -0.971031 0.005253
v -1.382726 -1.180658 0.001594
v -1.406949 -1.198024 0.001291
v -1.431448 -1.213788 0.001016
v -1.456287 -1.227967 0.000768
v -1.481533 -1.240578 0.000548
v -1.507247 -1.251640 0.000355
v -1.533496 -1.261170 0.000189
v -1.560345 -1.269186 0.000049
v -1.587857 -1.275704 -0.000065
v -1.616097 -1.280744 -0.000153
v -1.645131 -1.284321 -0.000215
v -1.675022 -1.286455 -0.000253
v -1.705835 -1.287162 -0.000265
v -1.751283 -1.284463 -0.000218
v -1.794381 -1.276557 -0.000080
v -1.834825 -1.263732 0.000144
v -1.872308 -1.246276 0.000449
v -1.906525 -1.224476 0.000829
v -1.937171 -1.198620 0.001280
v -1.963940 -1.168995 0.001798
v -1.986527 -1.135890 0.002375
v -2.004626 -1.099591 0.003009
v -2.017932 -1.060387 0.003693
v -2.026140 -1.018564 0.004423
v -2.028944 -0.974412 0.005194
v -2.019125 -0.890068 0.006666
v -1.991978 -0.819085 0.007905
v -1.950968 -0.759395 0.008947
v -1.899563 -0.708934 0.009828
v -1.841226 -0.665633 0.010584
v -1.779423 -0.627427 0.011251
v -1.717620 -0.592251 0.011865
v -1.659284 -0.558037 0.012462
v -1.607878 -0.522719 0.013078
v -1.566868 -0.484232 0.013750
v -1.539721 -0.440509 0.014513
v -1.529902 -0.389483 0.015404
v -1.531461 -0.369743 0.015749
v -1.536034 -0.351164 0.016073
v -1.543462 -0.333854 0.016375
v -1.553586 -0.317917 0.016653
v -1.566247 -0.303459 0.016906
v -1.581286 -0.290586 0.017130
v -1.598547 -0.279404 0.017325
v -1.617869 -0.270018 0.017489
v -1.639094 -0.262534 0.017620
v -1.662064 -0.257057 0.017715
v -1.686619 -0.253694 0.017774
v -1.712602 -0.252549 0.017794
v -1.732400 -0.253135 0.017784
v -1.752857 -0.254983 0.017752
v -1.773925 -0.258228 0.017695
v -1.795557 -0.263005 0.017612
v -1.817705 -0.269450 0.017499
v -1.840322 -0.277696 0.017355
v -1.863364 -0.287879 0.017177
v -1.886781 -0.300135 0.016964
v -1.910527 -0.314597 0.016711
v -1.934555 -0.331402 0.016418
v -1.958818 -0.350684 0.016081
v -1.983268 -0.372578 0.015699
v -0.366034 -0.497678 0.013515
v -0.310526 -0.501131 0.013455
v -0.257627 -0.511210 0.013279
v -0.207757 -0.527500 0.012995
v -0.161342 -0.549584 0.012609
v -0.118804 -0.577044 0.012130
v -0.080565 -0.609465 0.011564
v -0.047049 -0.646429 0.010919
v -0.018678 -0.687520 0.010202
v 0.004124 -0.732320 0.009420
v 0.020936 -0.780414 0.008580
v 0.031332 -0.831383 0.007690
v 0.034891 -0.884813 0.006758
v 0.031461 -0.941738 0.005764
v 0.021405 -0.995622 0.004824
v 0.005075 -1.046101 0.003943
v -0.017175 -1.092812 0.003127
v -0.044993 -1.135391 0.002384
v -0.078028 -1.173473 0.001719
v -0.115926 -1.206695 0.001139
v -0.158335 -1.234693 0.000651
v -0.204903 -1.257102 0.000260
v -0.255277 -1.273560 -0.000028
v -0.309105 -1.283701 -0.000205
v -0.366034 -1.287162 -0.000265
v -0.425295 -1.283830 -0.000207
v -0.481068 -1.274029 -0.000036
v -0.533033 -1.258053 0.000243
v -0.580876 -1.236196 0.000624
v -0.624278 -1.208750 0.001104
v -0.662922 -1.176009 0.001675
v -0.696491 -1.138267 0.002334
v -0.724668 -1.095818 0.003075
v -0.747135 -1.048954 0.003893
v -0.763576 -0.997970 0.004783
v -0.773674 -0.943158 0.005739
v -0.777109 -0.884813 0.006758
v -0.773576 -0.829963 0.007715
v -0.763224 -0.778066 0.008621
v -0.746421 -0.729468 0.009469
v -0.723540 -0.684514 0.010254
v -0.694949 -0.643553 0.010969
v -0.661019 -0.606929 0.011608
v -0.622119 -0.574990 0.012166
v -0.578621 -0.548081 0.012636
v -0.530893 -0.526549 0.013011
v -0.479306 -0.510740 0.013287
v -0.424230 -0.501001 0.013457
v -0.364343 -0.632922 0.011155
v -0.401063 -0.635102 0.011117
v -0.435792 -0.641492 0.011005
v -0.468301 -0.651861 0.010824
v -0.498360 -0.665981 0.010578
v -0.525741 -0.683623 0.010270
v -0.550214 -0.704558 0.009904
v -0.571551 -0.728558 0.009485
v -0.589522 -0.755392 0.009017
v -0.603898 -0.784833 0.008503
v -0.614450 -0.816651 0.007948
v -0.620950 -0.850617 0.007355
v -0.623168 -0.886503 0.006728
v -0.621112 -0.926173 0.006036
v -0.615038 -0.963102 0.005391
v -0.605088 -0.997155 0.004797
v -0.591402 -1.028196 0.004255
v -0.574121 -1.056091 0.003768
v -0.553386 -1.080705 0.003339
v -0.529339 -1.101902 0.002969
v -0.502120 -1.119548 0.002661
v -0.471869 -1.133508 0.002417
v -0.438729 -1.143646 0.002240
v -0.402840 -1.149828 0.002132
v -0.364343 -1.151919 0.002096
v -0.328954 -1.149730 0.002134
v -0.295658 -1.143286 0.002246
v -0.264640 -1.132768 0.002430
v -0.236089 -1.118358 0.002681
v -0.210193 -1.100239 0.002998
v -0.187140 -1.078591 0.003375
v -0.167118 -1.053598 0.003812
v -0.150315 -1.025441 0.004303
v -0.136919 -0.994302 0.004847
v -0.127117 -0.960363 0.005439
v -0.121099 -0.923806 0.006077
v -0.119051 -0.884813 0.006758
v -0.121163 -0.849315 0.007377
v -0.127352 -0.815673 0.007965
v -0.137395 -0.784120 0.008515
v -0.151067 -0.754891 0.009026
v -0.168146 -0.728222 0.009491
v -0.188409 -0.704347 0.009908
v -0.211632 -0.683501 0.010272
v -0.237592 -0.665918 0.010579
v -0.266067 -0.651834 0.010824
v -0.296832 -0.641484 0.011005
v -0.329665 -0.635101 0.011117
v 0.376608 -0.355672 0.015994
v 0.659117 -0.631231 0.011184
v 0.659117 -0.648136 0.010889
v 0.527166 -0.648136 0.010889
v 0.527166 -1.048796 0.003895
v 0.525440 -1.082251 0.003311
v 0.520267 -1.113999 0.002757
v 0.511651 -1.143809 0.002237
v 0.499599 -1.171454 0.001754
v 0.484116 -1.196704 0.001314
v 0.465209 -1.219329 0.000919
v 0.442883 -1.239102 0.000574
v 0.417145 -1.255793 0.000282
v 0.388000 -1.269174 0.000049
v 0.355454 -1.279015 -0.000123
v 0.319513 -1.285087 -0.000229
v 0.280183 -1.287162 -0.000265
v 0.267284 -1.286713 -0.000257
v 0.253257 -1.285401 -0.000234
v 0.238314 -1.283279 -0.000197
v 0.222666 -1.280400 -0.000147
v 0.206524 -1.276817 -0.000085
v 0.190101 -1.272581 -0.000011
v 0.173607 -1.267748 0.000074
v 0.157255 -1.262368 0.000168
v 0.141254 -1.256495 0.000270
v 0.125818 -1.250182 0.000380
v 0.111156 -1.243481 0.000497
v 0.097483 -1.236446 0.000620
v 0.097483 -1.096131 0.003069
v 0.112604 -1.105041 0.002914
v 0.127525 -1.113177 0.002772
v 0.142259 -1.120538 0.002643
v 0.156816 -1.127124 0.002528
v 0.171209 -1.132935 0.002427
v 0.185449 -1.137972 0.002339
v 0.199548 -1.142233 0.002265
v 0.213518 -1.145720 0.002204
v 0.227371 -1.148432 0.002156
v 0.241117 -1.150369 0.002123
v 0.254771 -1.151531 0.002102
v 0.268342 -1.151919 0.002095
v 0.279711 -1.151368 0.002105
v 0.291633 -1.149626 0.002135
v 0.303813 -1.146557 0.002189
v 0.315958 -1.142026 0.002268
v 0.327775 -1.135899 0.002375
v 0.338968 -1.128040 0.002512
v 0.349246 -1.118314 0.002682
v 0.358313 -1.106587 0.002887
v 0.365876 -1.092723 0.003129
v 0.371643 -1.076588 0.003410
v 0.375318 -1.058046 0.003734
v 0.376608 -1.036962 0.004102
v 0.376608 -0.648136 0.010889
v 0.136391 -0.648136 0.010889
v 0.136391 -0.512893 0.013250
v 0.376608 -0.512893 0.013250
v 1.721484 -0.118996 0.020125
v 1.872042 -0.118996 0.020125
v 1.872042 -1.271947 0.000000
v 1.721484 -1.271947 0.000000
v 1.721484 -0.727592 0.009502
v 1.704091 -0.708739 0.009831
v 1.687361 -0.691864 0.010126
v 1.671183 -0.676902 0.010387
v 1.655446 -0.663790 0.010616
v 1.640038 -0.652462 0.010813
v 1.624847 -0.642853 0.010981
v 1.609762 -0.634901 0.011120
v 1.594672 -0.628539 0.011231
v 1.579463 -0.623703 0.011315
v 1.564026 -0.620329 0.011374
v 1.548248 -0.618351 0.011409
v 1.532017 -0.617707 0.011420
v 1.509898 -0.619202 0.011394
v 1.489271 -0.623608 0.011317
v 1.470218 -0.630808 0.011191
v 1.452822 -0.640686 0.011019
v 1.437164 -0.653122 0.010802
v 1.423327 -0.668000 0.010542
v 1.411393 -0.685203 0.010242
v 1.401445 -0.704613 0.009903
v 1.393564 -0.726113 0.009528
v 1.387833 -0.749585 0.009118
v 1.384335 -0.774912 0.008676
v 1.383150 -0.801976 0.008204
v 1.383150 -1.271947 0.000000
v 1.232592 -1.271947 0.000000
v 1.232592 -0.807048 0.008115
v 1.234842 -0.757279 0.008984
v 1.241426 -0.711931 0.009775
v 1.252099 -0.670985 0.010490
v 1.266613 -0.634424 0.011128
v 1.284722 -0.602231 0.011690
v 1.306179 -0.574386 0.012176
v 1.330738 -0.550874 0.012587
v 1.358151 -0.531677 0.012922
v 1.388172 -0.516776 0.013182
v 1.420555 -0.506154 0.013367
v 1.455052 -0.499794 0.013478
v 1.491417 -0.497678 0.013515
v 1.512547 -0.498552 0.013500
v 1.533583 -0.501145 0.013455
v 1.554432 -0.505418 0.013380
v 1.574998 -0.511328 0.013277
v 1.595189 -0.518834 0.013146
v 1.614909 -0.527897 0.012988
v 1.634065 -0.538473 0.012803
v 1.652564 -0.550523 0.012593
v 1.670311 -0.564005 0.012357
v 1.687212 -0.578879 0.012098
v 1.703173 -0.595103 0.011815
v 1.718101 -0.612635 0.011509
v 1.721484 -0.612635 0.011509
v 2.078426 -0.560228 0.012423
v 2.098165 -0.550119 0.012600
v 2.117640 -0.540920 0.012760
v 2.136868 -0.532625 0.012905
v 2.155867 -0.525228 0.013034
v 2.174654 -0.518723 0.013148
v 2.193248 -0.513104 0.013246
v 2.211665 -0.508366 0.013329
v 2.229924 -0.504503 0.013396
v 2.248042 -0.501508 0.013448
v 2.266037 -0.499376 0.013485
v 2.283926 -0.498102 0.013508
v 2.301726 -0.497678 0.013515
v 2.338635 -0.499282 0.013487
v 2.373136 -0.504033 0.013404
v 2.405076 -0.511836 0.013268
v 2.434302 -0.522598 0.013080
v 2.460662 -0.536224 0.012842
v 2.484003 -0.552621 0.012556
v 2.504172 -0.571694 0.012223
v 2.521016 -0.593350 0.011845
v 2.534383 -0.617495 0.011424
v 2.544120 -0.644035 0.010960
v 2.550074 -0.672876 0.010457
v 2.552093 -0.703924 0.009915
v 2.545103 -0.752079 0.009074
v 2.525778 -0.794721 0.008330
v 2.496585 -0.832538 0.007670
v 2.459991 -0.866217 0.007082
v 2.418463 -0.896444 0.006555
v 2.374467 -0.923907 0.006075
v 2.330472 -0.949291 0.005632
v 2.288944 -0.973285 0.005213
v 2.252350 -0.996574 0.004807
v 2.223157 -1.019845 0.004401
v 2.203832 -1.043786 0.003983
v 2.196842 -1.069082 0.003541
v 2.197876 -1.082078 0.003314
v 2.200884 -1.094018 0.003106
v 2.205724 -1.104900 0.002916
v 2.212255 -1.114727 0.002744
v 2.220338 -1.123497 0.002591
v 2.229830 -1.131210 0.002457
v 2.240591 -1.137866 0.002341
v 2.252479 -1.143466 0.002243
v 2.265355 -1.148009 0.002164
v 2.279076 -1.151496 0.002103
v 2.293502 -1.153926 0.002060
v 2.308492 -1.155300 0.002036
v 2.324305 -1.154629 0.002048
v 2.341245 -1.152607 0.002083
v 2.359242 -1.149225 0.002142
v 2.378227 -1.144468 0.002225
v 2.398128 -1.138326 0.002333
v 2.418874 -1.130787 0.002464
v 2.440396 -1.121839 0.002620
v 2.462622 -1.111471 0.002801
v 2.485483 -1.099670 0.003007
v 2.508908 -1.086426 0.003238
v 2.532827 -1.071725 0.003495
v 2.557168 -1.055558 0.003777
v 2.557168 -1.217850 0.000944
v 2.533141 -1.229868 0.000735
v 2.510012 -1.240594 0.000547
v 2.487624 -1.250076 0.000382
v 2.465818 -1.258361 0.000237
v 2.444434 -1.265494 0.000113
v 2.423315 -1.271525 0.000008
v 2.402301 -1.276499 -0.000079
v 2.381234 -1.280463 -0.000148
v 2.359956 -1.283464 -0.000201
v 2.338308 -1.285550 -0.000237
v 2.316132 -1.286767 -0.000259
v 2.293267 -1.287162 -0.000265
v 2.258135 -1.285322 -0.000233
v 2.224794 -1.279907 -0.000139
v 2.193486 -1.271076 0.000015
v 2.164450 -1.258987 0.000226
v 2.137929 -1.243798 0.000492
v 2.114162 -1.225669 0.000808
v 2.093391 -1.204757 0.001173
v 2.075857 -1.181221 0.001584
v 2.061800 -1.155221 0.002038
v 2.051461 -1.126913 0.002532
v 2.045081 -1.096457 0.003063
v 2.042901 -1.064011 0.003630
v 2.043872 -1.045065 0.003960
v 2.046864 -1.026983 0.004276
v 2.051993 -1.009570 0.004580
v 2.059379 -0.992632 0.004876
v 2.069137 -0.975976 0.005166
v 2.081386 -0.959408 0.005456
v 2.096243 -0.942734 0.005747
v 2.113825 -0.925761 0.006043
v 2.134251 -0.908296 0.006348
v 2.157636 -0.890143 0.006665
v 2.184100 -0.871109 0.006997
v 2.213759 -0.851002 0.007348
v 2.245461 -0.832318 0.007674
v 2.273821 -0.815078 0.007975
v 2.298951 -0.799176 0.008252
v 2.320961 -0.784507 0.008508
v 2.339964 -0.770965 0.008745
v 2.356071 -0.758445 0.008963
v 2.369394 -0.746840 0.009166
v 2.380044 -0.736045 0.009354
v 2.388133 -0.725954 0.009531
v 2.393773 -0.716463 0.009696
v 2.397075 -0.707464 0.009853
v 2.398151 -0.698853 0.010004
v 2.397350 -0.688966 0.010176
v 2.394987 -0.679631 0.010339
v 2.391120 -0.670906 0.010491
v 2.385808 -0.662851 0.010632
v 2.379110 -0.655523 0.010760
v 2.371084 -0.648982 0.010874
v 2.361790 -0.643286 0.010973
v 2.351285 -0.638494 0.011057
v 2.339630 -0.634665 0.011124
v 2.326881 -0.631857 0.011173
v 2.313099 -0.630130 0.011203
v 2.298342 -0.629541 0.011213
v 2.283904 -0.630038 0.011205
v 2.268543 -0.631552 0.011178
v 2.252324 -0.634110 0.011134
v 2.235312 -0.637743 0.011070
v 2.217572 -0.642479 0.010988
v 2.199168 -0.648348 0.010885
v 2.180166 -0.655379 0.010762
v 2.160628 -0.663602 0.010619
v 2.140621 -0.673046 0.010454
v 2.120208 -0.683740 0.010267
v 2.099455 -0.695713 0.010058
v 2.078426 -0.708996 0.009827
v 2.733101 -1.271947 0.000000
v 2.733101 -0.512893 0.013249
v 2.883659 -0.512893 0.013249
v 2.883659 -1.055558 0.003777
v 2.896234 -1.072214 0.003486
v 2.909402 -1.087514 0.003219
v 2.923123 -1.101440 0.002976
v 2.937354 -1.113975 0.002758
v 2.952055 -1.125102 0.002563
v 2.967185 -1.134802 0.002394
v 2.982703 -1.143058 0.002250
v 2.998568 -1.149853 0.002131
v 3.014737 -1.155168 0.002039
v 3.031171 -1.158986 0.001972
v 3.047828 -1.161290 0.001932
v 3.064668 -1.162062 0.001918
v 3.089407 -1.160803 0.001940
v 3.112027 -1.157061 0.002005
v 3.132519 -1.150889 0.002113
v 3.150880 -1.142339 0.002262
v 3.167103 -1.131465 0.002452
v 3.181181 -1.118319 0.002682
v 3.193110 -1.102955 0.002950
v 3.202883 -1.085424 0.003256
v 3.210495 -1.065780 0.003599
v 3.215939 -1.044076 0.003978
v 3.219210 -1.020365 0.004391
v 3.220301 -0.994698 0.004839
v 3.220301 -0.512893 0.013249
v 3.370860 -0.512893 0.013249
v 3.370860 -0.984555 0.005017
v 3.368640 -1.030994 0.004206
v 3.362127 -1.073888 0.003457
v 3.351538 -1.113142 0.002772
v 3.337089 -1.148663 0.002152
v 3.318998 -1.180357 0.001599
v 3.297483 -1.208129 0.001114
v 3.272762 -1.231887 0.000699
v 3.245050 -1.251536 0.000356
v 3.214565 -1.266981 0.000087
v 3.181526 -1.278130 -0.000108
v 3.146149 -1.284889 -0.000226
v 3.108651 -1.287162 -0.000265
v 3.089783 -1.286258 -0.000250
v 3.070487 -1.283593 -0.000203
v 3.050897 -1.279238 -0.000127
v 3.031147 -1.273262 -0.000023
v 3.011375 -1.265737 0.000109
v 2.991714 -1.256733 0.000266
v 2.972301 -1.246319 0.000447
v 2.953268 -1.234568 0.000653
v 2.934753 -1.221548 0.000880
v 2.916890 -1.207331 0.001128
v 2.899813 -1.191987 0.001396
v 2.883659 -1.175586 0.001682
v 2.883659 -1.271947 0.000000
v 4.216693 -0.118996 0.020125
v 4.216693 -1.271947 0.000000
v 4.050910 -1.271947 0.000000
v 4.050910 -0.773237 0.008705
v 3.878360 -0.773237 0.008705
v 3.814556 -0.770338 0.008756
v 3.756732 -0.761880 0.008903
v 3.704805 -0.748222 0.009142
v 3.658694 -0.729721 0.009465
v 3.618315 -0.706735 0.009866
v 3.583587 -0.679623 0.010339
v 3.554427 -0.648742 0.010878
v 3.530754 -0.614451 0.011477
v 3.512484 -0.577107 0.012129
v 3.499536 -0.537069 0.012827
v 3.491828 -0.494695 0.013567
v 3.489276 -0.450343 0.014341
v 3.491686 -0.405469 0.015124
v 3.498964 -0.362403 0.015876
v 3.511189 -0.321544 0.016589
v 3.528435 -0.283292 0.017257
v 3.550780 -0.248045 0.017872
v 3.578300 -0.216202 0.018428
v 3.611072 -0.188164 0.018918
v 3.649170 -0.164328 0.019334
v 3.692673 -0.145094 0.019669
v 3.741656 -0.130861 0.019918
v 3.796196 -0.122029 0.020072
v 3.856368 -0.118996 0.020125
v 4.050910 -0.267764 0.017528
v 3.856368 -0.267764 0.017528
v 3.820879 -0.269609 0.017496
v 3.789555 -0.274917 0.017403
v 3.762190 -0.283349 0.017256
v 3.738578 -0.294562 0.017060
v 3.718514 -0.308218 0.016822
v 3.701792 -0.323975 0.016547
v 3.688207 -0.341492 0.016241
v 3.677553 -0.360431 0.015911
v 3.669624 -0.380449 0.015561
v 3.664215 -0.401207 0.015199
v 3.661121 -0.422365 0.014830
v 3.660135 -0.443581 0.014459
v 3.661771 -0.471289 0.013976
v 3.666596 -0.496895 0.013529
v 3.674488 -0.520342 0.013119
v 3.685322 -0.541570 0.012749
v 3.698976 -0.560520 0.012418
v 3.715325 -0.577134 0.012128
v 3.734248 -0.591353 0.011880
v 3.755620 -0.603118 0.011674
v 3.779318 -0.612371 0.011513
v 3.805219 -0.619053 0.011396
v 3.833199 -0.623105 0.011326
v 3.863135 -0.624469 0.011302
v 4.050910 -0.624469 0.011302
v -3.939106 0.968707 0.014663
v -3.939106 0.128717 0.000001
v -4.126543 0.128717 0.000001
v -4.126543 0.568355 0.007675
v -4.128606 0.603696 0.008292
v -4.134626 0.637497 0.008882
v -4.144346 0.669466 0.009440
v -4.157508 0.699311 0.009961
v -4.173861 0.726740 0.010439
v -4.193144 0.751460 0.010871
v -4.215105 0.773179 0.011250
v -4.239487 0.791604 0.011572
v -4.266034 0.806444 0.011831
v -4.294489 0.817405 0.012022
v -4.324595 0.824197 0.012140
v -4.356100 0.826525 0.012181
v -4.367744 0.825835 0.012169
v -4.380455 0.823806 0.012134
v -4.394075 0.820504 0.012076
v -4.408438 0.815994 0.011997
v -4.423389 0.810340 0.011899
v -4.438761 0.803608 0.011781
v -4.454400 0.795863 0.011646
v -4.470139 0.787169 0.011494
v -4.485818 0.777593 0.011327
v -4.501280 0.767197 0.011146
v -4.516362 0.756048 0.010951
v -4.530900 0.744210 0.010744
v -4.629883 0.888262 0.013259
v -4.610528 0.903931 0.013532
v -4.591399 0.918204 0.013781
v -4.572461 0.931086 0.014006
v -4.553675 0.942585 0.014207
v -4.535008 0.952706 0.014384
v -4.516421 0.961457 0.014536
v -4.497878 0.968844 0.014665
v -4.479341 0.974873 0.014771
v -4.460777 0.979551 0.014852
v -4.442145 0.982885 0.014910
v -4.423411 0.984880 0.014945
v -4.404539 0.985544 0.014957
v -4.382380 0.984243 0.014934
v -4.360126 0.980286 0.014865
v -4.337771 0.973588 0.014748
v -4.315304 0.964064 0.014582
v -4.292722 0.951630 0.014365
v -4.270015 0.936201 0.014096
v -4.247178 0.917694 0.013772
v -4.224199 0.896022 0.013394
v -4.201076 0.871103 0.012959
v -4.177799 0.842852 0.012466
v -4.154361 0.811183 0.011913
v -4.130754 0.776014 0.011299
v -4.126543 0.776014 0.011299
v -4.126543 0.968707 0.014663
v -3.760093 0.278381 0.002613
v -3.749660 0.271602 0.002495
v -3.739453 0.265311 0.002385
v -3.729524 0.259527 0.002284
v -3.719923 0.254268 0.002192
v -3.710703 0.249556 0.002110
v -3.701916 0.245408 0.002038
v -3.693609 0.241845 0.001975
v -3.685838 0.238886 0.001924
v -3.678650 0.236551 0.001883
v -3.672099 0.234859 0.001853
v -3.666236 0.233829 0.001836
v -3.661111 0.233482 0.001829
v -3.655539 0.233721 0.001834
v -3.650414 0.234460 0.001847
v -3.645742 0.235732 0.001869
v -3.641532 0.237570 0.001901
v -3.637789 0.240005 0.001943
v -3.634522 0.243069 0.001997
v -3.631736 0.246797 0.002062
v -3.629442 0.251220 0.002139
v -3.627645 0.256370 0.002229
v -3.626350 0.262280 0.002332
v -3.625570 0.268982 0.002449
v -3.625307 0.276510 0.002581
v -3.625307 0.708665 0.010124
v -3.622214 0.754199 0.010919
v -3.613188 0.795432 0.011638
v -3.598619 0.832430 0.012284
v -3.578897 0.865258 0.012857
v -3.554406 0.893981 0.013358
v -3.525534 0.918663 0.013789
v -3.492669 0.939369 0.014151
v -3.456201 0.956165 0.014444
v -3.416513 0.969116 0.014670
v -3.373998 0.978286 0.014830
v -3.329039 0.983740 0.014925
v -3.282024 0.985544 0.014957
v -3.248501 0.984763 0.014943
v -3.216368 0.982417 0.014902
v -3.185608 0.978499 0.014834
v -3.156209 0.973002 0.014738
v -3.128156 0.965921 0.014614
v -3.101433 0.957248 0.014463
v -3.076026 0.946977 0.014283
v -3.051920 0.935101 0.014076
v -3.029104 0.921615 0.013841
v -3.007558 0.906511 0.013577
v -2.987271 0.889783 0.013285
v -2.968226 0.871425 0.012965
v -2.968226 0.689957 0.009797
v -2.991164 0.712724 0.010195
v -3.014657 0.733341 0.010554
v -3.038646 0.751840 0.010877
v -3.063075 0.768254 0.011164
v -3.087884 0.782615 0.011415
v -3.113016 0.794956 0.011630
v -3.138410 0.805309 0.011811
v -3.164010 0.813707 0.011957
v -3.189754 0.820183 0.012070
v -3.215587 0.824767 0.012150
v -3.241448 0.827495 0.012198
v -3.267282 0.828396 0.012214
v -3.294528 0.827489 0.012198
v -3.319407 0.824724 0.012150
v -3.341915 0.820036 0.012068
v -3.362053 0.813361 0.011951
v -3.379824 0.804632 0.011799
v -3.395223 0.793787 0.011610
v -3.408255 0.780758 0.011382
v -3.418916 0.765482 0.011116
v -3.427210 0.747894 0.010809
v -3.433132 0.727927 0.010460
v -3.436686 0.705519 0.010069
v -3.437872 0.680603 0.009634
v -3.437872 0.635704 0.008850
v -3.271496 0.583322 0.007936
v -3.233301 0.571056 0.007722
v -3.194975 0.558317 0.007499
v -3.157177 0.544707 0.007262
v -3.120564 0.529830 0.007002
v -3.085790 0.513291 0.006713
v -3.053521 0.494692 0.006389
v -3.024409 0.473638 0.006021
v -2.999114 0.449732 0.005604
v -2.978296 0.422579 0.005130
v -2.962610 0.391781 0.004593
v -2.952715 0.356943 0.003984
v -2.949271 0.317668 0.003299
v -2.951175 0.290825 0.002830
v -2.956779 0.264748 0.002375
v -2.965922 0.239737 0.001939
v -2.978445 0.216090 0.001526
v -2.994184 0.194106 0.001142
v -3.012979 0.174084 0.000793
v -3.034671 0.156322 0.000483
v -3.059098 0.141119 0.000217
v -3.086098 0.128775 0.000002
v -3.115510 0.119588 -0.000159
v -3.147178 0.113856 -0.000259
v -3.180934 0.111880 -0.000293
v -3.202519 0.112465 -0.000283
v -3.224089 0.114227 -0.000252
v -3.245630 0.117170 -0.000201
v -3.267127 0.121303 -0.000129
v -3.288564 0.126631 -0.000036
v -3.309929 0.133160 0.000078
v -3.331207 0.140898 0.000213
v -3.352383 0.149850 0.000370
v -3.373440 0.160023 0.000547
v -3.394366 0.171425 0.000746
v -3.415147 0.184060 0.000967
v -3.435765 0.197937 0.001209
v -3.440553 0.183667 0.000960
v -3.446519 0.170775 0.000735
v -3.453699 0.159234 0.000533
v -3.462130 0.149019 0.000355
v -3.471847 0.140102 0.000199
v -3.482886 0.132458 0.000066
v -3.495288 0.126062 -0.000046
v -3.509085 0.120887 -0.000136
v -3.524317 0.116907 -0.000205
v -3.541017 0.114097 -0.000254
v -3.559225 0.112430 -0.000284
v -3.578974 0.111880 -0.000293
v -3.593278 0.112203 -0.000287
v -3.606870 0.113222 -0.000270
v -3.620010 0.115007 -0.000239
v -3.632952 0.117631 -0.000193
v -3.645954 0.121163 -0.000131
v -3.659268 0.125677 -0.000052
v -3.673154 0.131243 0.000045
v -3.687866 0.137932 0.000162
v -3.703660 0.145817 0.000299
v -3.720791 0.154969 0.000459
v -3.739517 0.165458 0.000642
v -3.760093 0.177358 0.000850
v -3.437872 0.298960 0.002972
v -3.425148 0.288559 0.002791
v -3.412248 0.278892 0.002622
v -3.399174 0.269991 0.002467
v -3.385922 0.261890 0.002325
v -3.372496 0.254620 0.002198
v -3.358894 0.248214 0.002087
v -3.345119 0.242705 0.001990
v -3.331165 0.238124 0.001910
v -3.317038 0.234505 0.001847
v -3.302734 0.231879 0.001801
v -3.288256 0.230280 0.001774
v -3.273601 0.229740 0.001764
v -3.254580 0.230737 0.001782
v -3.236559 0.233664 0.001833
v -3.219667 0.238422 0.001916
v -3.204024 0.244914 0.002029
v -3.189756 0.253044 0.002171
v -3.176987 0.262713 0.002340
v -3.165842 0.273824 0.002534
v -3.156443 0.286280 0.002751
v -3.148917 0.299983 0.002990
v -3.143388 0.314836 0.003249
v -3.139979 0.330741 0.003527
v -3.138814 0.347600 0.003821
v -3.141643 0.371366 0.004236
v -3.149851 0.393201 0.004617
v -3.163033 0.413283 0.004968
v -3.180778 0.431787 0.005291
v -3.202677 0.448887 0.005589
v -3.228321 0.464759 0.005866
v -3.257298 0.479580 0.006125
v -3.289202 0.493523 0.006368
v -3.323620 0.506765 0.006600
v -3.360143 0.519480 0.006822
v -3.398364 0.531845 0.007037
v -3.437872 0.544035 0.007250
v -2.808167 0.371921 0.004246
v -2.780828 0.356571 0.003978
v -2.753547 0.342352 0.003730
v -2.726295 0.329302 0.003502
v -2.699044 0.317460 0.003295
v -2.671762 0.306865 0.003110
v -2.644423 0.297557 0.002948
v -2.616996 0.289573 0.002808
v -2.589452 0.282954 0.002693
v -2.561761 0.277738 0.002602
v -2.533896 0.273964 0.002536
v -2.505825 0.271671 0.002496
v -2.477521 0.270898 0.002482
v -2.433780 0.272687 0.002514
v -2.393124 0.278043 0.002607
v -2.355568 0.286946 0.002763
v -2.321129 0.299376 0.002980
v -2.289819 0.315313 0.003258
v -2.261653 0.334739 0.003597
v -2.236646 0.357633 0.003996
v -2.214814 0.383977 0.004456
v -2.196169 0.413751 0.004976
v -2.180728 0.446935 0.005555
v -2.168504 0.483510 0.006194
v -2.159511 0.523456 0.006891
v -2.825016 0.523456 0.006891
v -2.821722 0.597786 0.008188
v -2.812000 0.665516 0.009371
v -2.796092 0.726672 0.010438
v -2.774238 0.781280 0.011391
v -2.746679 0.829366 0.012231
v -2.713660 0.870957 0.012957
v -2.675418 0.906078 0.013570
v -2.632196 0.934755 0.014070
v -2.584238 0.957014 0.014459
v -2.531780 0.972881 0.014736
v -2.475068 0.982382 0.014901
v -2.414340 0.985544 0.014957
v -2.350779 0.982010 0.014895
v -2.290903 0.971617 0.014713
v -2.235065 0.954675 0.014418
v -2.183613 0.931498 0.014013
v -2.136900 0.902397 0.013505
v -2.095277 0.867683 0.012899
v -2.059094 0.827669 0.012201
v -2.028703 0.782666 0.011415
v -2.004454 0.732985 0.010548
v -1.986699 0.678940 0.009605
v -1.975789 0.620841 0.008591
v -1.972073 0.559001 0.007511
v -1.975477 0.501472 0.006507
v -1.985607 0.445333 0.005527
v -2.002347 0.391272 0.004584
v -2.025581 0.339979 0.003688
v -2.055193 0.292141 0.002853
v -2.091064 0.248448 0.002091
v -2.133077 0.209588 0.001412
v -2.181117 0.176249 0.000830
v -2.235064 0.149120 0.000357
v -2.294804 0.128890 0.000004
v -2.360217 0.116247 -0.000217
v -2.431189 0.111880 -0.000293
v -2.470057 0.112544 -0.000282
v -2.506792 0.114547 -0.000247
v -2.541624 0.117901 -0.000188
v -2.574789 0.122619 -0.000106
v -2.606521 0.128715 0.000001
v -2.637053 0.136200 0.000131
v -2.666621 0.145088 0.000286
v -2.695457 0.155393 0.000466
v -2.723795 0.167127 0.000671
v -2.751871 0.180302 0.000901
v -2.779917 0.194933 0.001157
v -2.808167 0.211032 0.001438
v -2.163722 0.633833 0.008817
v -2.171310 0.665822 0.009376
v -2.181429 0.695336 0.009891
v -2.194063 0.722316 0.010362
v -2.209197 0.746705 0.010788
v -2.226818 0.768443 0.011167
v -2.246910 0.787473 0.011499
v -2.269460 0.803735 0.011783
v -2.294452 0.817172 0.012018
v -2.321871 0.827724 0.012202
v -2.351705 0.835334 0.012335
v -2.383936 0.839943 0.012415
v -2.418552 0.841492 0.012442
v -2.450655 0.839835 0.012413
v -2.480562 0.834944 0.012328
v -2.508190 0.826935 0.012188
v -2.533448 0.815924 0.011996
v -2.556249 0.802030 0.011753
v -2.576504 0.785368 0.011463
v -2.594128 0.766056 0.011125
v -2.609031 0.744210 0.010744
v -2.621126 0.719949 0.010321
v -2.630325 0.693387 0.009857
v -2.636541 0.664643 0.009355
v -2.639686 0.633833 0.008818
v -1.748835 1.404603 0.022271
v -1.561398 1.404603 0.022271
v -1.561398 0.128717 0.000001
v -1.748835 0.128717 0.000001
v -1.314992 1.316676 0.020736
v -1.266966 1.334064 0.021040
v -1.220718 1.349770 0.021314
v -1.176093 1.363826 0.021559
v -1.132937 1.376264 0.021777
v -1.091099 1.387117 0.021966
v -1.050422 1.396418 0.022128
v -1.010755 1.404199 0.022264
v -0.971943 1.410493 0.022374
v -0.933833 1.415331 0.022458
v -0.896272 1.418747 0.022518
v -0.859106 1.420772 0.022553
v -0.822181 1.421440 0.022565
v -0.710679 1.415620 0.022463
v -0.605153 1.398575 0.022166
v -0.506309 1.370929 0.021683
v -0.414859 1.333305 0.021027
v -0.331511 1.286327 0.020207
v -0.256975 1.230619 0.019234
v -0.191960 1.166804 0.018120
v -0.137175 1.095505 0.016876
v -0.093330 1.017347 0.015512
v -0.061134 0.932953 0.014038
v -0.041296 0.842947 0.012467
v -0.034526 0.747952 0.010809
v -0.039479 0.679238 0.009610
v -0.054494 0.607945 0.008365
v -0.079805 0.535704 0.007104
v -0.115647 0.464144 0.005855
v -0.162252 0.394898 0.004647
v -0.219856 0.329594 0.003507
v -0.288692 0.269864 0.002464
v -0.368994 0.217337 0.001547
v -0.460997 0.173645 0.000785
v -0.564933 0.140418 0.000205
v -0.681038 0.119286 -0.000164
v -0.809545 0.111880 -0.000293
v -0.864423 0.112838 -0.000277
v -0.916523 0.115647 -0.000228
v -0.966049 0.120210 -0.000148
v -1.013205 0.126430 -0.000039
v -1.058197 0.134209 0.000096
v -1.101230 0.143449 0.000258
v -1.142507 0.154054 0.000443
v -1.182233 0.165925 0.000650
v -1.220615 0.178965 0.000878
v -1.257855 0.193078 0.001124
v -1.294160 0.208164 0.001387
v -1.329735 0.224128 0.001666
v -1.329735 0.424303 0.005160
v -1.288903 0.401819 0.004768
v -1.247560 0.381154 0.004407
v -1.205807 0.362333 0.004078
v -1.163748 0.345383 0.003782
v -1.121483 0.330330 0.003520
v -1.079117 0.317200 0.003291
v -1.036750 0.306019 0.003095
v -0.994485 0.296812 0.002935
v -0.952425 0.289606 0.002809
v -0.910673 0.284426 0.002718
v -0.869329 0.281300 0.002664
v -0.828499 0.280252 0.002646
v -0.744506 0.284319 0.002717
v -0.665515 0.296266 0.002925
v -0.591965 0.315709 0.003264
v -0.524295 0.342265 0.003728
v -0.462942 0.375551 0.004309
v -0.408346 0.415183 0.005001
v -0.360945 0.460779 0.005797
v -0.321179 0.511954 0.006690
v -0.289486 0.568326 0.007674
v -0.266306 0.629511 0.008742
v -0.252075 0.695127 0.009887
v -0.247235 0.764789 0.011103
v -0.252232 0.833346 0.012300
v -0.266851 0.898396 0.013435
v -0.290540 0.959469 0.014501
v -0.322740 1.016100 0.015490
v -0.362895 1.067820 0.016393
v -0.410452 1.114161 0.017201
v -0.464852 1.154656 0.017908
v -0.525542 1.188838 0.018505
v -0.591965 1.216237 0.018983
v -0.663566 1.236387 0.019335
v -0.739788 1.248820 0.019552
v -0.820075 1.253068 0.019626
v -0.861385 1.252205 0.019611
v -0.902220 1.249595 0.019566
v -0.942718 1.245205 0.019489
v -0.983019 1.239003 0.019381
v -1.023262 1.230955 0.019240
v -1.063585 1.221031 0.019067
v -1.104127 1.209197 0.018860
v -1.145027 1.195420 0.018620
v -1.186425 1.179669 0.018345
v -1.228459 1.161910 0.018035
v -1.271269 1.142112 0.017689
v -1.314992 1.120241 0.017308
v 0.152911 0.371921 0.004246
v 0.180250 0.356571 0.003978
v 0.207531 0.342352 0.003729
v 0.234783 0.329302 0.003502
v 0.262035 0.317460 0.003295
v 0.289316 0.306865 0.003110
v 0.316655 0.297557 0.002948
v 0.344082 0.289573 0.002808
v 0.371626 0.282954 0.002693
v 0.399317 0.277738 0.002602
v 0.427183 0.273964 0.002536
v 0.455253 0.271671 0.002496
v 0.483558 0.270898 0.002482
v 0.527299 0.272687 0.002513
v 0.567955 0.278043 0.002607
v 0.605510 0.286946 0.002762
v 0.639951 0.299376 0.002979
v 0.671261 0.315313 0.003257
v 0.699426 0.334739 0.003597
v 0.724433 0.357633 0.003996
v 0.746266 0.383977 0.004456
v 0.764911 0.413751 0.004976
v 0.780352 0.446935 0.005555
v 0.792577 0.483510 0.006193
v 0.801568 0.523456 0.006891
v 0.136063 0.523456 0.006891
v 0.139357 0.597786 0.008188
v 0.149079 0.665516 0.009370
v 0.164988 0.726672 0.010438
v 0.186841 0.781280 0.011391
v 0.214399 0.829366 0.012230
v 0.247419 0.870957 0.012956
v 0.285660 0.906078 0.013569
v 0.328882 0.934755 0.014070
v 0.376841 0.957014 0.014458
v 0.429299 0.972881 0.014735
v 0.486012 0.982382 0.014901
v 0.546739 0.985544 0.014956
v 0.610300 0.982010 0.014895
v 0.670175 0.971617 0.014713
v 0.726014 0.954675 0.014418
v 0.777465 0.931498 0.014013
v 0.824178 0.902397 0.013505
v 0.865802 0.867683 0.012899
v 0.901984 0.827669 0.012201
v 0.932375 0.782666 0.011415
v 0.956624 0.732985 0.010548
v 0.974379 0.678940 0.009605
v 0.985289 0.620841 0.008590
v 0.989005 0.559001 0.007511
v 0.985602 0.501472 0.006507
v 0.975472 0.445333 0.005527
v 0.958731 0.391272 0.004583
v 0.935496 0.339979 0.003688
v 0.905885 0.292141 0.002853
v 0.870014 0.248448 0.002090
v 0.828001 0.209588 0.001412
v 0.779962 0.176249 0.000830
v 0.726014 0.149120 0.000357
v 0.666276 0.128890 0.000003
v 0.600862 0.116247 -0.000217
v 0.529891 0.111880 -0.000293
v 0.491022 0.112544 -0.000282
v 0.454288 0.114547 -0.000247
v 0.419456 0.117901 -0.000188
v 0.386290 0.122619 -0.000106
v 0.354558 0.128715 0.000000
v 0.324026 0.136200 0.000131
v 0.294458 0.145088 0.000286
v 0.265623 0.155393 0.000466
v 0.237284 0.167127 0.000671
v 0.209208 0.180302 0.000901
v 0.181162 0.194933 0.001156
v 0.152911 0.211032 0.001437
v 0.797356 0.633833 0.008817
v 0.789768 0.665822 0.009376
v 0.779650 0.695336 0.009891
v 0.767016 0.722316 0.010362
v 0.751882 0.746705 0.010787
v 0.734261 0.768443 0.011167
v 0.714168 0.787473 0.011499
v 0.691618 0.803735 0.011783
v 0.666626 0.817172 0.012017
v 0.639207 0.827724 0.012202
v 0.609374 0.835334 0.012334
v 0.577143 0.839943 0.012415
v 0.542527 0.841492 0.012442
v 0.510425 0.839835 0.012413
v 0.480516 0.834944 0.012328
v 0.452889 0.826935 0.012188
v 0.427631 0.815924 0.011996
v 0.404830 0.802030 0.011753
v 0.384574 0.785368 0.011462
v 0.366951 0.766056 0.011125
v 0.352048 0.744210 0.010744
v 0.339953 0.719949 0.010320
v 0.330754 0.693387 0.009857
v 0.324538 0.664643 0.009355
v 0.321393 0.633833 0.008817
v 2.574846 0.968707 0.014662
v 2.574846 0.128717 0.000000
v 2.387409 0.128717 0.000000
v 2.387409 0.738598 0.010646
v 2.368209 0.757595 0.010977
v 2.349462 0.774429 0.011271
v 2.331007 0.789197 0.011529
v 2.312684 0.801997 0.011752
v 2.294332 0.812927 0.011943
v 2.275790 0.822083 0.012103
v 2.256896 0.829562 0.012234
v 2.237491 0.835464 0.012337
v 2.217413 0.839884 0.012414
v 2.196501 0.842921 0.012467
v 2.174595 0.844672 0.012497
v 2.151534 0.845234 0.012507
v 2.128711 0.844013 0.012486
v 2.106722 0.840306 0.012421
v 2.085786 0.834038 0.012312
v 2.066123 0.825140 0.012156
v 2.047951 0.813539 0.011954
v 2.031490 0.799165 0.011703
v 2.016960 0.781946 0.011402
v 2.004580 0.761810 0.011051
v 1.994569 0.738686 0.010647
v 1.987146 0.712502 0.010190
v 1.982532 0.683187 0.009679
v 1.980945 0.650670 0.009111
v 1.980945 0.128717 0.000000
v 1.793509 0.128717 0.000000
v 1.793509 0.738598 0.010646
v 1.776374 0.753701 0.010909
v 1.758749 0.768063 0.011160
v 1.740759 0.781568 0.011396
v 1.722528 0.794098 0.011615
v 1.704179 0.805537 0.011814
v 1.685838 0.815768 0.011993
v 1.667628 0.824674 0.012148
v 1.649674 0.832138 0.012279
v 1.632101 0.838043 0.012382
v 1.615032 0.842271 0.012455
v 1.598593 0.844707 0.012498
v 1.582906 0.845234 0.012507
v 1.556489 0.843798 0.012482
v 1.531103 0.839517 0.012407
v 1.506990 0.832430 0.012284
v 1.484390 0.822576 0.012112
v 1.463546 0.809994 0.011892
v 1.444697 0.794722 0.011625
v 1.428087 0.776800 0.011313
v 1.413955 0.756267 0.010954
v 1.402544 0.733161 0.010551
v 1.394094 0.707522 0.010103
v 1.388847 0.679388 0.009612
v 1.387045 0.648800 0.009078
v 1.387045 0.128717 0.000000
v 1.199608 0.128717 0.000000
v 1.199608 0.656283 0.009209
v 1.202122 0.704419 0.010049
v 1.209544 0.749528 0.010837
v 1.221689 0.791390 0.011567
v 1.238374 0.829782 0.012237
v 1.259419 0.864485 0.012843
v 1.284639 0.895278 0.013381
v 1.313852 0.921939 0.013846
v 1.346874 0.944247 0.014235
v 1.383523 0.961983 0.014545
v 1.423617 0.974925 0.014771
v 1.466973 0.982852 0.014909
v 1.513407 0.985544 0.014956
v 1.546368 0.984134 0.014932
v 1.577904 0.980035 0.014860
v 1.608079 0.973442 0.014745
v 1.636961 0.964549 0.014590
v 1.664613 0.953552 0.014398
v 1.691103 0.940645 0.014173
v 1.716496 0.926023 0.013917
v 1.740858 0.909880 0.013636
v 1.764255 0.892413 0.013331
v 1.786752 0.873815 0.013006
v 1.808415 0.854282 0.012665
v 1.829311 0.834009 0.012311
v 1.845844 0.857819 0.012727
v 1.863817 0.879662 0.013108
v 1.883179 0.899516 0.013455
v 1.903880 0.917363 0.013766
v 1.925868 0.933184 0.014042
v 1.949092 0.946959 0.014283
v 1.973500 0.958667 0.014487
v 1.999042 0.968291 0.014655
v 2.025666 0.975810 0.014786
v 2.053320 0.981205 0.014880
v 2.081956 0.984456 0.014937
v 2.111519 0.985544 0.014956
v 2.133679 0.984684 0.014941
v 2.155941 0.982097 0.014896
v 2.178320 0.977768 0.014820
v 2.200831 0.971686 0.014714
v 2.223488 0.963837 0.014577
v 2.246305 0.954208 0.014409
v 2.269299 0.942786 0.014210
v 2.292482 0.929558 0.013979
v 2.315870 0.914512 0.013716
v 2.339478 0.897633 0.013422
v 2.363319 0.878910 0.013095
v 2.387409 0.858329 0.012736
v 2.387409 0.968707 0.014662
v 2.732798 0.278381 0.002613
v 2.743232 0.271602 0.002494
v 2.753440 0.265311 0.002384
v 2.763369 0.259527 0.002284
v 2.772969 0.254268 0.002192
v 2.782189 0.249556 0.002109
v 2.790977 0.245408 0.002037
v 2.799284 0.241845 0.001975
v 2.807055 0.238886 0.001923
v 2.814243 0.236551 0.001882
v 2.820794 0.234859 0.001853
v 2.826657 0.233829 0.001835
v 2.831781 0.233482 0.001829
v 2.837353 0.233721 0.001833
v 2.842477 0.234460 0.001846
v 2.847149 0.235732 0.001868
v 2.851360 0.237570 0.001900
v 2.855102 0.240005 0.001943
v 2.858370 0.243069 0.001996
v 2.861155 0.246797 0.002061
v 2.863450 0.251220 0.002138
v 2.865247 0.256370 0.002228
v 2.866541 0.262280 0.002332
v 2.867322 0.268982 0.002449
v 2.867584 0.276510 0.002580
v 2.867584 0.708665 0.010123
v 2.870679 0.754199 0.010918
v 2.879704 0.795432 0.011638
v 2.894272 0.832430 0.012284
v 2.913995 0.865258 0.012857
v 2.938486 0.893981 0.013358
v 2.967358 0.918663 0.013789
v 3.000222 0.939369 0.014150
v 3.036691 0.956165 0.014443
v 3.076378 0.969116 0.014669
v 3.118895 0.978286 0.014829
v 3.163854 0.983740 0.014925
v 3.210867 0.985544 0.014956
v 3.244390 0.984763 0.014942
v 3.276525 0.982417 0.014902
v 3.307284 0.978499 0.014833
v 3.336683 0.973002 0.014737
v 3.364737 0.965921 0.014614
v 3.391459 0.957248 0.014462
v 3.416866 0.946977 0.014283
v 3.440970 0.935101 0.014076
v 3.463788 0.921615 0.013840
v 3.485334 0.906511 0.013577
v 3.505621 0.889783 0.013285
v 3.524666 0.871425 0.012964
v 3.524666 0.689957 0.009797
v 3.501729 0.712724 0.010194
v 3.478236 0.733341 0.010554
v 3.454245 0.751840 0.010877
v 3.429816 0.768254 0.011163
v 3.405007 0.782615 0.011414
v 3.379876 0.794956 0.011629
v 3.354482 0.805309 0.011810
v 3.328883 0.813707 0.011957
v 3.303138 0.820183 0.012070
v 3.277305 0.824767 0.012150
v 3.251442 0.827495 0.012197
v 3.225609 0.828396 0.012213
v 3.198363 0.827489 0.012197
v 3.173485 0.824724 0.012149
v 3.150977 0.820036 0.012067
v 3.130838 0.813361 0.011951
v 3.113069 0.804632 0.011798
v 3.097668 0.793787 0.011609
v 3.084637 0.780758 0.011382
v 3.073976 0.765482 0.011115
v 3.065683 0.747894 0.010808
v 3.059760 0.727927 0.010459
v 3.056206 0.705519 0.010068
v 3.055021 0.680603 0.009633
v 3.055021 0.635704 0.008850
v 3.221397 0.583322 0.007935
v 3.259591 0.571056 0.007721
v 3.297916 0.558317 0.007499
v 3.335715 0.544707 0.007261
v 3.372329 0.529830 0.007002
v 3.407101 0.513291 0.006713
v 3.439371 0.494692 0.006388
v 3.468483 0.473638 0.006021
v 3.493777 0.449732 0.005603
v 3.514596 0.422579 0.005130
v 3.530282 0.391781 0.004592
v 3.540176 0.356943 0.003984
v 3.543620 0.317668 0.003298
v 3.541716 0.290825 0.002830
v 3.536112 0.264748 0.002375
v 3.526969 0.239737 0.001938
v 3.514447 0.216090 0.001525
v 3.498708 0.194106 0.001142
v 3.479913 0.174084 0.000792
v 3.458221 0.156322 0.000482
v 3.433794 0.141119 0.000217
v 3.406794 0.128775 0.000001
v 3.377380 0.119588 -0.000159
v 3.345714 0.113856 -0.000259
v 3.311957 0.111880 -0.000294
v 3.290372 0.112465 -0.000284
v 3.268802 0.114227 -0.000253
v 3.247262 0.117170 -0.000201
v 3.225765 0.121303 -0.000129
v 3.204327 0.126631 -0.000036
v 3.182962 0.133160 0.000078
v 3.161685 0.140898 0.000213
v 3.140511 0.149850 0.000369
v 3.119452 0.160023 0.000547
v 3.098526 0.171425 0.000746
v 3.077746 0.184060 0.000966
v 3.057127 0.197937 0.001208
v 3.052339 0.183667 0.000959
v 3.046373 0.170775 0.000734
v 3.039193 0.159234 0.000533
v 3.030763 0.149019 0.000355
v 3.021045 0.140102 0.000199
v 3.010005 0.132458 0.000065
v 2.997604 0.126062 -0.000046
v 2.983806 0.120887 -0.000136
v 2.968575 0.116907 -0.000206
v 2.951874 0.114097 -0.000255
v 2.933667 0.112430 -0.000284
v 2.913917 0.111880 -0.000294
v 2.899614 0.112203 -0.000288
v 2.886022 0.113222 -0.000270
v 2.872882 0.115007 -0.000239
v 2.859940 0.117631 -0.000193
v 2.846940 0.121163 -0.000132
v 2.833624 0.125677 -0.000053
v 2.819739 0.131243 0.000044
v 2.805027 0.137932 0.000161
v 2.789233 0.145817 0.000299
v 2.772101 0.154969 0.000458
v 2.753375 0.165458 0.000642
v 2.732798 0.177358 0.000849
v 3.055021 0.298960 0.002972
v 3.067745 0.288559 0.002790
v 3.080644 0.278892 0.002621
v 3.093719 0.269991 0.002466
v 3.106970 0.261890 0.002325
v 3.120396 0.254620 0.002198
v 3.133997 0.248214 0.002086
v 3.147774 0.242705 0.001990
v 3.161726 0.238124 0.001910
v 3.175854 0.234505 0.001847
v 3.190158 0.231879 0.001801
v 3.204637 0.230280 0.001773
v 3.219291 0.229740 0.001764
v 3.238313 0.230737 0.001781
v 3.256332 0.233664 0.001832
v 3.273226 0.238422 0.001915
v 3.288868 0.244914 0.002028
v 3.303136 0.253044 0.002170
v 3.315906 0.262713 0.002339
v 3.327051 0.273824 0.002533
v 3.336449 0.286280 0.002750
v 3.343975 0.299983 0.002990
v 3.349504 0.314836 0.003249
v 3.352913 0.330741 0.003526
v 3.354077 0.347600 0.003821
v 3.351250 0.371366 0.004236
v 3.343040 0.393201 0.004617
v 3.329858 0.413283 0.004967
v 3.312113 0.431787 0.005290
v 3.290214 0.448887 0.005589
v 3.264571 0.464759 0.005866
v 3.235593 0.479580 0.006124
v 3.203691 0.493523 0.006368
v 3.169273 0.506765 0.006599
v 3.132749 0.519480 0.006821
v 3.094529 0.531845 0.007037
v 3.055021 0.544035 0.007250
v 3.739481 0.757306 0.010972
v 4.221762 0.757306 0.010972
v 4.221762 0.592675 0.008098
v 3.945872 0.592675 0.008099
v 3.945872 0.330763 0.003527
v 3.970666 0.323874 0.003407
v 3.995578 0.317278 0.003291
v 4.020636 0.311032 0.003182
v 4.045869 0.305196 0.003081
v 4.071307 0.299827 0.002987
v 4.096980 0.294984 0.002902
v 4.122915 0.290726 0.002828
v 4.149143 0.287111 0.002765
v 4.175693 0.284198 0.002714
v 4.202593 0.282045 0.002676
v 4.229874 0.280710 0.002653
v 4.257565 0.280252 0.002645
v 4.340672 0.284355 0.002717
v 4.419085 0.296396 0.002927
v 4.492321 0.315972 0.003269
v 4.559896 0.342681 0.003735
v 4.621330 0.376119 0.004318
v 4.676138 0.415885 0.005013
v 4.723838 0.461575 0.005810
v 4.763947 0.512785 0.006704
v 4.795984 0.569115 0.007687
v 4.819465 0.630161 0.008753
v 4.833908 0.695520 0.009894
v 4.838829 0.764789 0.011103
v 4.833883 0.832560 0.012286
v 4.819446 0.897096 0.013412
v 4.796116 0.957891 0.014473
v 4.764493 1.014437 0.015460
v 4.725179 1.066229 0.016364
v 4.678771 1.112758 0.017177
v 4.625868 1.153520 0.017888
v 4.567073 1.188006 0.018490
v 4.502983 1.215711 0.018974
v 4.434198 1.236127 0.019330
v 4.361318 1.248749 0.019550
v 4.284943 1.253068 0.019626
v 4.241730 1.252174 0.019610
v 4.198459 1.249500 0.019563
v 4.155159 1.245059 0.019486
v 4.111858 1.238864 0.019378
v 4.068587 1.230928 0.019239
v 4.025374 1.221265 0.019071
v 3.982249 1.209886 0.018872
v 3.939241 1.196805 0.018644
v 3.896380 1.182036 0.018386
v 3.853694 1.165591 0.018099
v 3.811213 1.147483 0.017783
v 3.768965 1.127725 0.017438
v 3.768965 1.312934 0.020671
v 3.823155 1.332754 0.021017
v 3.873418 1.350203 0.021321
v 3.920303 1.365404 0.021587
v 3.964358 1.378481 0.021815
v 4.006131 1.389558 0.022008
v 4.046171 1.398757 0.022169
v 4.085027 1.406202 0.022299
v 4.123246 1.412017 0.022400
v 4.161378 1.416325 0.022475
v 4.199970 1.419249 0.022526
v 4.239572 1.420913 0.022555
v 4.280731 1.421440 0.022565
v 4.387919 1.415591 0.022463
v 4.489930 1.398497 0.022164
v 4.585973 1.370841 0.021681
v 4.675261 1.333305 0.021026
v 4.757000 1.286571 0.020210
v 4.830405 1.231320 0.019246
v 4.894682 1.168236 0.018145
v 4.949044 1.098000 0.016919
v 4.992701 1.021293 0.015580
v 5.024861 0.938800 0.014140
v 5.044737 0.851200 0.012611
v 5.051538 0.759177 0.011005
v 5.044901 0.667841 0.009410
v 5.025476 0.581312 0.007900
v 4.993984 0.500188 0.006484
v 4.951150 0.425066 0.005173
v 4.897699 0.356543 0.003977
v 4.834353 0.295218 0.002906
v 4.761838 0.241688 0.001972
v 4.680876 0.196551 0.001184
v 4.592193 0.160404 0.000553
v 4.496511 0.133844 0.000090
v 4.394555 0.117470 -0.000196
v 4.287049 0.111880 -0.000294
v 4.237906 0.112512 -0.000283
v 4.190327 0.114443 -0.000249
v 4.144036 0.117726 -0.000192
v 4.098754 0.122411 -0.000110
v 4.054203 0.128552 -0.000003
v 4.010106 0.136200 0.000131
v 3.966184 0.145407 0.000291
v 3.922159 0.156224 0.000480
v 3.877755 0.168705 0.000698
v 3.832692 0.182901 0.000946
v 3.786694 0.198863 0.001225
v 3.739481 0.216645 0.001535
vn -0.0000 0.0175 -0.9998
vn -0.0000 0.0174 -0.9998
vn -0.0000 1.0000 -0.0000
vt 0.387755 0.000000
vt 0.367347 0.000000
vt 0.377551 0.000000
vt 0.357143 0.000000
vt 0.397959 0.000000
vt 0.346939 0.000000
vt 0.408163 0.000000
vt 0.336735 0.000000
vt 0.418367 0.000000
vt 0.326531 0.000000
vt 0.428571 0.000000
vt 0.316327 0.000000
vt 0.438776 0.000000
vt 0.306122 0.000000
vt 0.448980 0.000000
vt 0.877551 0.000000
vt 0.867347 0.000000
vt 0.887755 0.000000
vt 0.857143 0.000000
vt 0.897959 0.000000
vt 0.846939 0.000000
vt 0.908163 0.000000
vt 0.295918 0.000000
vt 0.836735 0.000000
vt 0.459184 0.000000
vt 0.918367 0.000000
vt 0.826531 0.000000
vt 0.928571 0.000000
vt 0.816327 0.000000
vt 0.938776 0.000000
vt 0.806122 0.000000
vt 0.948980 0.000000
vt 0.469388 0.000000
vt 0.285714 0.000000
vt 0.795918 0.000000
vt 0.959184 0.000000
vt 0.785714 0.000000
vt 0.969388 0.000000
vt 0.479592 0.000000
vt 0.275510 0.000000
vt 0.775510 0.000000
vt 0.979592 0.000000
vt 0.765306 0.000000
vt 0.989796 0.000000
vt 0.489796 0.000000
vt 0.755102 0.000000
vt 0.265306 0.000000
vt 1.000000 0.000000
vt 0.500000 0.000000
vt 0.255102 0.000000
vt 0.510204 0.000000
vt 0.244898 0.000000
vt 0.234694 0.000000
vt 0.520408 0.000000
vt 0.224490 0.000000
vt 0.214286 0.000000
vt 0.530612 0.000000
vt 0.204082 0.000000
vt 0.540816 0.000000
vt 0.193878 0.000000
vt 0.010204 0.000000
vt 0.744898 0.000000
vt 0.000000 0.000000
vt 0.183673 0.000000
vt 0.020408 0.000000
vt 0.030612 0.000000
vt 0.551020 0.000000
vt 0.173469 0.000000
vt 0.040816 0.000000
vt 0.051020 0.000000
vt 0.163265 0.000000
vt 0.061224 0.000000
vt 0.153061 0.000000
vt 0.071429 0.000000
vt 0.561224 0.000000
vt 0.081633 0.000000
vt 0.142857 0.000000
vt 0.091837 0.000000
vt 0.132653 0.000000
vt 0.102041 0.000000
vt 0.112245 0.000000
vt 0.122449 0.000000
vt 0.571429 0.000000
vt 0.734694 0.000000
vt 0.581633 0.000000
vt 0.724490 0.000000
vt 0.714286 0.000000
vt 0.591837 0.000000
vt 0.704082 0.000000
vt 0.693878 0.000000
vt 0.602041 0.000000
vt 0.683673 0.000000
vt 0.673469 0.000000
vt 0.612245 0.000000
vt 0.663265 0.000000
vt 0.653061 0.000000
vt 0.642857 0.000000
vt 0.622449 0.000000
vt 0.632653 0.000000
vt 0.134021 0.000000
vt 0.113402 0.000000
vt 0.123711 0.000000
vt 0.103093 0.000000
vt 0.092784 0.000000
vt 0.144330 0.000000
vt 0.082474 0.000000
vt 0.072165 0.000000
vt 0.061856 0.000000
vt 0.154639 0.000000
vt 0.051546 0.000000
vt 0.041237 0.000000
vt 0.030928 0.000000
vt 0.164948 0.000000
vt 0.020619 0.000000
vt 0.010309 0.000000
vt 0.175258 0.000000
vt 0.917526 0.000000
vt 0.927835 0.000000
vt 0.938144 0.000000
vt 0.948454 0.000000
vt 0.958763 0.000000
vt 0.969072 0.000000
vt 0.979381 0.000000
vt 0.989691 0.000000
vt 0.185567 0.000000
vt 0.896907 0.000000
vt 0.907216 0.000000
vt 0.195876 0.000000
vt 0.876289 0.000000
vt 0.886598 0.000000
vt 0.865979 0.000000
vt 0.855670 0.000000
vt 0.845361 0.000000
vt 0.206186 0.000000
vt 0.835052 0.000000
vt 0.824742 0.000000
vt 0.814433 0.000000
vt 0.216495 0.000000
vt 0.804124 0.000000
vt 0.793814 0.000000
vt 0.226804 0.000000
vt 0.783505 0.000000
vt 0.773196 0.000000
vt 0.237113 0.000000
vt 0.762887 0.000000
vt 0.247423 0.000000
vt 0.752577 0.000000
vt 0.742268 0.000000
vt 0.257732 0.000000
vt 0.731959 0.000000
vt 0.268041 0.000000
vt 0.721649 0.000000
vt 0.711340 0.000000
vt 0.278351 0.000000
vt 0.701031 0.000000
vt 0.690722 0.000000
vt 0.288660 0.000000
vt 0.680412 0.000000
vt 0.515464 0.000000
vt 0.494845 0.000000
vt 0.505155 0.000000
vt 0.670103 0.000000
vt 0.525773 0.000000
vt 0.298969 0.000000
vt 0.536082 0.000000
vt 0.659794 0.000000
vt 0.546392 0.000000
vt 0.556701 0.000000
vt 0.567010 0.000000
vt 0.649485 0.000000
vt 0.577320 0.000000
vt 0.587629 0.000000
vt 0.639175 0.000000
vt 0.597938 0.000000
vt 0.608247 0.000000
vt 0.628866 0.000000
vt 0.618557 0.000000
vt 0.309278 0.000000
vt 0.319588 0.000000
vt 0.329897 0.000000
vt 0.340206 0.000000
vt 0.484536 0.000000
vt 0.474227 0.000000
vt 0.463918 0.000000
vt 0.350515 0.000000
vt 0.453608 0.000000
vt 0.443299 0.000000
vt 0.432990 0.000000
vt 0.422680 0.000000
vt 0.360825 0.000000
vt 0.412371 0.000000
vt 0.402062 0.000000
vt 0.391753 0.000000
vt 0.371134 0.000000
vt 0.381443 0.000000
vt 0.219653 0.000000
vt 0.208092 0.000000
vt 0.213873 0.000000
vt 0.225434 0.000000
vt 0.202312 0.000000
vt 0.231214 0.000000
vt 0.236994 0.000000
vt 0.196532 0.000000
vt 0.242775 0.000000
vt 0.190751 0.000000
vt 0.248555 0.000000
vt 0.254335 0.000000
vt 0.184971 0.000000
vt 0.260116 0.000000
vt 0.179191 0.000000
vt 0.265896 0.000000
vt 0.271676 0.000000
vt 0.173410 0.000000
vt 0.277457 0.000000
vt 0.167630 0.000000
vt 0.283237 0.000000
vt 0.289017 0.000000
vt 0.294798 0.000000
vt 0.300578 0.000000
vt 0.306358 0.000000
vt 0.312139 0.000000
vt 0.317919 0.000000
vt 0.323699 0.000000
vt 0.329480 0.000000
vt 0.335260 0.000000
vt 0.341040 0.000000
vt 0.346821 0.000000
vt 0.352601 0.000000
vt 0.358382 0.000000
vt 0.161850 0.000000
vt 0.364162 0.000000
vt 0.156069 0.000000
vt 0.369942 0.000000
vt 0.375723 0.000000
vt 0.381503 0.000000
vt 0.387283 0.000000
vt 0.393064 0.000000
vt 0.150289 0.000000
vt 0.398844 0.000000
vt 0.404624 0.000000
vt 0.410405 0.000000
vt 0.144509 0.000000
vt 0.416185 0.000000
vt 0.421965 0.000000
vt 0.138728 0.000000
vt 0.427746 0.000000
vt 0.433526 0.000000
vt 0.439306 0.000000
vt 0.445087 0.000000
vt 0.450867 0.000000
vt 0.456647 0.000000
vt 0.462428 0.000000
vt 0.994220 0.000000
vt 0.791907 0.000000
vt 0.988439 0.000000
vt 0.468208 0.000000
vt 0.982659 0.000000
vt 0.473988 0.000000
vt 0.976879 0.000000
vt 0.479769 0.000000
vt 0.971098 0.000000
vt 0.965318 0.000000
vt 0.485549 0.000000
vt 0.959538 0.000000
vt 0.491329 0.000000
vt 0.953757 0.000000
vt 0.947977 0.000000
vt 0.497110 0.000000
vt 0.942197 0.000000
vt 0.936416 0.000000
vt 0.502890 0.000000
vt 0.930636 0.000000
vt 0.508671 0.000000
vt 0.924855 0.000000
vt 0.919075 0.000000
vt 0.514451 0.000000
vt 0.913295 0.000000
vt 0.907514 0.000000
vt 0.797688 0.000000
vt 0.520231 0.000000
vt 0.803468 0.000000
vt 0.901734 0.000000
vt 0.809249 0.000000
vt 0.005780 0.000000
vt 0.786127 0.000000
vt 0.132948 0.000000
vt 0.895954 0.000000
vt 0.011561 0.000000
vt 0.815029 0.000000
vt 0.127168 0.000000
vt 0.017341 0.000000
vt 0.526012 0.000000
vt 0.890173 0.000000
vt 0.121387 0.000000
vt 0.820809 0.000000
vt 0.023121 0.000000
vt 0.115607 0.000000
vt 0.826590 0.000000
vt 0.028902 0.000000
vt 0.884393 0.000000
vt 0.109827 0.000000
vt 0.034682 0.000000
vt 0.832370 0.000000
vt 0.104046 0.000000
vt 0.040462 0.000000
vt 0.878613 0.000000
vt 0.098266 0.000000
vt 0.838150 0.000000
vt 0.046243 0.000000
vt 0.092486 0.000000
vt 0.531792 0.000000
vt 0.052023 0.000000
vt 0.872832 0.000000
vt 0.843931 0.000000
vt 0.086705 0.000000
vt 0.057803 0.000000
vt 0.080925 0.000000
vt 0.063584 0.000000
vt 0.849711 0.000000
vt 0.075145 0.000000
vt 0.069364 0.000000
vt 0.867052 0.000000
vt 0.855491 0.000000
vt 0.861272 0.000000
vt 0.647399 0.000000
vt 0.537572 0.000000
vt 0.641618 0.000000
vt 0.653179 0.000000
vt 0.543353 0.000000
vt 0.635838 0.000000
vt 0.658960 0.000000
vt 0.780347 0.000000
vt 0.549133 0.000000
vt 0.630058 0.000000
vt 0.664740 0.000000
vt 0.774566 0.000000
vt 0.624277 0.000000
vt 0.670520 0.000000
vt 0.554913 0.000000
vt 0.768786 0.000000
vt 0.618497 0.000000
vt 0.676301 0.000000
vt 0.763006 0.000000
vt 0.560694 0.000000
vt 0.612717 0.000000
vt 0.682081 0.000000
vt 0.757225 0.000000
vt 0.606936 0.000000
vt 0.687861 0.000000
vt 0.751445 0.000000
vt 0.566474 0.000000
vt 0.601156 0.000000
vt 0.693642 0.000000
vt 0.745665 0.000000
vt 0.595376 0.000000
vt 0.739884 0.000000
vt 0.699422 0.000000
vt 0.572254 0.000000
vt 0.734104 0.000000
vt 0.589595 0.000000
vt 0.705202 0.000000
vt 0.728324 0.000000
vt 0.583815 0.000000
vt 0.710983 0.000000
vt 0.578035 0.000000
vt 0.722543 0.000000
vt 0.716763 0.000000
vt 0.493506 0.000000
vt 0.519481 0.000000
vt 0.480519 0.000000
vt 0.467532 0.000000
vt 0.454545 0.000000
vt 0.441558 0.000000
vt 0.415584 0.000000
vt 0.402597 0.000000
vt 0.389610 0.000000
vt 0.376623 0.000000
vt 0.532468 0.000000
vt 0.545455 0.000000
vt 0.363636 0.000000
vt 0.558442 0.000000
vt 0.584416 0.000000
vt 0.597403 0.000000
vt 0.350649 0.000000
vt 0.610390 0.000000
vt 0.623377 0.000000
vt 0.337662 0.000000
vt 0.636364 0.000000
vt 0.649351 0.000000
vt 0.324675 0.000000
vt 0.662338 0.000000
vt 0.675325 0.000000
vt 0.311688 0.000000
vt 0.688312 0.000000
vt 0.701299 0.000000
vt 0.298701 0.000000
vt 0.727273 0.000000
vt 0.740260 0.000000
vt 0.272727 0.000000
vt 0.753247 0.000000
vt 0.766234 0.000000
vt 0.259740 0.000000
vt 0.779221 0.000000
vt 0.246753 0.000000
vt 0.792208 0.000000
vt 0.987013 0.000000
vt 0.805195 0.000000
vt 0.974026 0.000000
vt 0.961039 0.000000
vt 0.948052 0.000000
vt 0.818182 0.000000
vt 0.935065 0.000000
vt 0.922078 0.000000
vt 0.233766 0.000000
vt 0.831169 0.000000
vt 0.909091 0.000000
vt 0.896104 0.000000
vt 0.883117 0.000000
vt 0.844156 0.000000
vt 0.870130 0.000000
vt 0.220779 0.000000
vt 0.207792 0.000000
vt 0.194805 0.000000
vt 0.506494 0.000000
vt 0.012987 0.000000
vt 0.181818 0.000000
vt 0.025974 0.000000
vt 0.038961 0.000000
vt 0.051948 0.000000
vt 0.064935 0.000000
vt 0.168831 0.000000
vt 0.077922 0.000000
vt 0.090909 0.000000
vt 0.103896 0.000000
vt 0.116883 0.000000
vt 0.155844 0.000000
vt 0.129870 0.000000
vt 0.107438 0.000000
vt 0.099174 0.000000
vt 0.082645 0.000000
vt 0.074380 0.000000
vt 0.115702 0.000000
vt 0.066116 0.000000
vt 0.057851 0.000000
vt 0.123967 0.000000
vt 0.049587 0.000000
vt 0.041322 0.000000
vt 0.132231 0.000000
vt 0.033058 0.000000
vt 0.024793 0.000000
vt 0.140496 0.000000
vt 0.016529 0.000000
vt 0.008264 0.000000
vt 0.148760 0.000000
vt 0.933884 0.000000
vt 0.942149 0.000000
vt 0.950413 0.000000
vt 0.958678 0.000000
vt 0.966942 0.000000
vt 0.975207 0.000000
vt 0.983471 0.000000
vt 0.991736 0.000000
vt 0.157025 0.000000
vt 0.917355 0.000000
vt 0.925620 0.000000
vt 0.165289 0.000000
vt 0.900826 0.000000
vt 0.173554 0.000000
vt 0.892562 0.000000
vt 0.884298 0.000000
vt 0.876033 0.000000
vt 0.867769 0.000000
vt 0.859504 0.000000
vt 0.851240 0.000000
vt 0.842975 0.000000
vt 0.834711 0.000000
vt 0.826446 0.000000
vt 0.190083 0.000000
vt 0.809917 0.000000
vt 0.198347 0.000000
vt 0.801653 0.000000
vt 0.793388 0.000000
vt 0.206612 0.000000
vt 0.785124 0.000000
vt 0.776860 0.000000
vt 0.214876 0.000000
vt 0.768595 0.000000
vt 0.223140 0.000000
vt 0.760331 0.000000
vt 0.752066 0.000000
vt 0.231405 0.000000
vt 0.743802 0.000000
vt 0.239669 0.000000
vt 0.735537 0.000000
vt 0.247934 0.000000
vt 0.256198 0.000000
vt 0.719008 0.000000
vt 0.264463 0.000000
vt 0.710744 0.000000
vt 0.280992 0.000000
vt 0.289256 0.000000
vt 0.702479 0.000000
vt 0.297521 0.000000
vt 0.504132 0.000000
vt 0.487603 0.000000
vt 0.495868 0.000000
vt 0.694215 0.000000
vt 0.305785 0.000000
vt 0.479339 0.000000
vt 0.314050 0.000000
vt 0.685950 0.000000
vt 0.471074 0.000000
vt 0.322314 0.000000
vt 0.462810 0.000000
vt 0.330579 0.000000
vt 0.338843 0.000000
vt 0.677686 0.000000
vt 0.347107 0.000000
vt 0.446281 0.000000
vt 0.355372 0.000000
vt 0.438017 0.000000
vt 0.669421 0.000000
vt 0.429752 0.000000
vt 0.371901 0.000000
vt 0.421488 0.000000
vt 0.380165 0.000000
vt 0.413223 0.000000
vt 0.388430 0.000000
vt 0.404959 0.000000
vt 0.661157 0.000000
vt 0.396694 0.000000
vt 0.652893 0.000000
vt 0.512397 0.000000
vt 0.520661 0.000000
vt 0.644628 0.000000
vt 0.528926 0.000000
vt 0.537190 0.000000
vt 0.628099 0.000000
vt 0.553719 0.000000
vt 0.561983 0.000000
vt 0.619835 0.000000
vt 0.570248 0.000000
vt 0.578512 0.000000
vt 0.611570 0.000000
vt 0.586777 0.000000
vt 0.595041 0.000000
vt 0.603306 0.000000
vt 0.010526 0.000000
vt 0.494737 0.000000
vt 0.484211 0.000000
vt 0.021053 0.000000
vt 0.473684 0.000000
vt 0.031579 0.000000
vt 0.463158 0.000000
vt 0.042105 0.000000
vt 0.452632 0.000000
vt 0.052632 0.000000
vt 0.442105 0.000000
vt 0.063158 0.000000
vt 0.431579 0.000000
vt 0.073684 0.000000
vt 0.505263 0.000000
vt 0.515789 0.000000
vt 0.989474 0.000000
vt 0.526316 0.000000
vt 0.978947 0.000000
vt 0.536842 0.000000
vt 0.421053 0.000000
vt 0.084211 0.000000
vt 0.968421 0.000000
vt 0.547368 0.000000
vt 0.957895 0.000000
vt 0.557895 0.000000
vt 0.947368 0.000000
vt 0.568421 0.000000
vt 0.410526 0.000000
vt 0.094737 0.000000
vt 0.936842 0.000000
vt 0.578947 0.000000
vt 0.926316 0.000000
vt 0.589474 0.000000
vt 0.400000 0.000000
vt 0.105263 0.000000
vt 0.915789 0.000000
vt 0.600000 0.000000
vt 0.389474 0.000000
vt 0.115789 0.000000
vt 0.905263 0.000000
vt 0.610526 0.000000
vt 0.894737 0.000000
vt 0.621053 0.000000
vt 0.378947 0.000000
vt 0.126316 0.000000
vt 0.884211 0.000000
vt 0.631579 0.000000
vt 0.136842 0.000000
vt 0.873684 0.000000
vt 0.368421 0.000000
vt 0.642105 0.000000
vt 0.863158 0.000000
vt 0.652632 0.000000
vt 0.147368 0.000000
vt 0.357895 0.000000
vt 0.852632 0.000000
vt 0.663158 0.000000
vt 0.842105 0.000000
vt 0.157895 0.000000
vt 0.673684 0.000000
vt 0.347368 0.000000
vt 0.831579 0.000000
vt 0.684211 0.000000
vt 0.168421 0.000000
vt 0.336842 0.000000
vt 0.821053 0.000000
vt 0.694737 0.000000
vt 0.810526 0.000000
vt 0.705263 0.000000
vt 0.178947 0.000000
vt 0.326316 0.000000
vt 0.800000 0.000000
vt 0.715789 0.000000
vt 0.789474 0.000000
vt 0.726316 0.000000
vt 0.778947 0.000000
vt 0.736842 0.000000
vt 0.189474 0.000000
vt 0.315789 0.000000
vt 0.768421 0.000000
vt 0.747368 0.000000
vt 0.757895 0.000000
vt 0.200000 0.000000
vt 0.305263 0.000000
vt 0.210526 0.000000
vt 0.294737 0.000000
vt 0.221053 0.000000
vt 0.284211 0.000000
vt 0.231579 0.000000
vt 0.273684 0.000000
vt 0.242105 0.000000
vt 0.263158 0.000000
vt 0.252632 0.000000
vt 0.017544 0.000000
vt 0.982456 0.000000
vt 0.964912 0.000000
vt 0.035088 0.000000
vt 0.070175 0.000000
vt 0.929825 0.000000
vt 0.912281 0.000000
vt 0.087719 0.000000
vt 0.877193 0.000000
vt 0.859649 0.000000
vt 0.491228 0.000000
vt 0.508772 0.000000
vt 0.543860 0.000000
vt 0.561404 0.000000
vt 0.122807 0.000000
vt 0.824561 0.000000
vt 0.596491 0.000000
vt 0.807018 0.000000
vt 0.614035 0.000000
vt 0.771930 0.000000
vt 0.649123 0.000000
vt 0.140351 0.000000
vt 0.666667 0.000000
vt 0.754386 0.000000
vt 0.701754 0.000000
vt 0.719298 0.000000
vt 0.175439 0.000000
vt 0.192982 0.000000
vt 0.456140 0.000000
vt 0.438596 0.000000
vt 0.228070 0.000000
vt 0.403509 0.000000
vt 0.385965 0.000000
vt 0.245614 0.000000
vt 0.350877 0.000000
vt 0.333333 0.000000
vt 0.280702 0.000000
vt 0.298246 0.000000
vt 0.035714 0.000000
vt 0.017857 0.000000
vt 0.750000 0.000000
vt 0.767857 0.000000
vt 0.803571 0.000000
vt 0.732143 0.000000
vt 0.821429 0.000000
vt 0.839286 0.000000
vt 0.696429 0.000000
vt 0.875000 0.000000
vt 0.892857 0.000000
vt 0.678571 0.000000
vt 0.910714 0.000000
vt 0.660714 0.000000
vt 0.946429 0.000000
vt 0.964286 0.000000
vt 0.982143 0.000000
vt 0.625000 0.000000
vt 0.089286 0.000000
vt 0.107143 0.000000
vt 0.125000 0.000000
vt 0.160714 0.000000
vt 0.178571 0.000000
vt 0.196429 0.000000
vt 0.232143 0.000000
vt 0.250000 0.000000
vt 0.267857 0.000000
vt 0.303571 0.000000
vt 0.321429 0.000000
vt 0.339286 0.000000
vt 0.607143 0.000000
vt 0.375000 0.000000
vt 0.392857 0.000000
vt 0.410714 0.000000
vt 0.589286 0.000000
vt 0.446429 0.000000
vt 0.464286 0.000000
vt 0.053571 0.000000
vt 0.482143 0.000000
vt 0.553571 0.000000
vt 0.517857 0.000000
vt 0.535714 0.000000
vt 0.097744 0.000000
vt 0.082707 0.000000
vt 0.090226 0.000000
vt 0.075188 0.000000
vt 0.067669 0.000000
vt 0.060150 0.000000
vt 0.112782 0.000000
vt 0.045113 0.000000
vt 0.120301 0.000000
vt 0.037594 0.000000
vt 0.030075 0.000000
vt 0.127820 0.000000
vt 0.022556 0.000000
vt 0.015038 0.000000
vt 0.135338 0.000000
vt 0.007519 0.000000
vt 0.939850 0.000000
vt 0.954887 0.000000
vt 0.962406 0.000000
vt 0.969925 0.000000
vt 0.977444 0.000000
vt 0.984962 0.000000
vt 0.992481 0.000000
vt 0.150376 0.000000
vt 0.924812 0.000000
vt 0.932331 0.000000
vt 0.917293 0.000000
vt 0.165414 0.000000
vt 0.902256 0.000000
vt 0.909774 0.000000
vt 0.887218 0.000000
vt 0.879699 0.000000
vt 0.872180 0.000000
vt 0.864662 0.000000
vt 0.172932 0.000000
vt 0.849624 0.000000
vt 0.834586 0.000000
vt 0.180451 0.000000
vt 0.827068 0.000000
vt 0.819549 0.000000
vt 0.812030 0.000000
vt 0.187970 0.000000
vt 0.804511 0.000000
vt 0.796992 0.000000
vt 0.781955 0.000000
vt 0.774436 0.000000
vt 0.195489 0.000000
vt 0.766917 0.000000
vt 0.759399 0.000000
vt 0.751880 0.000000
vt 0.203008 0.000000
vt 0.744361 0.000000
vt 0.729323 0.000000
vt 0.721804 0.000000
vt 0.218045 0.000000
vt 0.706767 0.000000
vt 0.225564 0.000000
vt 0.699248 0.000000
vt 0.233083 0.000000
vt 0.691729 0.000000
vt 0.240602 0.000000
vt 0.676692 0.000000
vt 0.248120 0.000000
vt 0.669173 0.000000
vt 0.661654 0.000000
vt 0.255639 0.000000
vt 0.654135 0.000000
vt 0.646617 0.000000
vt 0.270677 0.000000
vt 0.639098 0.000000
vt 0.458647 0.000000
vt 0.443609 0.000000
vt 0.451128 0.000000
vt 0.278196 0.000000
vt 0.436090 0.000000
vt 0.293233 0.000000
vt 0.624060 0.000000
vt 0.300752 0.000000
vt 0.413534 0.000000
vt 0.308271 0.000000
vt 0.406015 0.000000
vt 0.616541 0.000000
vt 0.398496 0.000000
vt 0.323308 0.000000
vt 0.330827 0.000000
vt 0.390977 0.000000
vt 0.338346 0.000000
vt 0.383459 0.000000
vt 0.345865 0.000000
vt 0.375940 0.000000
vt 0.353383 0.000000
vt 0.360902 0.000000
vt 0.609023 0.000000
vt 0.601504 0.000000
vt 0.593985 0.000000
vt 0.466165 0.000000
vt 0.586466 0.000000
vt 0.481203 0.000000
vt 0.488722 0.000000
vt 0.496241 0.000000
vt 0.503759 0.000000
vt 0.563910 0.000000
vt 0.511278 0.000000
vt 0.518797 0.000000
vt 0.556391 0.000000
vt 0.533835 0.000000
vt 0.548872 0.000000
vt 0.541353 0.000000
vt 0.509091 0.000000
vt 0.527273 0.000000
vt 0.490909 0.000000
vt 0.054545 0.000000
vt 0.018182 0.000000
vt 0.036364 0.000000
vt 0.563636 0.000000
vt 0.472727 0.000000
vt 0.581818 0.000000
vt 0.436364 0.000000
vt 0.072727 0.000000
vt 0.418182 0.000000
vt 0.109091 0.000000
vt 0.127273 0.000000
vt 0.381818 0.000000
vt 0.618182 0.000000
vt 0.145455 0.000000
vt 0.163636 0.000000
vt 0.981818 0.000000
vt 0.345455 0.000000
vt 0.327273 0.000000
vt 0.218182 0.000000
vt 0.309091 0.000000
vt 0.236364 0.000000
vt 0.290909 0.000000
vt 0.254545 0.000000
vt 0.963636 0.000000
vt 0.654545 0.000000
vt 0.945455 0.000000
vt 0.927273 0.000000
vt 0.672727 0.000000
vt 0.690909 0.000000
vt 0.890909 0.000000
vt 0.872727 0.000000
vt 0.709091 0.000000
vt 0.854545 0.000000
vt 0.836364 0.000000
vt 0.745455 0.000000
vt 0.781818 0.000000
vt 0.763636 0.000000
vt 0.759259 0.000000
vt 0.722222 0.000000
vt 0.740741 0.000000
vt 0.703704 0.000000
vt 0.777778 0.000000
vt 0.685185 0.000000
vt 0.796296 0.000000
vt 0.648148 0.000000
vt 0.814815 0.000000
vt 0.629630 0.000000
vt 0.018519 0.000000
vt 0.981481 0.000000
vt 0.833333 0.000000
vt 0.611111 0.000000
vt 0.592593 0.000000
vt 0.851852 0.000000
vt 0.574074 0.000000
vt 0.870370 0.000000
vt 0.555556 0.000000
vt 0.537037 0.000000
vt 0.888889 0.000000
vt 0.518519 0.000000
vt 0.907407 0.000000
vt 0.351852 0.000000
vt 0.370370 0.000000
vt 0.388889 0.000000
vt 0.407407 0.000000
vt 0.425926 0.000000
vt 0.444444 0.000000
vt 0.462963 0.000000
vt 0.481481 0.000000
vt 0.925926 0.000000
vt 0.296296 0.000000
vt 0.314815 0.000000
vt 0.944444 0.000000
vt 0.259259 0.000000
vt 0.277778 0.000000
vt 0.240741 0.000000
vt 0.222222 0.000000
vt 0.962963 0.000000
vt 0.203704 0.000000
vt 0.185185 0.000000
vt 0.111111 0.000000
vt 0.129630 0.000000
vt 0.148148 0.000000
vt 0.166667 0.000000
vt 0.092593 0.000000
vt 0.074074 0.000000
vt 0.055556 0.000000
vt 0.037037 0.000000
vt 0.886792 0.000000
vt 0.867925 0.000000
vt 0.877358 0.000000
vt 0.660377 0.000000
vt 0.641509 0.000000
vt 0.650943 0.000000
vt 0.896226 0.000000
vt 0.858491 0.000000
vt 0.669811 0.000000
vt 0.632075 0.000000
vt 0.905660 0.000000
vt 0.849057 0.000000
vt 0.679245 0.000000
vt 0.915094 0.000000
vt 0.839623 0.000000
vt 0.622642 0.000000
vt 0.688679 0.000000
vt 0.924528 0.000000
vt 0.009434 0.000000
vt 0.990566 0.000000
vt 0.830189 0.000000
vt 0.698113 0.000000
vt 0.933962 0.000000
vt 0.613208 0.000000
vt 0.820755 0.000000
vt 0.943396 0.000000
vt 0.707547 0.000000
vt 0.811321 0.000000
vt 0.603774 0.000000
vt 0.952830 0.000000
vt 0.716981 0.000000
vt 0.801887 0.000000
vt 0.962264 0.000000
vt 0.726415 0.000000
vt 0.594340 0.000000
vt 0.792453 0.000000
vt 0.971698 0.000000
vt 0.735849 0.000000
vt 0.783019 0.000000
vt 0.981132 0.000000
vt 0.584906 0.000000
vt 0.745283 0.000000
vt 0.773585 0.000000
vt 0.754717 0.000000
vt 0.396226 0.000000
vt 0.575472 0.000000
vt 0.028302 0.000000
vt 0.037736 0.000000
vt 0.047170 0.000000
vt 0.056604 0.000000
vt 0.066038 0.000000
vt 0.075472 0.000000
vt 0.084906 0.000000
vt 0.094340 0.000000
vt 0.103774 0.000000
vt 0.113208 0.000000
vt 0.122642 0.000000
vt 0.132075 0.000000
vt 0.141509 0.000000
vt 0.764151 0.000000
vt 0.386792 0.000000
vt 0.150943 0.000000
vt 0.405660 0.000000
vt 0.377358 0.000000
vt 0.160377 0.000000
vt 0.415094 0.000000
vt 0.367925 0.000000
vt 0.169811 0.000000
vt 0.424528 0.000000
vt 0.358491 0.000000
vt 0.179245 0.000000
vt 0.433962 0.000000
vt 0.349057 0.000000
vt 0.566038 0.000000
vt 0.188679 0.000000
vt 0.339623 0.000000
vt 0.443396 0.000000
vt 0.330189 0.000000
vt 0.198113 0.000000
vt 0.452830 0.000000
vt 0.320755 0.000000
vt 0.207547 0.000000
vt 0.462264 0.000000
vt 0.311321 0.000000
vt 0.556604 0.000000
vt 0.216981 0.000000
vt 0.301887 0.000000
vt 0.471698 0.000000
vt 0.292453 0.000000
vt 0.226415 0.000000
vt 0.481132 0.000000
vt 0.283019 0.000000
vt 0.547170 0.000000
vt 0.235849 0.000000
vt 0.018868 0.000000
vt 0.273585 0.000000
vt 0.490566 0.000000
vt 0.245283 0.000000
vt 0.537736 0.000000
vt 0.254717 0.000000
vt 0.509434 0.000000
vt 0.528302 0.000000
vt 0.264151 0.000000
vt 0.518868 0.000000
vt 0.653465 0.000000
vt 0.633663 0.000000
vt 0.643564 0.000000
vt 0.623762 0.000000
vt 0.613861 0.000000
vt 0.603960 0.000000
vt 0.663366 0.000000
vt 0.594059 0.000000
vt 0.584158 0.000000
vt 0.574257 0.000000
vt 0.673267 0.000000
vt 0.564356 0.000000
vt 0.554455 0.000000
vt 0.683168 0.000000
vt 0.544554 0.000000
vt 0.534653 0.000000
vt 0.693069 0.000000
vt 0.524752 0.000000
vt 0.415842 0.000000
vt 0.425743 0.000000
vt 0.435644 0.000000
vt 0.445545 0.000000
vt 0.455446 0.000000
vt 0.465347 0.000000
vt 0.475248 0.000000
vt 0.485149 0.000000
vt 0.495050 0.000000
vt 0.504951 0.000000
vt 0.514852 0.000000
vt 0.702970 0.000000
vt 0.396040 0.000000
vt 0.405941 0.000000
vt 0.386139 0.000000
vt 0.376238 0.000000
vt 0.366337 0.000000
vt 0.712871 0.000000
vt 0.356436 0.000000
vt 0.346535 0.000000
vt 0.722772 0.000000
vt 0.336634 0.000000
vt 0.326733 0.000000
vt 0.732673 0.000000
vt 0.316832 0.000000
vt 0.742574 0.000000
vt 0.306931 0.000000
vt 0.297030 0.000000
vt 0.752475 0.000000
vt 0.287129 0.000000
vt 0.762376 0.000000
vt 0.277228 0.000000
vt 0.267327 0.000000
vt 0.772277 0.000000
vt 0.019802 0.000000
vt 0.009901 0.000000
vt 0.029703 0.000000
vt 0.257426 0.000000
vt 0.782178 0.000000
vt 0.247525 0.000000
vt 0.039604 0.000000
vt 0.792079 0.000000
vt 0.237624 0.000000
vt 0.227723 0.000000
vt 0.801980 0.000000
vt 0.217822 0.000000
vt 0.811881 0.000000
vt 0.207921 0.000000
vt 0.198020 0.000000
vt 0.821782 0.000000
vt 0.188119 0.000000
vt 0.049505 0.000000
vt 0.059406 0.000000
vt 0.069307 0.000000
vt 0.178218 0.000000
vt 0.079208 0.000000
vt 0.089109 0.000000
vt 0.099010 0.000000
vt 0.168317 0.000000
vt 0.831683 0.000000
vt 0.108911 0.000000
vt 0.118812 0.000000
vt 0.128713 0.000000
vt 0.158416 0.000000
vt 0.138614 0.000000
vt 0.148515 0.000000
vt 0.841584 0.000000
vt 0.990099 0.000000
vt 0.980198 0.000000
vt 0.851485 0.000000
vt 0.970297 0.000000
vt 0.960396 0.000000
vt 0.861386 0.000000
vt 0.950495 0.000000
vt 0.940594 0.000000
vt 0.930693 0.000000
vt 0.871287 0.000000
vt 0.920792 0.000000
vt 0.910891 0.000000
vt 0.900990 0.000000
vt 0.881188 0.000000
vt 0.891089 0.000000
s 0
usemtl マテリアル
f 39/1/1 37/2/1 38/3/1
f 39/1/1 36/4/1 37/2/1
f 40/5/1 36/4/1 39/1/1
f 40/5/1 35/6/1 36/4/1
f 41/7/1 35/6/1 40/5/1
f 41/7/1 34/8/1 35/6/1
f 42/9/1 34/8/1 41/7/1
f 42/9/1 33/10/1 34/8/1
f 43/11/1 33/10/1 42/9/1
f 43/11/1 32/12/1 33/10/1
f 44/13/1 32/12/1 43/11/1
f 44/13/1 31/14/1 32/12/1
f 45/15/1 87/16/1 44/13/1
f 87/16/1 31/14/1 44/13/1
f 45/15/1 86/17/1 87/16/1
f 88/18/1 31/14/1 87/16/1
f 45/15/1 85/19/1 86/17/1
f 89/20/1 31/14/1 88/18/1
f 45/15/1 84/21/1 85/19/1
f 90/22/1 31/14/1 89/20/1
f 90/22/1 30/23/1 31/14/1
f 45/15/1 83/24/1 84/21/1
f 46/25/1 83/24/1 45/15/1
f 91/26/1 30/23/1 90/22/1
f 46/25/1 82/27/1 83/24/1
f 92/28/1 30/23/1 91/26/1
f 46/25/1 81/29/1 82/27/1
f 93/30/1 30/23/1 92/28/1
f 46/25/1 80/31/1 81/29/1
f 94/32/1 30/23/1 93/30/1
f 47/33/1 80/31/1 46/25/1
f 94/32/1 29/34/1 30/23/1
f 47/33/1 79/35/1 80/31/1
f 95/36/1 29/34/1 94/32/1
f 47/33/1 78/37/1 79/35/1
f 96/38/1 29/34/1 95/36/1
f 48/39/1 78/37/1 47/33/1
f 96/38/1 28/40/1 29/34/1
f 48/39/1 77/41/1 78/37/1
f 97/42/1 28/40/1 96/38/1
f 48/39/1 76/43/1 77/41/1
f 98/44/1 28/40/1 97/42/1
f 49/45/1 76/43/1 48/39/1
f 49/45/1 75/46/1 76/43/1
f 98/44/1 27/47/1 28/40/1
f 99/48/1 27/47/1 98/44/1
f 49/45/1 99/48/1 75/46/1
f 49/45/1 27/47/1 99/48/1
f 50/49/1 27/47/1 49/45/1
f 50/49/1 26/50/1 27/47/1
f 51/51/1 25/52/1 50/49/1
f 25/52/1 26/50/1 50/49/1
f 51/51/1 24/53/1 25/52/1
f 52/54/1 24/53/1 51/51/1
f 52/54/1 23/55/1 24/53/1
f 52/54/1 22/56/1 23/55/1
f 53/57/1 22/56/1 52/54/1
f 53/57/1 21/58/1 22/56/1
f 54/59/1 21/58/1 53/57/1
f 54/59/1 20/60/1 21/58/1
f 2/61/1 74/62/1 1/63/1
f 54/59/1 19/64/1 20/60/1
f 3/65/1 74/62/1 2/61/1
f 4/66/1 74/62/1 3/65/1
f 55/67/1 19/64/1 54/59/1
f 55/67/1 18/68/1 19/64/1
f 5/69/1 74/62/1 4/66/1
f 6/70/1 74/62/1 5/69/1
f 55/67/1 17/71/1 18/68/1
f 7/72/1 74/62/1 6/70/1
f 55/67/1 16/73/1 17/71/1
f 8/74/1 74/62/1 7/72/1
f 56/75/1 16/73/1 55/67/1
f 9/76/1 74/62/1 8/74/1
f 56/75/1 15/77/1 16/73/1
f 10/78/1 74/62/1 9/76/1
f 56/75/1 14/79/1 15/77/1
f 11/80/1 74/62/1 10/78/1
f 12/81/1 74/62/1 11/80/1
f 56/75/1 13/82/1 14/79/1
f 13/82/1 74/62/1 12/81/1
f 56/75/1 74/62/1 13/82/1
f 57/83/1 74/62/1 56/75/1
f 57/83/1 73/84/1 74/62/1
f 58/85/1 73/84/1 57/83/1
f 58/85/1 72/86/1 73/84/1
f 58/85/1 71/87/1 72/86/1
f 59/88/1 71/87/1 58/85/1
f 59/88/1 70/89/1 71/87/1
f 59/88/1 69/90/1 70/89/1
f 60/91/1 69/90/1 59/88/1
f 60/91/1 68/92/1 69/90/1
f 60/91/1 67/93/1 68/92/1
f 61/94/1 67/93/1 60/91/1
f 61/94/1 66/95/1 67/93/1
f 61/94/1 65/96/1 66/95/1
f 61/94/1 64/97/1 65/96/1
f 62/98/1 64/97/1 61/94/1
f 62/98/1 63/99/1 64/97/1
f 113/100/1 111/101/1 112/102/1
f 113/100/1 110/103/1 111/101/1
f 113/100/1 109/104/1 110/103/1
f 114/105/1 109/104/1 113/100/1
f 114/105/1 108/106/1 109/104/1
f 114/105/1 107/107/1 108/106/1
f 114/105/1 106/108/1 107/107/1
f 115/109/1 106/108/1 114/105/1
f 115/109/1 105/110/1 106/108/1
f 115/109/1 104/111/1 105/110/1
f 115/109/1 103/112/1 104/111/1
f 116/113/1 103/112/1 115/109/1
f 116/113/1 102/114/1 103/112/1
f 116/113/1 101/115/1 102/114/1
f 116/113/1 100/63/1 101/115/1
f 117/116/1 100/63/1 116/113/1
f 117/116/1 189/117/1 100/63/1
f 189/117/1 190/118/1 100/63/1
f 190/118/1 191/119/1 100/63/1
f 191/119/1 192/120/1 100/63/1
f 192/120/1 193/121/1 100/63/1
f 193/121/1 194/122/1 100/63/1
f 194/122/1 195/123/1 100/63/1
f 195/123/1 196/124/1 100/63/1
f 196/124/1 197/48/1 100/63/1
f 118/125/1 187/126/1 117/116/1
f 187/126/1 188/127/1 117/116/1
f 188/127/1 189/117/1 117/116/1
f 119/128/1 185/129/1 118/125/1
f 185/129/1 186/130/1 118/125/1
f 186/130/1 187/126/1 118/125/1
f 119/128/1 184/131/1 185/129/1
f 119/128/1 183/132/1 184/131/1
f 119/128/1 182/133/1 183/132/1
f 120/134/1 182/133/1 119/128/1
f 120/134/1 181/135/1 182/133/1
f 120/134/1 180/136/1 181/135/1
f 120/134/1 179/137/1 180/136/1
f 121/138/1 179/137/1 120/134/1
f 121/138/1 178/139/1 179/137/1
f 121/138/1 177/140/1 178/139/1
f 122/141/1 177/140/1 121/138/1
f 122/141/1 176/142/1 177/140/1
f 122/141/1 175/143/1 176/142/1
f 123/144/1 175/143/1 122/141/1
f 123/144/1 174/145/1 175/143/1
f 124/146/1 174/145/1 123/144/1
f 124/146/1 173/147/1 174/145/1
f 124/146/1 172/148/1 173/147/1
f 125/149/1 172/148/1 124/146/1
f 125/149/1 171/150/1 172/148/1
f 126/151/1 171/150/1 125/149/1
f 126/151/1 170/152/1 171/150/1
f 126/151/1 169/153/1 170/152/1
f 127/154/1 169/153/1 126/151/1
f 127/154/1 168/155/1 169/153/1
f 127/154/1 167/156/1 168/155/1
f 128/157/1 167/156/1 127/154/1
f 128/157/1 166/158/1 167/156/1
f 150/159/1 148/160/1 149/161/1
f 128/157/1 165/162/1 166/158/1
f 151/163/1 148/160/1 150/159/1
f 129/164/1 165/162/1 128/157/1
f 152/165/1 148/160/1 151/163/1
f 129/164/1 164/166/1 165/162/1
f 153/167/1 148/160/1 152/165/1
f 154/168/1 148/160/1 153/167/1
f 155/169/1 148/160/1 154/168/1
f 129/164/1 163/170/1 164/166/1
f 156/171/1 148/160/1 155/169/1
f 157/172/1 148/160/1 156/171/1
f 129/164/1 162/173/1 163/170/1
f 158/174/1 148/160/1 157/172/1
f 159/175/1 148/160/1 158/174/1
f 129/164/1 161/176/1 162/173/1
f 160/177/1 148/160/1 159/175/1
f 130/178/1 161/176/1 129/164/1
f 161/176/1 148/160/1 160/177/1
f 130/178/1 148/160/1 161/176/1
f 131/179/1 148/160/1 130/178/1
f 132/180/1 148/160/1 131/179/1
f 133/181/1 148/160/1 132/180/1
f 133/181/1 147/182/1 148/160/1
f 133/181/1 146/183/1 147/182/1
f 133/181/1 145/184/1 146/183/1
f 134/185/1 145/184/1 133/181/1
f 134/185/1 144/186/1 145/184/1
f 134/185/1 143/187/1 144/186/1
f 134/185/1 142/188/1 143/187/1
f 134/185/1 141/189/1 142/188/1
f 135/190/1 141/189/1 134/185/1
f 135/190/1 140/191/1 141/189/1
f 135/190/1 139/192/1 140/191/1
f 135/190/1 138/193/1 139/192/1
f 136/194/1 138/193/1 135/190/1
f 136/194/1 137/195/1 138/193/1
f 236/196/1 234/197/1 235/198/1
f 237/199/1 234/197/1 236/196/1
f 237/199/1 233/200/1 234/197/1
f 238/201/1 233/200/1 237/199/1
f 239/202/1 233/200/1 238/201/1
f 239/202/1 232/203/1 233/200/1
f 240/204/1 232/203/1 239/202/1
f 240/204/1 231/205/1 232/203/1
f 241/206/1 231/205/1 240/204/1
f 242/207/1 231/205/1 241/206/1
f 242/207/1 230/208/1 231/205/1
f 243/209/1 230/208/1 242/207/1
f 243/209/1 229/210/1 230/208/1
f 244/211/1 229/210/1 243/209/1
f 245/212/1 229/210/1 244/211/1
f 245/212/1 228/213/1 229/210/1
f 246/214/1 228/213/1 245/212/1
f 246/214/1 227/215/1 228/213/1
f 247/216/1 227/215/1 246/214/1
f 248/217/1 249/218/1 247/216/1
f 249/218/1 250/219/1 247/216/1
f 250/219/1 251/220/1 247/216/1
f 251/220/1 252/221/1 247/216/1
f 252/221/1 253/222/1 247/216/1
f 253/222/1 254/223/1 247/216/1
f 254/223/1 255/224/1 247/216/1
f 255/224/1 256/225/1 247/216/1
f 256/225/1 257/226/1 247/216/1
f 257/226/1 258/227/1 247/216/1
f 258/227/1 227/215/1 247/216/1
f 258/227/1 259/228/1 227/215/1
f 259/228/1 260/229/1 227/215/1
f 260/229/1 226/230/1 227/215/1
f 260/229/1 261/231/1 226/230/1
f 261/231/1 225/232/1 226/230/1
f 262/233/2 225/232/2 261/231/2
f 263/234/1 225/232/1 262/233/1
f 264/235/1 225/232/1 263/234/1
f 265/236/1 225/232/1 264/235/1
f 266/237/1 225/232/1 265/236/1
f 266/237/1 224/238/1 225/232/1
f 267/239/1 224/238/1 266/237/1
f 268/240/1 224/238/1 267/239/1
f 269/241/1 224/238/1 268/240/1
f 269/241/1 223/242/1 224/238/1
f 270/243/1 223/242/1 269/241/1
f 271/244/1 223/242/1 270/243/1
f 271/244/1 222/245/1 223/242/1
f 272/246/1 222/245/1 271/244/1
f 273/247/1 222/245/1 272/246/1
f 274/248/1 371/48/1 273/247/1
f 371/48/1 222/245/1 273/247/1
f 275/249/1 371/48/1 274/248/1
f 276/250/1 371/48/1 275/249/1
f 277/251/1 371/48/1 276/250/1
f 278/252/1 371/48/1 277/251/1
f 278/252/1 370/253/1 371/48/1
f 335/254/1 222/245/1 371/48/1
f 278/252/1 369/255/1 370/253/1
f 279/256/1 369/255/1 278/252/1
f 279/256/1 368/257/1 369/255/1
f 280/258/1 368/257/1 279/256/1
f 280/258/1 367/259/1 368/257/1
f 281/260/1 367/259/1 280/258/1
f 281/260/1 366/261/1 367/259/1
f 281/260/1 365/262/1 366/261/1
f 282/263/1 365/262/1 281/260/1
f 282/263/1 364/264/1 365/262/1
f 283/265/1 364/264/1 282/263/1
f 283/265/1 363/266/1 364/264/1
f 283/265/1 362/267/1 363/266/1
f 284/268/1 362/267/1 283/265/1
f 284/268/1 361/269/1 362/267/1
f 284/268/1 360/270/1 361/269/1
f 285/271/1 360/270/1 284/268/1
f 285/271/1 359/272/1 360/270/1
f 286/273/1 359/272/1 285/271/1
f 286/273/1 358/274/1 359/272/1
f 286/273/1 357/275/1 358/274/1
f 287/276/1 357/275/1 286/273/1
f 287/276/1 356/277/1 357/275/1
f 287/276/1 355/278/1 356/277/1
f 336/279/1 222/245/1 335/254/1
f 288/280/1 355/278/1 287/276/1
f 337/281/1 222/245/1 336/279/1
f 288/280/1 354/282/1 355/278/1
f 338/283/1 222/245/1 337/281/1
f 199/284/1 334/285/1 198/63/1
f 338/283/1 221/286/1 222/245/1
f 288/280/1 353/287/1 354/282/1
f 200/288/1 334/285/1 199/284/1
f 339/289/1 221/286/1 338/283/1
f 339/289/1 220/290/1 221/286/1
f 201/291/1 334/285/1 200/288/1
f 289/292/1 353/287/1 288/280/1
f 289/292/1 352/293/1 353/287/1
f 339/289/1 219/294/1 220/290/1
f 340/295/1 219/294/1 339/289/1
f 202/296/1 334/285/1 201/291/1
f 340/295/1 218/297/1 219/294/1
f 341/298/1 218/297/1 340/295/1
f 203/299/1 334/285/1 202/296/1
f 289/292/1 351/300/1 352/293/1
f 341/298/1 217/301/1 218/297/1
f 204/302/1 334/285/1 203/299/1
f 342/303/1 217/301/1 341/298/1
f 342/303/1 216/304/1 217/301/1
f 205/305/1 334/285/1 204/302/1
f 289/292/1 350/306/1 351/300/1
f 342/303/1 215/307/1 216/304/1
f 343/308/1 215/307/1 342/303/1
f 206/309/1 334/285/1 205/305/1
f 343/308/1 214/310/1 215/307/1
f 290/311/1 350/306/1 289/292/1
f 207/312/1 334/285/1 206/309/1
f 290/311/1 349/313/1 350/306/1
f 344/314/1 214/310/1 343/308/1
f 344/314/1 213/315/1 214/310/1
f 208/316/1 334/285/1 207/312/1
f 344/314/1 212/317/1 213/315/1
f 209/318/1 334/285/1 208/316/1
f 345/319/1 212/317/1 344/314/1
f 345/319/1 211/320/1 212/317/1
f 210/321/1 334/285/1 209/318/1
f 345/319/2 210/321/2 211/320/2
f 290/311/1 348/322/1 349/313/1
f 345/319/1 334/285/1 210/321/1
f 346/323/1 334/285/1 345/319/1
f 290/311/1 347/324/1 348/322/1
f 347/324/1 334/285/1 346/323/1
f 290/311/1 310/325/1 347/324/1
f 310/325/1 334/285/1 347/324/1
f 291/326/1 310/325/1 290/311/1
f 291/326/1 309/327/1 310/325/1
f 311/328/1 334/285/1 310/325/1
f 292/329/1 309/327/1 291/326/1
f 292/329/1 308/330/1 309/327/1
f 312/331/1 334/285/1 311/328/1
f 312/331/1 333/332/1 334/285/1
f 293/333/1 308/330/1 292/329/1
f 293/333/1 307/334/1 308/330/1
f 313/335/1 333/332/1 312/331/1
f 313/335/1 332/336/1 333/332/1
f 293/333/1 306/337/1 307/334/1
f 314/338/1 332/336/1 313/335/1
f 294/339/1 306/337/1 293/333/1
f 314/338/1 331/340/1 332/336/1
f 294/339/1 305/341/1 306/337/1
f 315/342/1 331/340/1 314/338/1
f 315/342/1 330/343/1 331/340/1
f 295/344/1 305/341/1 294/339/1
f 295/344/1 304/345/1 305/341/1
f 316/346/1 330/343/1 315/342/1
f 316/346/1 329/347/1 330/343/1
f 295/344/1 303/348/1 304/345/1
f 317/349/1 329/347/1 316/346/1
f 317/349/1 328/350/1 329/347/1
f 296/351/1 303/348/1 295/344/1
f 296/351/1 302/352/1 303/348/1
f 318/353/1 328/350/1 317/349/1
f 318/353/1 327/354/1 328/350/1
f 296/351/1 301/355/1 302/352/1
f 318/353/1 326/356/1 327/354/1
f 319/357/1 326/356/1 318/353/1
f 297/358/1 301/355/1 296/351/1
f 319/357/1 325/359/1 326/356/1
f 297/358/1 300/360/1 301/355/1
f 320/361/1 325/359/1 319/357/1
f 320/361/1 324/362/1 325/359/1
f 297/358/1 299/363/1 300/360/1
f 321/364/1 324/362/1 320/361/1
f 298/365/1 299/363/1 297/358/1
f 321/364/1 323/366/1 324/362/1
f 322/367/1 323/366/1 321/364/1
f 410/368/1 412/369/1 409/370/1
f 412/369/1 408/371/1 409/370/1
f 412/369/1 407/372/1 408/371/1
f 412/369/1 406/373/1 407/372/1
f 412/369/1 405/11/1 406/373/1
f 412/369/1 404/374/1 405/11/1
f 412/369/1 403/375/1 404/374/1
f 412/369/1 402/376/1 403/375/1
f 412/369/1 401/377/1 402/376/1
f 412/369/1 413/378/1 401/377/1
f 413/378/1 414/379/1 401/377/1
f 414/379/1 400/380/1 401/377/1
f 410/368/1 449/48/1 412/369/1
f 415/381/1 400/380/1 414/379/1
f 416/83/1 400/380/1 415/381/1
f 417/382/1 400/380/1 416/83/1
f 418/383/1 400/380/1 417/382/1
f 418/383/1 399/384/1 400/380/1
f 419/385/1 399/384/1 418/383/1
f 420/386/1 399/384/1 419/385/1
f 420/386/1 398/387/1 399/384/1
f 421/388/1 398/387/1 420/386/1
f 422/389/1 398/387/1 421/388/1
f 422/389/1 397/390/1 398/387/1
f 423/391/1 397/390/1 422/389/1
f 424/392/1 397/390/1 423/391/1
f 424/392/1 396/393/1 397/390/1
f 425/394/1 396/393/1 424/392/1
f 426/395/1 396/393/1 425/394/1
f 426/395/1 395/396/1 396/393/1
f 427/87/1 395/396/1 426/395/1
f 427/87/1 394/34/1 395/396/1
f 428/397/1 394/34/1 427/87/1
f 429/398/1 394/34/1 428/397/1
f 429/398/1 393/399/1 394/34/1
f 430/400/1 393/399/1 429/398/1
f 431/401/1 393/399/1 430/400/1
f 431/401/1 392/402/1 393/399/1
f 432/403/1 392/402/1 431/401/1
f 432/403/1 391/404/1 392/402/1
f 433/405/1 391/404/1 432/403/1
f 410/368/1 448/406/1 449/48/1
f 434/407/1 391/404/1 433/405/1
f 410/368/1 447/408/1 448/406/1
f 410/368/1 446/409/1 447/408/1
f 410/368/1 372/63/1 446/409/1
f 372/63/1 445/410/1 446/409/1
f 435/411/1 391/404/1 434/407/1
f 372/63/1 444/412/1 445/410/1
f 372/63/1 443/413/1 444/412/1
f 435/411/1 390/414/1 391/404/1
f 436/415/1 390/414/1 435/411/1
f 372/63/1 442/416/1 443/413/1
f 372/63/1 441/417/1 442/416/1
f 372/63/1 440/418/1 441/417/1
f 437/419/1 390/414/1 436/415/1
f 372/63/1 439/420/1 440/418/1
f 372/63/1 438/19/1 439/420/1
f 372/63/1 437/419/1 438/19/1
f 372/63/1 390/414/1 437/419/1
f 372/63/1 389/421/1 390/414/1
f 372/63/1 388/422/1 389/421/1
f 372/63/1 387/423/1 388/422/1
f 410/368/1 411/424/1 372/63/1
f 373/425/1 387/423/1 372/63/1
f 373/425/1 386/426/1 387/423/1
f 374/427/1 386/426/1 373/425/1
f 375/428/1 386/426/1 374/427/1
f 376/429/1 386/426/1 375/428/1
f 377/430/1 386/426/1 376/429/1
f 377/430/1 385/431/1 386/426/1
f 378/432/1 385/431/1 377/430/1
f 379/433/1 385/431/1 378/432/1
f 380/434/1 385/431/1 379/433/1
f 381/435/1 385/431/1 380/434/1
f 381/435/1 384/436/1 385/431/1
f 382/437/1 384/436/1 381/435/1
f 383/77/1 384/436/1 382/437/1
f 463/438/2 461/433/2 462/439/2
f 463/438/1 460/440/1 461/433/1
f 463/438/1 459/441/1 460/440/1
f 464/442/1 459/441/1 463/438/1
f 464/442/1 458/443/1 459/441/1
f 464/442/1 457/444/1 458/443/1
f 465/445/1 457/444/1 464/442/1
f 465/445/1 456/446/1 457/444/1
f 465/445/1 455/447/1 456/446/1
f 466/448/1 455/447/1 465/445/1
f 466/448/1 454/449/1 455/447/1
f 466/448/1 453/450/1 454/449/1
f 467/451/1 453/450/1 466/448/1
f 467/451/1 452/452/1 453/450/1
f 467/451/1 451/453/1 452/452/1
f 468/454/1 451/453/1 467/451/1
f 468/454/1 450/63/1 451/453/1
f 468/454/1 563/455/1 450/63/1
f 563/455/1 564/456/1 450/63/1
f 564/456/1 565/457/1 450/63/1
f 565/457/1 566/458/1 450/63/1
f 566/458/1 567/459/1 450/63/1
f 567/459/1 568/460/1 450/63/1
f 568/460/1 569/461/1 450/63/1
f 569/461/1 570/462/1 450/63/1
f 570/462/1 571/48/1 450/63/1
f 469/463/1 561/464/1 468/454/1
f 561/464/1 562/465/1 468/454/1
f 562/465/2 563/455/2 468/454/2
f 470/466/1 559/467/1 469/463/1
f 559/467/1 560/416/1 469/463/1
f 560/416/1 561/464/1 469/463/1
f 471/468/1 558/469/1 470/466/1
f 558/469/1 559/467/1 470/466/1
f 471/468/1 557/470/1 558/469/1
f 471/468/1 556/471/1 557/470/1
f 471/468/1 555/472/1 556/471/1
f 471/468/1 554/473/1 555/472/1
f 471/468/1 553/474/1 554/473/1
f 472/426/1 553/474/1 471/468/1
f 472/426/1 552/475/1 553/474/1
f 472/426/1 551/476/1 552/475/1
f 472/426/1 550/477/1 551/476/1
f 473/478/1 550/477/1 472/426/1
f 473/478/1 549/411/1 550/477/1
f 473/478/1 548/479/1 549/411/1
f 474/480/1 548/479/1 473/478/1
f 474/480/1 547/481/1 548/479/1
f 474/480/1 546/482/1 547/481/1
f 475/483/1 546/482/1 474/480/1
f 475/483/1 545/484/1 546/482/1
f 475/483/1 544/485/1 545/484/1
f 476/486/1 544/485/1 475/483/1
f 476/486/1 543/487/1 544/485/1
f 477/488/1 543/487/1 476/486/1
f 477/488/1 542/489/1 543/487/1
f 477/488/1 541/490/1 542/489/1
f 478/491/1 541/490/1 477/488/1
f 478/491/1 540/492/1 541/490/1
f 479/493/1 540/492/1 478/491/1
f 479/493/1 539/494/1 540/492/1
f 480/495/1 539/494/1 479/493/1
f 480/495/1 538/397/1 539/494/1
f 481/496/1 538/397/1 480/495/1
f 481/496/1 537/497/1 538/397/1
f 482/498/1 537/497/1 481/496/1
f 483/399/1 537/497/1 482/498/1
f 483/399/1 536/499/1 537/497/1
f 484/500/1 536/499/1 483/399/1
f 485/501/1 536/499/1 484/500/1
f 485/501/1 535/502/1 536/499/1
f 486/503/1 535/502/1 485/501/1
f 511/504/1 509/505/1 510/506/1
f 486/503/1 534/507/1 535/502/1
f 487/508/1 534/507/1 486/503/1
f 511/504/1 508/509/1 509/505/1
f 488/510/1 534/507/1 487/508/1
f 488/510/1 533/511/1 534/507/1
f 511/504/1 507/512/1 508/509/1
f 489/513/1 533/511/1 488/510/1
f 511/504/1 506/514/1 507/512/1
f 490/515/1 533/511/1 489/513/1
f 491/516/1 533/511/1 490/515/1
f 491/516/1 532/517/1 533/511/1
f 511/504/1 505/372/1 506/514/1
f 492/518/1 532/517/1 491/516/1
f 511/504/1 504/519/1 505/372/1
f 493/520/1 532/517/1 492/518/1
f 511/504/1 503/521/1 504/519/1
f 493/520/1 531/522/1 532/517/1
f 494/380/1 531/522/1 493/520/1
f 511/504/1 502/523/1 503/521/1
f 495/524/1 531/522/1 494/380/1
f 511/504/1 501/525/1 502/523/1
f 496/526/1 531/522/1 495/524/1
f 511/504/1 500/527/1 501/525/1
f 497/528/1 531/522/1 496/526/1
f 511/504/1 499/529/1 500/527/1
f 497/528/1 530/530/1 531/522/1
f 498/531/1 530/530/1 497/528/1
f 511/504/1 498/531/1 499/529/1
f 511/504/1 530/530/1 498/531/1
f 511/504/1 529/532/1 530/530/1
f 512/533/1 529/532/1 511/504/1
f 513/534/1 529/532/1 512/533/1
f 513/534/1 528/535/1 529/532/1
f 514/536/1 528/535/1 513/534/1
f 514/536/1 527/388/1 528/535/1
f 515/537/1 527/388/1 514/536/1
f 516/379/1 527/388/1 515/537/1
f 516/379/1 526/538/1 527/388/1
f 517/539/1 526/538/1 516/379/1
f 518/540/1 526/538/1 517/539/1
f 518/540/1 525/541/1 526/538/1
f 519/542/1 525/541/1 518/540/1
f 520/543/1 525/541/1 519/542/1
f 520/543/1 524/544/1 525/541/1
f 521/545/1 524/544/1 520/543/1
f 522/546/1 524/544/1 521/545/1
f 522/546/1 523/547/1 524/544/1
f 573/548/1 619/549/1 572/63/1
f 573/548/1 618/550/1 619/549/1
f 574/551/1 618/550/1 573/548/1
f 574/551/1 617/552/1 618/550/1
f 575/553/1 617/552/1 574/551/1
f 575/553/1 616/554/1 617/552/1
f 576/555/1 616/554/1 575/553/1
f 576/555/1 615/556/1 616/554/1
f 577/557/1 615/556/1 576/555/1
f 577/557/1 614/558/1 615/556/1
f 578/559/1 614/558/1 577/557/1
f 578/559/1 613/560/1 614/558/1
f 579/561/1 620/562/1 578/559/1
f 620/562/1 613/560/1 578/559/1
f 579/561/1 667/48/1 620/562/1
f 621/563/1 613/560/1 620/562/1
f 579/561/1 666/564/1 667/48/1
f 622/565/1 613/560/1 621/563/1
f 579/561/1 665/566/1 666/564/1
f 623/567/1 613/560/1 622/565/1
f 623/567/1 612/568/1 613/560/1
f 580/569/1 665/566/1 579/561/1
f 580/569/1 664/570/1 665/566/1
f 624/571/1 612/568/1 623/567/1
f 580/569/1 663/572/1 664/570/1
f 625/573/1 612/568/1 624/571/1
f 580/569/1 662/574/1 663/572/1
f 626/575/1 612/568/1 625/573/1
f 626/575/1 611/576/1 612/568/1
f 581/577/1 662/574/1 580/569/1
f 581/577/1 661/578/1 662/574/1
f 627/579/1 611/576/1 626/575/1
f 581/577/1 660/580/1 661/578/1
f 628/581/1 611/576/1 627/579/1
f 628/581/1 610/582/1 611/576/1
f 582/583/1 660/580/1 581/577/1
f 582/583/1 659/584/1 660/580/1
f 629/585/1 610/582/1 628/581/1
f 629/585/1 609/586/1 610/582/1
f 583/587/1 659/584/1 582/583/1
f 583/587/1 658/588/1 659/584/1
f 630/589/1 609/586/1 629/585/1
f 583/587/1 657/590/1 658/588/1
f 631/591/1 609/586/1 630/589/1
f 631/591/1 608/592/1 609/586/1
f 584/593/1 657/590/1 583/587/1
f 584/593/1 656/594/1 657/590/1
f 632/595/1 608/592/1 631/591/1
f 585/596/1 656/594/1 584/593/1
f 585/596/1 655/597/1 656/594/1
f 632/595/1 607/598/1 608/592/1
f 633/599/1 607/598/1 632/595/1
f 585/596/1 654/600/1 655/597/1
f 634/601/1 607/598/1 633/599/1
f 586/602/1 654/600/1 585/596/1
f 634/601/1 606/603/1 607/598/1
f 586/602/1 653/604/1 654/600/1
f 635/605/1 606/603/1 634/601/1
f 586/602/1 652/606/1 653/604/1
f 587/607/1 652/606/1 586/602/1
f 636/608/1 606/603/1 635/605/1
f 636/608/1 605/609/1 606/603/1
f 587/607/1 651/610/1 652/606/1
f 637/611/1 605/609/1 636/608/1
f 588/612/1 651/610/1 587/607/1
f 637/611/1 604/613/1 605/609/1
f 588/612/1 650/614/1 651/610/1
f 638/615/1 604/613/1 637/611/1
f 588/612/1 649/616/1 650/614/1
f 639/617/1 604/613/1 638/615/1
f 589/618/1 649/616/1 588/612/1
f 639/617/1 603/619/1 604/613/1
f 589/618/1 648/620/1 649/616/1
f 640/621/1 603/619/1 639/617/1
f 589/618/1 647/622/1 648/620/1
f 641/623/1 603/619/1 640/621/1
f 589/618/1 646/624/1 647/622/1
f 642/625/1 603/619/1 641/623/1
f 590/626/1 646/624/1 589/618/1
f 642/625/1 602/627/1 603/619/1
f 590/626/1 645/628/1 646/624/1
f 643/629/1 602/627/1 642/625/1
f 590/626/1 644/630/1 645/628/1
f 644/630/1 602/627/1 643/629/1
f 590/626/1 602/627/1 644/630/1
f 591/631/1 602/627/1 590/626/1
f 591/631/1 601/632/1 602/627/1
f 592/633/1 601/632/1 591/631/1
f 592/633/1 600/634/1 601/632/1
f 593/635/1 600/634/1 592/633/1
f 593/635/1 599/636/1 600/634/1
f 594/637/1 599/636/1 593/635/1
f 594/637/1 598/638/1 599/636/1
f 595/639/1 598/638/1 594/637/1
f 595/639/1 597/640/1 598/638/1
f 596/641/1 597/640/1 595/639/1
f 669/642/1 725/48/1 668/63/1
f 669/642/1 724/643/1 725/48/1
f 669/642/1 723/644/1 724/643/1
f 670/645/1 723/644/1 669/642/1
f 671/557/3 723/644/3 670/645/3
f 672/646/1 722/574/1 671/557/1
f 722/574/3 723/644/3 671/557/3
f 672/646/1 721/647/1 722/574/1
f 672/646/1 720/648/1 721/647/1
f 673/649/1 720/648/1 672/646/1
f 673/649/1 719/590/1 720/648/1
f 673/649/1 718/650/1 719/590/1
f 674/583/1 718/650/1 673/649/1
f 674/583/1 717/651/1 718/650/1
f 698/565/1 696/652/1 697/653/1
f 699/654/1 696/652/1 698/565/1
f 674/583/1 716/606/1 717/651/1
f 700/655/1 696/652/1 699/654/1
f 675/656/1 716/606/1 674/583/1
f 675/656/1 715/657/1 716/606/1
f 701/579/1 696/652/1 700/655/1
f 702/658/1 696/652/1 701/579/1
f 675/656/1 714/659/1 715/657/1
f 703/660/1 696/652/1 702/658/1
f 675/656/1 713/622/1 714/659/1
f 704/595/1 696/652/1 703/660/1
f 675/656/1 712/661/1 713/622/1
f 705/662/1 696/652/1 704/595/1
f 676/663/1 712/661/1 675/656/1
f 706/664/1 696/652/1 705/662/1
f 676/663/1 711/665/1 712/661/1
f 707/611/1 696/652/1 706/664/1
f 676/663/1 710/625/1 711/665/1
f 708/666/1 696/652/1 707/611/1
f 676/663/1 709/667/1 710/625/1
f 709/667/1 696/652/1 708/666/1
f 676/663/1 696/652/1 709/667/1
f 677/607/1 696/652/1 676/663/1
f 678/668/1 696/652/1 677/607/1
f 679/669/1 696/652/1 678/668/1
f 679/669/1 695/552/1 696/652/1
f 680/633/1 695/552/1 679/669/1
f 680/633/1 694/670/1 695/552/1
f 680/633/1 693/671/1 694/670/1
f 681/672/1 693/671/1 680/633/1
f 681/672/1 692/568/1 693/671/1
f 681/672/1 691/673/1 692/568/1
f 681/672/1 690/674/1 691/673/1
f 682/675/1 690/674/1 681/672/1
f 682/675/1 689/598/1 690/674/1
f 682/675/1 688/676/1 689/598/1
f 683/640/1 688/676/1 682/675/1
f 683/640/1 687/677/1 688/676/1
f 683/640/1 686/627/1 687/677/1
f 684/678/1 686/627/1 683/640/1
f 684/678/2 685/679/2 686/627/2
f 728/680/1 726/63/1 727/681/1
f 728/680/1 782/48/1 726/63/1
f 770/37/1 768/682/1 769/683/1
f 771/684/1 768/682/1 770/37/1
f 771/684/1 767/685/1 768/682/1
f 772/686/1 767/685/1 771/684/1
f 773/687/1 767/685/1 772/686/1
f 773/687/1 766/87/1 767/685/1
f 774/19/1 766/87/1 773/687/1
f 774/19/1 765/688/1 766/87/1
f 775/689/1 765/688/1 774/19/1
f 776/690/1 765/688/1 775/689/1
f 776/690/1 764/691/1 765/688/1
f 777/692/1 764/691/1 776/690/1
f 778/28/1 764/691/1 777/692/1
f 778/28/1 763/693/1 764/691/1
f 779/694/1 763/693/1 778/28/1
f 779/694/1 762/97/1 763/693/1
f 780/695/1 762/97/1 779/694/1
f 781/696/1 762/97/1 780/695/1
f 781/696/1 742/34/1 762/97/1
f 742/34/1 761/697/1 762/97/1
f 728/680/1 781/696/1 782/48/1
f 728/680/1 730/74/1 781/696/1
f 730/74/1 731/698/1 781/696/1
f 731/698/1 732/699/1 781/696/1
f 732/699/1 733/700/1 781/696/1
f 733/700/1 734/77/1 781/696/1
f 734/77/1 735/701/1 781/696/1
f 735/701/1 736/702/1 781/696/1
f 736/702/1 737/703/1 781/696/1
f 737/703/1 738/56/1 781/696/1
f 738/56/1 739/704/1 781/696/1
f 739/704/1 740/705/1 781/696/1
f 740/705/1 741/706/1 781/696/1
f 741/706/1 742/34/1 781/696/1
f 743/707/1 761/697/1 742/34/1
f 744/708/1 761/697/1 743/707/1
f 745/709/1 761/697/1 744/708/1
f 746/4/1 761/697/1 745/709/1
f 746/4/1 760/710/1 761/697/1
f 747/711/1 760/710/1 746/4/1
f 748/712/1 760/710/1 747/711/1
f 749/713/1 760/710/1 748/712/1
f 749/713/1 759/714/1 760/710/1
f 750/11/1 759/714/1 749/713/1
f 751/715/1 759/714/1 750/11/1
f 751/715/1 758/83/1 759/714/1
f 752/716/1 758/83/1 751/715/1
f 728/680/1 729/717/1 730/74/1
f 753/718/1 758/83/1 752/716/1
f 753/718/1 757/719/1 758/83/1
f 754/49/1 757/719/1 753/718/1
f 755/720/1 757/719/1 754/49/1
f 755/720/1 756/721/1 757/719/1
f 796/722/1 794/723/1 795/724/1
f 796/722/1 793/725/1 794/723/1
f 797/583/1 793/725/1 796/722/1
f 797/583/1 792/726/1 793/725/1
f 797/583/1 791/727/1 792/726/1
f 798/728/1 791/727/1 797/583/1
f 798/728/1 790/557/1 791/727/1
f 798/728/1 789/729/1 790/557/1
f 799/730/1 789/729/1 798/728/1
f 799/730/1 788/731/1 789/729/1
f 799/730/1 787/732/1 788/731/1
f 800/733/1 787/732/1 799/730/1
f 800/733/1 786/734/1 787/732/1
f 800/733/1 785/735/1 786/734/1
f 801/736/1 785/735/1 800/733/1
f 801/736/1 784/737/1 785/735/1
f 801/736/1 783/63/1 784/737/1
f 802/77/1 783/63/1 801/736/1
f 802/77/1 908/738/1 783/63/1
f 908/738/1 909/574/1 783/63/1
f 909/574/1 910/739/1 783/63/1
f 910/739/1 911/740/1 783/63/1
f 911/740/1 912/741/1 783/63/1
f 912/741/1 913/742/1 783/63/1
f 913/742/1 914/743/1 783/63/1
f 914/743/1 915/744/1 783/63/1
f 915/744/1 916/48/1 783/63/1
f 803/745/1 906/746/1 802/77/1
f 906/746/1 907/747/1 802/77/1
f 907/747/2 908/738/2 802/77/2
f 804/607/1 905/748/1 803/745/1
f 905/748/2 906/746/2 803/745/2
f 805/749/1 903/750/1 804/607/1
f 903/750/1 904/751/1 804/607/1
f 904/751/2 905/748/2 804/607/2
f 805/749/1 902/590/1 903/750/1
f 805/749/1 901/752/1 902/590/1
f 805/749/1 900/753/1 901/752/1
f 805/749/1 899/754/1 900/753/1
f 805/749/1 898/755/1 899/754/1
f 806/756/1 898/755/1 805/749/1
f 806/756/1 897/19/1 898/755/1
f 806/756/1 896/757/1 897/19/1
f 806/756/1 895/606/1 896/757/1
f 806/756/1 894/758/1 895/606/1
f 807/759/1 894/758/1 806/756/1
f 807/759/1 893/760/1 894/758/1
f 807/759/1 892/761/1 893/760/1
f 807/759/1 891/762/1 892/761/1
f 808/763/1 891/762/1 807/759/1
f 808/763/1 890/764/1 891/762/1
f 808/763/1 889/765/1 890/764/1
f 808/763/1 888/622/1 889/765/1
f 808/763/1 887/766/1 888/622/1
f 808/763/1 886/767/1 887/766/1
f 809/768/1 886/767/1 808/763/1
f 809/768/1 885/769/1 886/767/1
f 809/768/1 884/770/1 885/769/1
f 809/768/1 883/771/1 884/770/1
f 810/772/1 883/771/1 809/768/1
f 810/772/1 882/773/1 883/771/1
f 810/772/1 881/625/1 882/773/1
f 810/772/1 880/774/1 881/625/1
f 811/633/1 880/774/1 810/772/1
f 811/633/1 879/775/1 880/774/1
f 812/776/1 879/775/1 811/633/1
f 812/776/1 878/87/1 879/775/1
f 812/776/1 877/777/1 878/87/1
f 813/778/1 877/777/1 812/776/1
f 813/778/1 876/779/1 877/777/1
f 814/780/1 876/779/1 813/778/1
f 814/780/1 875/781/1 876/779/1
f 814/780/1 874/611/1 875/781/1
f 815/782/1 874/611/1 814/780/1
f 815/782/1 873/783/1 874/611/1
f 816/784/1 873/783/1 815/782/1
f 816/784/1 872/785/1 873/783/1
f 816/784/1 871/786/1 872/785/1
f 817/787/1 871/786/1 816/784/1
f 817/787/1 870/788/1 871/786/1
f 818/640/1 870/788/1 817/787/1
f 818/640/1 869/789/1 870/788/1
f 819/790/1 869/789/1 818/640/1
f 819/790/1 868/791/1 869/789/1
f 844/792/1 842/793/1 843/794/1
f 819/790/1 867/595/1 868/791/1
f 820/795/1 867/595/1 819/790/1
f 844/792/1 841/796/1 842/793/1
f 821/34/1 867/595/1 820/795/1
f 844/792/1 840/11/1 841/796/1
f 822/797/1 867/595/1 821/34/1
f 822/797/1 866/798/1 867/595/1
f 844/792/1 839/568/1 840/11/1
f 823/799/1 866/798/1 822/797/1
f 844/792/1 838/800/1 839/568/1
f 824/801/1 866/798/1 823/799/1
f 844/792/1 837/802/1 838/800/1
f 825/627/1 866/798/1 824/801/1
f 825/627/1 865/803/1 866/798/1
f 844/792/1 836/804/1 837/802/1
f 826/805/1 865/803/1 825/627/1
f 827/806/1 865/803/1 826/805/1
f 844/792/1 835/807/1 836/804/1
f 828/808/1 865/803/1 827/806/1
f 844/792/1 834/809/1 835/807/1
f 829/810/1 865/803/1 828/808/1
f 844/792/1 833/811/1 834/809/1
f 830/812/1 865/803/1 829/810/1
f 844/792/1 832/598/1 833/811/1
f 831/813/1 865/803/1 830/812/1
f 844/792/1 831/813/1 832/598/1
f 831/813/1 864/814/1 865/803/1
f 844/792/1 864/814/1 831/813/1
f 844/792/1 863/815/1 864/814/1
f 844/792/1 862/816/1 863/815/1
f 845/817/1 862/816/1 844/792/1
f 845/817/1 861/818/1 862/816/1
f 846/552/1 861/818/1 845/817/1
f 847/819/1 861/818/1 846/552/1
f 847/819/1 860/579/1 861/818/1
f 848/820/1 860/579/1 847/819/1
f 849/821/1 860/579/1 848/820/1
f 849/821/1 859/83/1 860/579/1
f 850/822/1 859/83/1 849/821/1
f 850/822/1 858/823/1 859/83/1
f 851/824/1 858/823/1 850/822/1
f 852/825/1 858/823/1 851/824/1
f 852/825/1 857/826/1 858/823/1
f 853/565/1 857/826/1 852/825/1
f 854/827/1 857/826/1 853/565/1
f 854/827/1 856/828/1 857/826/1
f 855/829/1 856/828/1 854/827/1
f 947/379/1 945/830/1 946/831/1
f 947/379/1 944/832/1 945/830/1
f 920/833/1 918/834/1 919/835/1
f 920/833/1 917/63/1 918/834/1
f 948/836/1 944/832/1 947/379/1
f 948/836/1 943/837/1 944/832/1
f 948/836/1 942/372/1 943/837/1
f 949/838/1 942/372/1 948/836/1
f 949/838/1 941/839/1 942/372/1
f 921/840/1 917/63/1 920/833/1
f 949/838/1 940/841/1 941/839/1
f 922/433/1 917/63/1 921/840/1
f 950/585/1 940/841/1 949/838/1
f 950/585/1 939/582/1 940/841/1
f 923/842/1 917/63/1 922/433/1
f 924/843/1 917/63/1 923/842/1
f 950/585/1 938/844/1 939/582/1
f 951/845/1 938/844/1 950/585/1
f 925/846/1 917/63/1 924/843/1
f 951/845/1 937/380/1 938/844/1
f 926/847/1 971/848/1 925/846/1
f 971/848/1 917/63/1 925/846/1
f 951/845/1 936/849/1 937/380/1
f 927/426/1 971/848/1 926/847/1
f 951/845/1 935/850/1 936/849/1
f 928/631/1 971/848/1 927/426/1
f 952/388/1 935/850/1 951/845/1
f 929/851/1 971/848/1 928/631/1
f 952/388/1 934/852/1 935/850/1
f 930/853/1 971/848/1 929/851/1
f 952/388/1 933/854/1 934/852/1
f 931/855/1 971/848/1 930/853/1
f 952/388/1 932/399/1 933/854/1
f 932/399/1 971/848/1 931/855/1
f 952/388/1 971/848/1 932/399/1
f 952/388/1 970/856/1 971/848/1
f 972/48/1 917/63/1 971/848/1
f 953/857/1 970/856/1 952/388/1
f 953/857/1 969/858/1 970/856/1
f 953/857/1 968/859/1 969/858/1
f 954/860/1 968/859/1 953/857/1
f 954/860/1 967/416/1 968/859/1
f 955/861/1 967/416/1 954/860/1
f 955/861/1 966/862/1 967/416/1
f 955/861/1 965/863/1 966/862/1
f 956/864/1 965/863/1 955/861/1
f 956/864/1 964/865/1 965/863/1
f 956/864/1 963/866/1 964/865/1
f 957/397/1 963/866/1 956/864/1
f 957/397/1 962/411/1 963/866/1
f 958/867/1 962/411/1 957/397/1
f 958/867/1 961/620/1 962/411/1
f 958/867/1 960/868/1 961/620/1
f 959/869/1 960/868/1 958/867/1
f 974/834/1 1002/831/1 973/63/1
f 1002/831/1 1001/830/1 973/63/1
f 1002/831/1 1000/832/1 1001/830/1
f 1002/831/1 999/837/1 1000/832/1
f 1002/831/1 998/372/1 999/837/1
f 1002/831/1 997/839/1 998/372/1
f 1002/831/1 996/841/1 997/839/1
f 1002/831/1 995/582/1 996/841/1
f 1002/831/1 994/844/1 995/582/1
f 1002/831/1 1003/379/1 994/844/1
f 1003/379/1 993/380/1 994/844/1
f 974/834/1 1028/48/1 1002/831/1
f 1004/836/1 993/380/1 1003/379/1
f 1005/838/1 993/380/1 1004/836/1
f 1006/585/1 993/380/1 1005/838/1
f 1006/585/1 992/849/1 993/380/1
f 1007/845/1 992/849/1 1006/585/1
f 1008/388/1 992/849/1 1007/845/1
f 1009/857/1 992/849/1 1008/388/1
f 1009/857/1 991/850/1 992/849/1
f 1010/860/1 991/850/1 1009/857/1
f 1011/861/1 991/850/1 1010/860/1
f 1012/864/1 991/850/1 1011/861/1
f 1012/864/1 990/852/1 991/850/1
f 1013/397/1 990/852/1 1012/864/1
f 1014/867/1 990/852/1 1013/397/1
f 1014/867/1 989/854/1 990/852/1
f 1015/869/1 989/854/1 1014/867/1
f 1016/868/1 989/854/1 1015/869/1
f 1016/868/1 988/399/1 989/854/1
f 1017/620/1 988/399/1 1016/868/1
f 1017/620/1 987/855/1 988/399/1
f 1018/411/1 987/855/1 1017/620/1
f 1019/866/1 987/855/1 1018/411/1
f 1019/866/1 986/853/1 987/855/1
f 1020/865/1 986/853/1 1019/866/1
f 1021/863/1 986/853/1 1020/865/1
f 1021/863/1 985/851/1 986/853/1
f 1022/862/1 985/851/1 1021/863/1
f 1023/416/1 985/851/1 1022/862/1
f 1024/859/1 985/851/1 1023/416/1
f 1025/858/1 985/851/1 1024/859/1
f 1025/858/1 984/631/1 985/851/1
f 1026/856/1 984/631/1 1025/858/1
f 1027/848/1 984/631/1 1026/856/1
f 974/834/1 976/833/1 1028/48/1
f 976/833/1 1027/848/1 1028/48/1
f 976/833/1 984/631/1 1027/848/1
f 976/833/1 983/426/1 984/631/1
f 976/833/1 982/847/1 983/426/1
f 976/833/1 981/846/1 982/847/1
f 976/833/1 980/843/1 981/846/1
f 976/833/1 979/842/1 980/843/1
f 976/833/1 978/433/1 979/842/1
f 976/833/1 977/840/1 978/433/1
f 974/834/1 975/835/1 976/833/1
f 1070/870/2 1068/871/2 1069/872/2
f 1070/870/1 1067/873/1 1068/871/1
f 1071/874/1 1067/873/1 1070/870/1
f 1071/874/1 1066/875/1 1067/873/1
f 1072/876/1 1066/875/1 1071/874/1
f 1072/876/1 1065/664/1 1066/875/1
f 1072/876/1 1064/877/1 1065/664/1
f 1073/878/1 1064/877/1 1072/876/1
f 1073/878/1 1063/879/1 1064/877/1
f 1030/880/1 1083/48/1 1029/63/1
f 1030/880/1 1082/881/1 1083/48/1
f 1074/882/1 1063/879/1 1073/878/1
f 1074/882/1 1062/883/1 1063/879/1
f 1074/882/1 1061/884/1 1062/883/1
f 1075/885/1 1061/884/1 1074/882/1
f 1075/885/1 1060/886/1 1061/884/1
f 1076/887/1 1060/886/1 1075/885/1
f 1076/887/1 1059/888/1 1060/886/1
f 1076/887/1 1058/889/1 1059/888/1
f 1077/890/1 1058/889/1 1076/887/1
f 1077/890/1 1057/891/1 1058/889/1
f 1078/892/1 1057/891/1 1077/890/1
f 1078/892/1 1047/677/1 1057/891/1
f 1047/677/1 1048/893/1 1057/891/1
f 1048/893/1 1049/894/1 1057/891/1
f 1049/894/1 1050/895/1 1057/891/1
f 1050/895/1 1051/896/1 1057/891/1
f 1051/896/1 1052/897/1 1057/891/1
f 1052/897/1 1053/898/1 1057/891/1
f 1053/898/1 1054/899/1 1057/891/1
f 1054/899/1 1055/900/1 1057/891/1
f 1055/900/1 1056/49/1 1057/891/1
f 1079/901/1 1045/902/1 1078/892/1
f 1045/902/1 1046/903/1 1078/892/1
f 1046/903/1 1047/677/1 1078/892/1
f 1080/904/1 1043/905/1 1079/901/1
f 1043/905/1 1044/906/1 1079/901/1
f 1044/906/2 1045/902/2 1079/901/2
f 1080/904/1 1042/907/1 1043/905/1
f 1080/904/1 1041/908/1 1042/907/1
f 1081/909/1 1041/908/1 1080/904/1
f 1081/909/1 1040/910/1 1041/908/1
f 1081/909/1 1039/911/1 1040/910/1
f 1030/880/1 1081/909/1 1082/881/1
f 1030/880/1 1035/912/1 1081/909/1
f 1035/912/1 1036/913/1 1081/909/1
f 1036/913/1 1037/914/1 1081/909/1
f 1037/914/1 1038/915/1 1081/909/1
f 1038/915/1 1039/911/1 1081/909/1
f 1030/880/1 1034/916/1 1035/912/1
f 1030/880/1 1033/917/1 1034/916/1
f 1030/880/1 1032/918/1 1033/917/1
f 1030/880/1 1031/919/1 1032/918/1
f 1122/196/1 1120/197/1 1121/198/1
f 1123/199/1 1120/197/1 1122/196/1
f 1123/199/1 1119/200/1 1120/197/1
f 1124/201/1 1119/200/1 1123/199/1
f 1125/202/1 1119/200/1 1124/201/1
f 1125/202/1 1118/203/1 1119/200/1
f 1126/204/1 1118/203/1 1125/202/1
f 1126/204/1 1117/205/1 1118/203/1
f 1127/206/1 1117/205/1 1126/204/1
f 1128/207/1 1117/205/1 1127/206/1
f 1128/207/1 1116/208/1 1117/205/1
f 1129/209/1 1116/208/1 1128/207/1
f 1129/209/1 1115/210/1 1116/208/1
f 1130/211/1 1115/210/1 1129/209/1
f 1131/212/1 1115/210/1 1130/211/1
f 1131/212/1 1114/213/1 1115/210/1
f 1132/214/1 1114/213/1 1131/212/1
f 1132/214/1 1113/215/1 1114/213/1
f 1133/216/1 1113/215/1 1132/214/1
f 1134/217/1 1135/218/1 1133/216/1
f 1135/218/1 1136/219/1 1133/216/1
f 1136/219/1 1137/220/1 1133/216/1
f 1137/220/1 1138/221/1 1133/216/1
f 1138/221/1 1139/222/1 1133/216/1
f 1139/222/1 1140/223/1 1133/216/1
f 1140/223/1 1141/224/1 1133/216/1
f 1141/224/1 1142/225/1 1133/216/1
f 1142/225/1 1143/226/1 1133/216/1
f 1143/226/1 1144/227/1 1133/216/1
f 1144/227/1 1113/215/1 1133/216/1
f 1144/227/1 1145/228/1 1113/215/1
f 1145/228/1 1146/229/1 1113/215/1
f 1146/229/1 1112/230/1 1113/215/1
f 1146/229/1 1147/231/1 1112/230/1
f 1147/231/1 1111/232/1 1112/230/1
f 1148/233/2 1111/232/2 1147/231/2
f 1149/234/1 1111/232/1 1148/233/1
f 1150/235/1 1111/232/1 1149/234/1
f 1151/236/1 1111/232/1 1150/235/1
f 1152/237/1 1111/232/1 1151/236/1
f 1152/237/1 1110/238/1 1111/232/1
f 1153/239/1 1110/238/1 1152/237/1
f 1154/240/1 1110/238/1 1153/239/1
f 1155/241/1 1110/238/1 1154/240/1
f 1155/241/1 1109/242/1 1110/238/1
f 1156/243/1 1109/242/1 1155/241/1
f 1157/244/1 1109/242/1 1156/243/1
f 1157/244/1 1108/245/1 1109/242/1
f 1158/246/1 1108/245/1 1157/244/1
f 1159/247/1 1108/245/1 1158/246/1
f 1160/248/1 1257/48/1 1159/247/1
f 1257/48/1 1108/245/1 1159/247/1
f 1161/249/1 1257/48/1 1160/248/1
f 1162/250/1 1257/48/1 1161/249/1
f 1163/251/1 1257/48/1 1162/250/1
f 1164/252/1 1257/48/1 1163/251/1
f 1164/252/1 1256/253/1 1257/48/1
f 1221/254/1 1108/245/1 1257/48/1
f 1164/252/1 1255/255/1 1256/253/1
f 1165/256/1 1255/255/1 1164/252/1
f 1165/256/1 1254/257/1 1255/255/1
f 1166/258/1 1254/257/1 1165/256/1
f 1166/258/1 1253/259/1 1254/257/1
f 1167/260/1 1253/259/1 1166/258/1
f 1167/260/1 1252/261/1 1253/259/1
f 1167/260/1 1251/262/1 1252/261/1
f 1168/263/1 1251/262/1 1167/260/1
f 1168/263/1 1250/264/1 1251/262/1
f 1169/265/1 1250/264/1 1168/263/1
f 1169/265/1 1249/266/1 1250/264/1
f 1169/265/1 1248/267/1 1249/266/1
f 1170/268/1 1248/267/1 1169/265/1
f 1170/268/1 1247/269/1 1248/267/1
f 1170/268/1 1246/270/1 1247/269/1
f 1171/271/1 1246/270/1 1170/268/1
f 1171/271/1 1245/272/1 1246/270/1
f 1172/273/1 1245/272/1 1171/271/1
f 1172/273/1 1244/274/1 1245/272/1
f 1172/273/1 1243/275/1 1244/274/1
f 1173/276/1 1243/275/1 1172/273/1
f 1173/276/1 1242/277/1 1243/275/1
f 1173/276/1 1241/278/1 1242/277/1
f 1222/279/1 1108/245/1 1221/254/1
f 1174/280/1 1241/278/1 1173/276/1
f 1223/281/1 1108/245/1 1222/279/1
f 1174/280/1 1240/282/1 1241/278/1
f 1224/283/1 1108/245/1 1223/281/1
f 1085/284/1 1220/285/1 1084/63/1
f 1224/283/1 1107/286/1 1108/245/1
f 1174/280/1 1239/287/1 1240/282/1
f 1086/288/1 1220/285/1 1085/284/1
f 1225/289/1 1107/286/1 1224/283/1
f 1225/289/1 1106/290/1 1107/286/1
f 1087/291/1 1220/285/1 1086/288/1
f 1175/292/1 1239/287/1 1174/280/1
f 1175/292/1 1238/293/1 1239/287/1
f 1225/289/1 1105/294/1 1106/290/1
f 1226/295/1 1105/294/1 1225/289/1
f 1088/296/1 1220/285/1 1087/291/1
f 1226/295/1 1104/297/1 1105/294/1
f 1227/298/1 1104/297/1 1226/295/1
f 1089/299/1 1220/285/1 1088/296/1
f 1175/292/1 1237/300/1 1238/293/1
f 1227/298/1 1103/301/1 1104/297/1
f 1090/302/1 1220/285/1 1089/299/1
f 1228/303/1 1103/301/1 1227/298/1
f 1228/303/1 1102/304/1 1103/301/1
f 1091/305/1 1220/285/1 1090/302/1
f 1175/292/1 1236/306/1 1237/300/1
f 1228/303/1 1101/307/1 1102/304/1
f 1229/308/1 1101/307/1 1228/303/1
f 1092/309/1 1220/285/1 1091/305/1
f 1229/308/1 1100/310/1 1101/307/1
f 1176/311/1 1236/306/1 1175/292/1
f 1093/312/1 1220/285/1 1092/309/1
f 1176/311/1 1235/313/1 1236/306/1
f 1230/314/1 1100/310/1 1229/308/1
f 1230/314/1 1099/315/1 1100/310/1
f 1094/316/1 1220/285/1 1093/312/1
f 1230/314/1 1098/317/1 1099/315/1
f 1095/318/1 1220/285/1 1094/316/1
f 1231/319/1 1098/317/1 1230/314/1
f 1231/319/1 1097/320/1 1098/317/1
f 1096/321/1 1220/285/1 1095/318/1
f 1231/319/1 1096/321/1 1097/320/1
f 1176/311/1 1234/322/1 1235/313/1
f 1231/319/1 1220/285/1 1096/321/1
f 1232/323/1 1220/285/1 1231/319/1
f 1176/311/1 1233/324/1 1234/322/1
f 1233/324/1 1220/285/1 1232/323/1
f 1176/311/1 1196/325/1 1233/324/1
f 1196/325/1 1220/285/1 1233/324/1
f 1177/326/1 1196/325/1 1176/311/1
f 1177/326/1 1195/327/1 1196/325/1
f 1197/328/1 1220/285/1 1196/325/1
f 1178/329/1 1195/327/1 1177/326/1
f 1178/329/1 1194/330/1 1195/327/1
f 1198/331/1 1220/285/1 1197/328/1
f 1198/331/1 1219/332/1 1220/285/1
f 1179/333/1 1194/330/1 1178/329/1
f 1179/333/1 1193/334/1 1194/330/1
f 1199/335/1 1219/332/1 1198/331/1
f 1199/335/1 1218/336/1 1219/332/1
f 1179/333/1 1192/337/1 1193/334/1
f 1200/338/1 1218/336/1 1199/335/1
f 1180/339/1 1192/337/1 1179/333/1
f 1200/338/1 1217/340/1 1218/336/1
f 1180/339/1 1191/341/1 1192/337/1
f 1201/342/1 1217/340/1 1200/338/1
f 1201/342/1 1216/343/1 1217/340/1
f 1181/344/1 1191/341/1 1180/339/1
f 1181/344/1 1190/345/1 1191/341/1
f 1202/346/1 1216/343/1 1201/342/1
f 1202/346/1 1215/347/1 1216/343/1
f 1181/344/1 1189/348/1 1190/345/1
f 1203/349/1 1215/347/1 1202/346/1
f 1203/349/1 1214/350/1 1215/347/1
f 1182/351/1 1189/348/1 1181/344/1
f 1182/351/1 1188/352/1 1189/348/1
f 1204/353/1 1214/350/1 1203/349/1
f 1204/353/1 1213/354/1 1214/350/1
f 1182/351/1 1187/355/1 1188/352/1
f 1204/353/1 1212/356/1 1213/354/1
f 1205/357/1 1212/356/1 1204/353/1
f 1183/358/1 1187/355/1 1182/351/1
f 1205/357/1 1211/359/1 1212/356/1
f 1183/358/1 1186/360/1 1187/355/1
f 1206/361/1 1211/359/1 1205/357/1
f 1206/361/1 1210/362/1 1211/359/1
f 1183/358/1 1185/363/1 1186/360/1
f 1207/364/1 1210/362/1 1206/361/1
f 1184/365/1 1185/363/1 1183/358/1
f 1207/364/1 1209/366/1 1210/362/1
f 1208/367/1 1209/366/1 1207/364/1
f 1296/1/1 1294/2/1 1295/3/1
f 1296/1/1 1293/4/1 1294/2/1
f 1297/5/1 1293/4/1 1296/1/1
f 1297/5/1 1292/6/1 1293/4/1
f 1298/7/1 1292/6/1 1297/5/1
f 1298/7/1 1291/8/1 1292/6/1
f 1299/9/1 1291/8/1 1298/7/1
f 1299/9/1 1290/10/1 1291/8/1
f 1300/11/1 1290/10/1 1299/9/1
f 1300/11/1 1289/12/1 1290/10/1
f 1301/13/1 1289/12/1 1300/11/1
f 1301/13/1 1288/14/1 1289/12/1
f 1302/15/1 1344/16/1 1301/13/1
f 1344/16/1 1288/14/1 1301/13/1
f 1302/15/2 1343/17/2 1344/16/2
f 1345/18/2 1288/14/2 1344/16/2
f 1302/15/1 1342/19/1 1343/17/1
f 1346/20/1 1288/14/1 1345/18/1
f 1302/15/1 1341/21/1 1342/19/1
f 1347/22/1 1288/14/1 1346/20/1
f 1347/22/1 1287/23/1 1288/14/1
f 1302/15/1 1340/24/1 1341/21/1
f 1303/25/1 1340/24/1 1302/15/1
f 1348/26/1 1287/23/1 1347/22/1
f 1303/25/1 1339/27/1 1340/24/1
f 1349/28/1 1287/23/1 1348/26/1
f 1303/25/1 1338/29/1 1339/27/1
f 1350/30/1 1287/23/1 1349/28/1
f 1303/25/1 1337/31/1 1338/29/1
f 1351/32/1 1287/23/1 1350/30/1
f 1304/33/1 1337/31/1 1303/25/1
f 1351/32/1 1286/34/1 1287/23/1
f 1304/33/1 1336/35/1 1337/31/1
f 1352/36/1 1286/34/1 1351/32/1
f 1304/33/1 1335/37/1 1336/35/1
f 1353/38/1 1286/34/1 1352/36/1
f 1305/39/1 1335/37/1 1304/33/1
f 1353/38/1 1285/40/1 1286/34/1
f 1305/39/1 1334/41/1 1335/37/1
f 1354/42/1 1285/40/1 1353/38/1
f 1305/39/1 1333/43/1 1334/41/1
f 1355/44/1 1285/40/1 1354/42/1
f 1306/45/1 1333/43/1 1305/39/1
f 1306/45/1 1332/46/1 1333/43/1
f 1355/44/1 1284/47/1 1285/40/1
f 1356/48/1 1284/47/1 1355/44/1
f 1306/45/1 1356/48/1 1332/46/1
f 1306/45/1 1284/47/1 1356/48/1
f 1307/49/1 1284/47/1 1306/45/1
f 1307/49/1 1283/50/1 1284/47/1
f 1308/51/1 1282/52/1 1307/49/1
f 1282/52/1 1283/50/1 1307/49/1
f 1308/51/1 1281/53/1 1282/52/1
f 1309/54/1 1281/53/1 1308/51/1
f 1309/54/1 1280/55/1 1281/53/1
f 1309/54/1 1279/56/1 1280/55/1
f 1310/57/1 1279/56/1 1309/54/1
f 1310/57/1 1278/58/1 1279/56/1
f 1311/59/1 1278/58/1 1310/57/1
f 1311/59/1 1277/60/1 1278/58/1
f 1259/61/1 1331/62/1 1258/63/1
f 1311/59/1 1276/64/1 1277/60/1
f 1260/65/1 1331/62/1 1259/61/1
f 1261/66/1 1331/62/1 1260/65/1
f 1312/67/1 1276/64/1 1311/59/1
f 1312/67/1 1275/68/1 1276/64/1
f 1262/69/1 1331/62/1 1261/66/1
f 1263/70/1 1331/62/1 1262/69/1
f 1312/67/1 1274/71/1 1275/68/1
f 1264/72/1 1331/62/1 1263/70/1
f 1312/67/1 1273/73/1 1274/71/1
f 1265/74/1 1331/62/1 1264/72/1
f 1313/75/1 1273/73/1 1312/67/1
f 1266/76/1 1331/62/1 1265/74/1
f 1313/75/1 1272/77/1 1273/73/1
f 1267/78/1 1331/62/1 1266/76/1
f 1313/75/1 1271/79/1 1272/77/1
f 1268/80/1 1331/62/1 1267/78/1
f 1269/81/1 1331/62/1 1268/80/1
f 1313/75/1 1270/82/1 1271/79/1
f 1270/82/1 1331/62/1 1269/81/1
f 1313/75/1 1331/62/1 1270/82/1
f 1314/83/1 1331/62/1 1313/75/1
f 1314/83/1 1330/84/1 1331/62/1
f 1315/85/1 1330/84/1 1314/83/1
f 1315/85/1 1329/86/1 1330/84/1
f 1315/85/1 1328/87/1 1329/86/1
f 1316/88/1 1328/87/1 1315/85/1
f 1316/88/1 1327/89/1 1328/87/1
f 1316/88/1 1326/90/1 1327/89/1
f 1317/91/1 1326/90/1 1316/88/1
f 1317/91/1 1325/92/1 1326/90/1
f 1317/91/1 1324/93/1 1325/92/1
f 1318/94/1 1324/93/1 1317/91/1
f 1318/94/1 1323/95/1 1324/93/1
f 1318/94/1 1322/96/1 1323/95/1
f 1318/94/1 1321/97/1 1322/96/1
f 1319/98/1 1321/97/1 1318/94/1
f 1319/98/1 1320/99/1 1321/97/1
f 1359/664/1 1357/63/1 1358/677/1
f 1359/664/1 1360/48/1 1357/63/1
f 1374/100/1 1372/101/1 1373/102/1
f 1374/100/1 1371/103/1 1372/101/1
f 1374/100/1 1370/104/1 1371/103/1
f 1375/105/1 1370/104/1 1374/100/1
f 1375/105/1 1369/106/1 1370/104/1
f 1375/105/1 1368/107/1 1369/106/1
f 1375/105/1 1367/108/1 1368/107/1
f 1376/109/1 1367/108/1 1375/105/1
f 1376/109/1 1366/110/1 1367/108/1
f 1376/109/1 1365/111/1 1366/110/1
f 1376/109/1 1364/112/1 1365/111/1
f 1377/113/1 1364/112/1 1376/109/1
f 1377/113/1 1363/114/1 1364/112/1
f 1377/113/1 1362/115/1 1363/114/1
f 1377/113/1 1361/63/1 1362/115/1
f 1378/116/1 1361/63/1 1377/113/1
f 1378/116/1 1448/126/1 1361/63/1
f 1448/126/1 1449/127/1 1361/63/1
f 1449/127/1 1450/117/1 1361/63/1
f 1450/117/1 1451/118/1 1361/63/1
f 1451/118/1 1452/119/1 1361/63/1
f 1452/119/1 1453/120/1 1361/63/1
f 1453/120/1 1454/121/1 1361/63/1
f 1454/121/1 1455/122/1 1361/63/1
f 1455/122/1 1456/123/1 1361/63/1
f 1456/123/1 1457/124/1 1361/63/1
f 1457/124/1 1458/48/1 1361/63/1
f 1379/125/1 1446/129/1 1378/116/1
f 1446/129/1 1447/130/1 1378/116/1
f 1447/130/2 1448/126/2 1378/116/2
f 1379/125/1 1445/131/1 1446/129/1
f 1379/125/1 1444/132/1 1445/131/1
f 1379/125/1 1443/133/1 1444/132/1
f 1380/128/1 1443/133/1 1379/125/1
f 1380/128/1 1442/135/1 1443/133/1
f 1380/128/1 1441/136/1 1442/135/1
f 1381/134/1 1441/136/1 1380/128/1
f 1381/134/1 1440/137/1 1441/136/1
f 1381/134/1 1439/139/1 1440/137/1
f 1382/138/1 1439/139/1 1381/134/1
f 1382/138/1 1438/140/1 1439/139/1
f 1383/141/1 1438/140/1 1382/138/1
f 1383/141/1 1437/142/1 1438/140/1
f 1383/141/1 1436/143/1 1437/142/1
f 1384/144/1 1436/143/1 1383/141/1
f 1384/144/1 1435/145/1 1436/143/1
f 1385/146/1 1435/145/1 1384/144/1
f 1385/146/1 1434/147/1 1435/145/1
f 1385/146/1 1433/148/1 1434/147/1
f 1386/149/1 1433/148/1 1385/146/1
f 1386/149/1 1432/150/1 1433/148/1
f 1387/151/1 1432/150/1 1386/149/1
f 1387/151/1 1431/152/1 1432/150/1
f 1388/154/1 1431/152/1 1387/151/1
f 1388/154/1 1430/153/1 1431/152/1
f 1389/157/1 1430/153/1 1388/154/1
f 1389/157/1 1429/155/1 1430/153/1
f 1390/164/1 1429/155/1 1389/157/1
f 1390/164/1 1428/156/1 1429/155/1
f 1411/159/1 1409/160/1 1410/161/1
f 1390/164/1 1427/158/1 1428/156/1
f 1412/163/1 1409/160/1 1411/159/1
f 1391/178/1 1427/158/1 1390/164/1
f 1413/165/1 1409/160/1 1412/163/1
f 1391/178/1 1426/162/1 1427/158/1
f 1414/167/1 1409/160/1 1413/165/1
f 1415/168/1 1409/160/1 1414/167/1
f 1391/178/1 1425/166/1 1426/162/1
f 1416/169/1 1409/160/1 1415/168/1
f 1392/179/1 1425/166/1 1391/178/1
f 1417/171/1 1409/160/1 1416/169/1
f 1392/179/1 1424/170/1 1425/166/1
f 1418/172/1 1409/160/1 1417/171/1
f 1419/174/1 1409/160/1 1418/172/1
f 1392/179/1 1423/173/1 1424/170/1
f 1420/175/1 1409/160/1 1419/174/1
f 1421/177/1 1409/160/1 1420/175/1
f 1392/179/1 1422/176/1 1423/173/1
f 1422/176/1 1409/160/1 1421/177/1
f 1392/179/1 1409/160/1 1422/176/1
f 1393/180/1 1409/160/1 1392/179/1
f 1393/180/1 1408/182/1 1409/160/1
f 1394/181/1 1408/182/1 1393/180/1
f 1394/181/1 1407/183/1 1408/182/1
f 1394/181/1 1406/184/1 1407/183/1
f 1394/181/1 1405/186/1 1406/184/1
f 1395/185/1 1405/186/1 1394/181/1
f 1395/185/1 1404/187/1 1405/186/1
f 1395/185/1 1403/188/1 1404/187/1
f 1395/185/1 1402/189/1 1403/188/1
f 1396/190/1 1402/189/1 1395/185/1
f 1396/190/1 1401/191/1 1402/189/1
f 1396/190/1 1400/192/1 1401/191/1
f 1396/190/1 1399/193/1 1400/192/1
f 1397/194/1 1399/193/1 1396/190/1
f 1397/194/1 1398/195/1 1399/193/1
f 1497/1/1 1495/2/1 1496/3/1
f 1497/1/1 1494/4/1 1495/2/1
f 1498/5/1 1494/4/1 1497/1/1
f 1498/5/1 1493/6/1 1494/4/1
f 1499/7/1 1493/6/1 1498/5/1
f 1499/7/1 1492/8/1 1493/6/1
f 1500/9/1 1492/8/1 1499/7/1
f 1500/9/1 1491/10/1 1492/8/1
f 1501/11/1 1491/10/1 1500/9/1
f 1501/11/1 1490/12/1 1491/10/1
f 1502/13/1 1490/12/1 1501/11/1
f 1502/13/1 1489/14/1 1490/12/1
f 1503/15/1 1545/16/1 1502/13/1
f 1545/16/1 1489/14/1 1502/13/1
f 1503/15/2 1544/17/2 1545/16/2
f 1546/18/2 1489/14/2 1545/16/2
f 1503/15/1 1543/19/1 1544/17/1
f 1547/20/1 1489/14/1 1546/18/1
f 1503/15/1 1542/21/1 1543/19/1
f 1548/22/1 1489/14/1 1547/20/1
f 1548/22/1 1488/23/1 1489/14/1
f 1503/15/1 1541/24/1 1542/21/1
f 1504/25/1 1541/24/1 1503/15/1
f 1549/26/1 1488/23/1 1548/22/1
f 1504/25/1 1540/27/1 1541/24/1
f 1550/28/1 1488/23/1 1549/26/1
f 1504/25/1 1539/29/1 1540/27/1
f 1551/30/1 1488/23/1 1550/28/1
f 1504/25/1 1538/31/1 1539/29/1
f 1552/32/1 1488/23/1 1551/30/1
f 1505/33/1 1538/31/1 1504/25/1
f 1552/32/1 1487/34/1 1488/23/1
f 1505/33/1 1537/35/1 1538/31/1
f 1553/36/1 1487/34/1 1552/32/1
f 1505/33/1 1536/37/1 1537/35/1
f 1554/38/1 1487/34/1 1553/36/1
f 1506/39/1 1536/37/1 1505/33/1
f 1554/38/1 1486/40/1 1487/34/1
f 1506/39/1 1535/41/1 1536/37/1
f 1555/42/1 1486/40/1 1554/38/1
f 1506/39/1 1534/43/1 1535/41/1
f 1556/44/1 1486/40/1 1555/42/1
f 1507/45/1 1534/43/1 1506/39/1
f 1507/45/1 1533/46/1 1534/43/1
f 1556/44/1 1485/47/1 1486/40/1
f 1557/48/1 1485/47/1 1556/44/1
f 1507/45/1 1557/48/1 1533/46/1
f 1507/45/1 1485/47/1 1557/48/1
f 1508/49/1 1485/47/1 1507/45/1
f 1508/49/1 1484/50/1 1485/47/1
f 1509/51/1 1483/52/1 1508/49/1
f 1483/52/1 1484/50/1 1508/49/1
f 1509/51/1 1482/53/1 1483/52/1
f 1510/54/1 1482/53/1 1509/51/1
f 1510/54/1 1481/55/1 1482/53/1
f 1510/54/1 1480/56/1 1481/55/1
f 1511/57/1 1480/56/1 1510/54/1
f 1511/57/1 1479/58/1 1480/56/1
f 1512/59/1 1479/58/1 1511/57/1
f 1512/59/1 1478/60/1 1479/58/1
f 1460/61/1 1532/62/1 1459/63/1
f 1512/59/1 1477/64/1 1478/60/1
f 1461/65/1 1532/62/1 1460/61/1
f 1462/66/1 1532/62/1 1461/65/1
f 1513/67/1 1477/64/1 1512/59/1
f 1513/67/1 1476/68/1 1477/64/1
f 1463/69/1 1532/62/1 1462/66/1
f 1464/70/1 1532/62/1 1463/69/1
f 1513/67/1 1475/71/1 1476/68/1
f 1465/72/1 1532/62/1 1464/70/1
f 1513/67/1 1474/73/1 1475/71/1
f 1466/74/1 1532/62/1 1465/72/1
f 1514/75/1 1474/73/1 1513/67/1
f 1467/76/1 1532/62/1 1466/74/1
f 1514/75/1 1473/77/1 1474/73/1
f 1468/78/1 1532/62/1 1467/76/1
f 1514/75/1 1472/79/1 1473/77/1
f 1469/80/1 1532/62/1 1468/78/1
f 1470/81/1 1532/62/1 1469/80/1
f 1514/75/1 1471/82/1 1472/79/1
f 1471/82/1 1532/62/1 1470/81/1
f 1514/75/1 1532/62/1 1471/82/1
f 1515/83/1 1532/62/1 1514/75/1
f 1515/83/1 1531/84/1 1532/62/1
f 1516/85/1 1531/84/1 1515/83/1
f 1516/85/1 1530/86/1 1531/84/1
f 1516/85/1 1529/87/1 1530/86/1
f 1517/88/1 1529/87/1 1516/85/1
f 1517/88/1 1528/89/1 1529/87/1
f 1517/88/1 1527/90/1 1528/89/1
f 1518/91/1 1527/90/1 1517/88/1
f 1518/91/1 1526/92/1 1527/90/1
f 1518/91/1 1525/93/1 1526/92/1
f 1519/94/1 1525/93/1 1518/91/1
f 1519/94/1 1524/95/1 1525/93/1
f 1519/94/1 1523/96/1 1524/95/1
f 1519/94/1 1522/97/1 1523/96/1
f 1520/98/1 1522/97/1 1519/94/1
f 1520/98/1 1521/99/1 1522/97/1
f 1652/920/2 1650/921/2 1651/922/2
f 1628/923/1 1626/924/1 1627/925/1
f 1653/926/1 1650/921/1 1652/920/1
f 1653/926/1 1649/927/1 1650/921/1
f 1629/928/1 1626/924/1 1628/923/1
f 1629/928/1 1625/929/1 1626/924/1
f 1654/930/1 1649/927/1 1653/926/1
f 1654/930/1 1648/931/1 1649/927/1
f 1630/932/1 1625/929/1 1629/928/1
f 1655/933/1 1648/931/1 1654/930/1
f 1655/933/1 1647/934/1 1648/931/1
f 1630/932/1 1624/935/1 1625/929/1
f 1631/936/1 1624/935/1 1630/932/1
f 1656/937/1 1647/934/1 1655/933/1
f 1559/938/1 1664/48/1 1558/63/1
f 1559/938/1 1663/939/1 1664/48/1
f 1656/937/1 1646/940/1 1647/934/1
f 1632/941/1 1624/935/1 1631/936/1
f 1657/942/1 1646/940/1 1656/937/1
f 1632/941/1 1623/943/1 1624/935/1
f 1657/942/1 1645/944/1 1646/940/1
f 1658/945/1 1645/944/1 1657/942/1
f 1633/946/1 1623/943/1 1632/941/1
f 1658/945/1 1644/947/1 1645/944/1
f 1633/946/1 1622/948/1 1623/943/1
f 1659/949/1 1644/947/1 1658/945/1
f 1634/950/1 1622/948/1 1633/946/1
f 1659/949/1 1643/951/1 1644/947/1
f 1660/952/1 1643/951/1 1659/949/1
f 1635/953/1 1622/948/1 1634/950/1
f 1635/953/1 1621/954/1 1622/948/1
f 1660/952/1 1642/955/1 1643/951/1
f 1661/956/1 1642/955/1 1660/952/1
f 1636/957/1 1621/954/1 1635/953/1
f 1661/956/1 1641/958/1 1642/955/1
f 1662/959/1 1641/958/1 1661/956/1
f 1636/957/1 1620/960/1 1621/954/1
f 1637/961/1 1620/960/1 1636/957/1
f 1662/959/1 1640/962/1 1641/958/1
f 1663/939/1 1640/962/1 1662/959/1
f 1638/963/1 1620/960/1 1637/961/1
f 1638/963/1 1600/964/1 1620/960/1
f 1600/964/1 1619/965/1 1620/960/1
f 1559/938/1 1561/966/1 1663/939/1
f 1561/966/1 1562/967/1 1663/939/1
f 1562/967/1 1563/968/1 1663/939/1
f 1563/968/1 1564/969/1 1663/939/1
f 1564/969/1 1565/970/1 1663/939/1
f 1565/970/1 1566/971/1 1663/939/1
f 1566/971/1 1567/972/1 1663/939/1
f 1567/972/1 1568/973/1 1663/939/1
f 1568/973/1 1569/974/1 1663/939/1
f 1569/974/1 1570/975/1 1663/939/1
f 1570/975/1 1571/976/1 1663/939/1
f 1571/976/1 1572/977/1 1663/939/1
f 1572/977/1 1640/962/1 1663/939/1
f 1572/977/1 1573/978/1 1640/962/1
f 1573/978/1 1639/979/1 1640/962/1
f 1639/979/1 1599/980/1 1638/963/1
f 1599/980/1 1600/964/1 1638/963/1
f 1574/981/2 1639/979/2 1573/978/2
f 1601/982/1 1619/965/1 1600/964/1
f 1639/979/1 1598/983/1 1599/980/1
f 1575/984/1 1639/979/1 1574/981/1
f 1602/985/1 1619/965/1 1601/982/1
f 1639/979/1 1597/986/1 1598/983/1
f 1576/987/1 1639/979/1 1575/984/1
f 1603/988/1 1619/965/1 1602/985/1
f 1639/979/1 1596/989/1 1597/986/1
f 1577/990/1 1639/979/1 1576/987/1
f 1577/990/1 1596/989/1 1639/979/1
f 1604/991/1 1619/965/1 1603/988/1
f 1577/990/1 1595/992/1 1596/989/1
f 1604/991/1 1618/993/1 1619/965/1
f 1578/994/1 1595/992/1 1577/990/1
f 1578/994/1 1594/995/1 1595/992/1
f 1605/996/1 1618/993/1 1604/991/1
f 1578/994/1 1593/997/1 1594/995/1
f 1579/998/1 1593/997/1 1578/994/1
f 1606/999/1 1618/993/1 1605/996/1
f 1579/998/1 1592/1000/1 1593/997/1
f 1580/1001/1 1592/1000/1 1579/998/1
f 1607/1002/1 1618/993/1 1606/999/1
f 1580/1001/1 1591/1003/1 1592/1000/1
f 1607/1002/1 1617/1004/1 1618/993/1
f 1581/1005/1 1591/1003/1 1580/1001/1
f 1581/1005/1 1590/1006/1 1591/1003/1
f 1608/1007/1 1617/1004/1 1607/1002/1
f 1581/1005/1 1589/1008/1 1590/1006/1
f 1582/1009/1 1589/1008/1 1581/1005/1
f 1609/1010/1 1617/1004/1 1608/1007/1
f 1582/1009/1 1588/1011/1 1589/1008/1
f 1609/1010/1 1616/1012/1 1617/1004/1
f 1583/1013/1 1588/1011/1 1582/1009/1
f 1559/938/1 1560/1014/1 1561/966/1
f 1583/1013/1 1587/1015/1 1588/1011/1
f 1610/1016/1 1616/1012/1 1609/1010/1
f 1584/1017/1 1587/1015/1 1583/1013/1
f 1611/49/1 1616/1012/1 1610/1016/1
f 1611/49/1 1615/1018/1 1616/1012/1
f 1585/1019/1 1587/1015/1 1584/1017/1
f 1612/1020/1 1615/1018/1 1611/49/1
f 1612/1020/1 1614/1021/1 1615/1018/1
f 1586/1022/1 1587/1015/1 1585/1019/1
f 1613/1023/1 1614/1021/1 1612/1020/1
f 1703/196/1 1701/197/1 1702/198/1
f 1704/199/1 1701/197/1 1703/196/1
f 1704/199/1 1700/200/1 1701/197/1
f 1705/201/1 1700/200/1 1704/199/1
f 1706/202/1 1700/200/1 1705/201/1
f 1706/202/1 1699/203/1 1700/200/1
f 1707/204/1 1699/203/1 1706/202/1
f 1707/204/1 1698/205/1 1699/203/1
f 1708/206/1 1698/205/1 1707/204/1
f 1709/207/1 1698/205/1 1708/206/1
f 1709/207/1 1697/208/1 1698/205/1
f 1710/209/1 1697/208/1 1709/207/1
f 1710/209/1 1696/210/1 1697/208/1
f 1711/211/1 1696/210/1 1710/209/1
f 1712/212/1 1696/210/1 1711/211/1
f 1712/212/1 1695/213/1 1696/210/1
f 1713/214/1 1695/213/1 1712/212/1
f 1713/214/1 1694/215/1 1695/213/1
f 1714/216/1 1694/215/1 1713/214/1
f 1715/217/1 1716/218/1 1714/216/1
f 1716/218/1 1717/219/1 1714/216/1
f 1717/219/1 1718/220/1 1714/216/1
f 1718/220/1 1719/221/1 1714/216/1
f 1719/221/1 1720/222/1 1714/216/1
f 1720/222/1 1721/223/1 1714/216/1
f 1721/223/1 1722/224/1 1714/216/1
f 1722/224/1 1723/225/1 1714/216/1
f 1723/225/1 1724/226/1 1714/216/1
f 1724/226/1 1725/227/1 1714/216/1
f 1725/227/1 1694/215/1 1714/216/1
f 1725/227/1 1726/228/1 1694/215/1
f 1726/228/1 1727/229/1 1694/215/1
f 1727/229/1 1693/230/1 1694/215/1
f 1727/229/1 1728/231/1 1693/230/1
f 1728/231/1 1692/232/1 1693/230/1
f 1729/233/1 1692/232/1 1728/231/1
f 1730/234/1 1692/232/1 1729/233/1
f 1731/235/1 1692/232/1 1730/234/1
f 1732/236/1 1692/232/1 1731/235/1
f 1733/237/1 1692/232/1 1732/236/1
f 1733/237/1 1691/238/1 1692/232/1
f 1734/239/1 1691/238/1 1733/237/1
f 1735/240/1 1691/238/1 1734/239/1
f 1736/241/1 1691/238/1 1735/240/1
f 1736/241/1 1690/242/1 1691/238/1
f 1737/243/1 1690/242/1 1736/241/1
f 1738/244/1 1690/242/1 1737/243/1
f 1738/244/1 1689/245/1 1690/242/1
f 1739/246/1 1689/245/1 1738/244/1
f 1740/247/1 1689/245/1 1739/246/1
f 1741/248/1 1838/48/1 1740/247/1
f 1838/48/1 1689/245/1 1740/247/1
f 1742/249/1 1838/48/1 1741/248/1
f 1743/250/1 1838/48/1 1742/249/1
f 1744/251/1 1838/48/1 1743/250/1
f 1745/252/1 1838/48/1 1744/251/1
f 1745/252/1 1837/253/1 1838/48/1
f 1802/254/1 1689/245/1 1838/48/1
f 1745/252/1 1836/255/1 1837/253/1
f 1746/256/1 1836/255/1 1745/252/1
f 1746/256/1 1835/257/1 1836/255/1
f 1747/258/1 1835/257/1 1746/256/1
f 1747/258/1 1834/259/1 1835/257/1
f 1748/260/1 1834/259/1 1747/258/1
f 1748/260/1 1833/261/1 1834/259/1
f 1748/260/1 1832/262/1 1833/261/1
f 1749/263/1 1832/262/1 1748/260/1
f 1749/263/1 1831/264/1 1832/262/1
f 1750/265/1 1831/264/1 1749/263/1
f 1750/265/1 1830/266/1 1831/264/1
f 1750/265/1 1829/267/1 1830/266/1
f 1751/268/1 1829/267/1 1750/265/1
f 1751/268/1 1828/269/1 1829/267/1
f 1751/268/1 1827/270/1 1828/269/1
f 1752/271/1 1827/270/1 1751/268/1
f 1752/271/1 1826/272/1 1827/270/1
f 1753/273/1 1826/272/1 1752/271/1
f 1753/273/1 1825/274/1 1826/272/1
f 1753/273/1 1824/275/1 1825/274/1
f 1754/276/1 1824/275/1 1753/273/1
f 1754/276/1 1823/277/1 1824/275/1
f 1754/276/1 1822/278/1 1823/277/1
f 1803/279/1 1689/245/1 1802/254/1
f 1755/280/1 1822/278/1 1754/276/1
f 1804/281/1 1689/245/1 1803/279/1
f 1755/280/1 1821/282/1 1822/278/1
f 1805/283/1 1689/245/1 1804/281/1
f 1666/284/1 1801/285/1 1665/63/1
f 1805/283/1 1688/286/1 1689/245/1
f 1755/280/1 1820/287/1 1821/282/1
f 1667/288/1 1801/285/1 1666/284/1
f 1806/289/1 1688/286/1 1805/283/1
f 1806/289/1 1687/290/1 1688/286/1
f 1668/291/1 1801/285/1 1667/288/1
f 1756/292/1 1820/287/1 1755/280/1
f 1756/292/1 1819/293/1 1820/287/1
f 1806/289/1 1686/294/1 1687/290/1
f 1807/295/1 1686/294/1 1806/289/1
f 1669/296/1 1801/285/1 1668/291/1
f 1807/295/1 1685/297/1 1686/294/1
f 1808/298/1 1685/297/1 1807/295/1
f 1670/299/1 1801/285/1 1669/296/1
f 1756/292/1 1818/300/1 1819/293/1
f 1808/298/1 1684/301/1 1685/297/1
f 1671/302/1 1801/285/1 1670/299/1
f 1809/303/1 1684/301/1 1808/298/1
f 1809/303/1 1683/304/1 1684/301/1
f 1672/305/1 1801/285/1 1671/302/1
f 1756/292/1 1817/306/1 1818/300/1
f 1809/303/1 1682/307/1 1683/304/1
f 1810/308/1 1682/307/1 1809/303/1
f 1673/309/1 1801/285/1 1672/305/1
f 1810/308/1 1681/310/1 1682/307/1
f 1757/311/1 1817/306/1 1756/292/1
f 1674/312/1 1801/285/1 1673/309/1
f 1757/311/1 1816/313/1 1817/306/1
f 1811/314/1 1681/310/1 1810/308/1
f 1811/314/1 1680/315/1 1681/310/1
f 1675/316/1 1801/285/1 1674/312/1
f 1811/314/1 1679/317/1 1680/315/1
f 1676/318/1 1801/285/1 1675/316/1
f 1812/319/1 1679/317/1 1811/314/1
f 1812/319/1 1678/320/1 1679/317/1
f 1677/321/2 1801/285/2 1676/318/2
f 1812/319/2 1677/321/2 1678/320/2
f 1757/311/1 1815/322/1 1816/313/1
f 1812/319/1 1801/285/1 1677/321/1
f 1813/323/1 1801/285/1 1812/319/1
f 1757/311/1 1814/324/1 1815/322/1
f 1814/324/1 1801/285/1 1813/323/1
f 1757/311/1 1777/325/1 1814/324/1
f 1777/325/1 1801/285/1 1814/324/1
f 1758/326/1 1777/325/1 1757/311/1
f 1758/326/1 1776/327/1 1777/325/1
f 1778/328/1 1801/285/1 1777/325/1
f 1759/329/1 1776/327/1 1758/326/1
f 1759/329/1 1775/330/1 1776/327/1
f 1779/331/1 1801/285/1 1778/328/1
f 1779/331/1 1800/332/1 1801/285/1
f 1760/333/1 1775/330/1 1759/329/1
f 1760/333/1 1774/334/1 1775/330/1
f 1780/335/1 1800/332/1 1779/331/1
f 1780/335/1 1799/336/1 1800/332/1
f 1760/333/1 1773/337/1 1774/334/1
f 1781/338/1 1799/336/1 1780/335/1
f 1761/339/1 1773/337/1 1760/333/1
f 1781/338/1 1798/340/1 1799/336/1
f 1761/339/1 1772/341/1 1773/337/1
f 1782/342/1 1798/340/1 1781/338/1
f 1782/342/1 1797/343/1 1798/340/1
f 1762/344/1 1772/341/1 1761/339/1
f 1762/344/1 1771/345/1 1772/341/1
f 1783/346/1 1797/343/1 1782/342/1
f 1783/346/1 1796/347/1 1797/343/1
f 1762/344/1 1770/348/1 1771/345/1
f 1784/349/1 1796/347/1 1783/346/1
f 1784/349/1 1795/350/1 1796/347/1
f 1763/351/1 1770/348/1 1762/344/1
f 1763/351/1 1769/352/1 1770/348/1
f 1785/353/1 1795/350/1 1784/349/1
f 1785/353/1 1794/354/1 1795/350/1
f 1763/351/1 1768/355/1 1769/352/1
f 1785/353/1 1793/356/1 1794/354/1
f 1786/357/1 1793/356/1 1785/353/1
f 1764/358/1 1768/355/1 1763/351/1
f 1786/357/1 1792/359/1 1793/356/1
f 1764/358/1 1767/360/1 1768/355/1
f 1787/361/1 1792/359/1 1786/357/1
f 1787/361/1 1791/362/1 1792/359/1
f 1764/358/1 1766/363/1 1767/360/1
f 1788/364/1 1791/362/1 1787/361/1
f 1765/365/1 1766/363/1 1764/358/1
f 1788/364/1 1790/366/1 1791/362/1
f 1789/367/2 1790/366/2 1788/364/2
f 1905/1024/1 1903/1025/1 1904/1026/1
f 1905/1024/1 1902/1027/1 1903/1025/1
f 1905/1024/1 1901/1028/1 1902/1027/1
f 1905/1024/1 1900/1029/1 1901/1028/1
f 1906/1030/1 1900/1029/1 1905/1024/1
f 1906/1030/1 1899/1031/1 1900/1029/1
f 1906/1030/1 1898/1032/1 1899/1031/1
f 1906/1030/1 1897/1033/1 1898/1032/1
f 1907/1034/1 1897/1033/1 1906/1030/1
f 1907/1034/1 1896/1035/1 1897/1033/1
f 1907/1034/1 1895/1036/1 1896/1035/1
f 1908/1037/1 1895/1036/1 1907/1034/1
f 1908/1037/1 1894/1038/1 1895/1036/1
f 1908/1037/1 1893/1039/1 1894/1038/1
f 1909/1040/1 1893/1039/1 1908/1037/1
f 1909/1040/1 1892/1041/1 1893/1039/1
f 1909/1040/1 1881/1042/1 1892/1041/1
f 1881/1042/1 1882/1043/1 1892/1041/1
f 1882/1043/1 1883/1044/1 1892/1041/1
f 1883/1044/1 1884/1045/1 1892/1041/1
f 1884/1045/1 1885/1046/1 1892/1041/1
f 1885/1046/1 1886/1047/1 1892/1041/1
f 1886/1047/1 1887/1048/1 1892/1041/1
f 1887/1048/1 1888/1049/1 1892/1041/1
f 1888/1049/1 1889/1050/1 1892/1041/1
f 1889/1050/1 1890/1051/1 1892/1041/1
f 1890/1051/1 1891/1052/1 1892/1041/1
f 1910/1053/1 1879/1054/1 1909/1040/1
f 1879/1054/1 1880/1055/1 1909/1040/1
f 1880/1055/1 1881/1042/1 1909/1040/1
f 1910/1053/1 1878/1056/1 1879/1054/1
f 1910/1053/1 1877/1057/1 1878/1056/1
f 1910/1053/1 1876/1058/1 1877/1057/1
f 1911/1059/1 1876/1058/1 1910/1053/1
f 1911/1059/1 1875/1060/1 1876/1058/1
f 1911/1059/1 1874/1061/1 1875/1060/1
f 1912/1062/1 1874/1061/1 1911/1059/1
f 1912/1062/1 1873/1063/1 1874/1061/1
f 1912/1062/1 1872/1064/1 1873/1063/1
f 1913/1065/1 1872/1064/1 1912/1062/1
f 1913/1065/1 1871/1066/1 1872/1064/1
f 1914/1067/1 1871/1066/1 1913/1065/1
f 1914/1067/1 1870/1068/1 1871/1066/1
f 1914/1067/1 1869/1069/1 1870/1068/1
f 1915/1070/1 1869/1069/1 1914/1067/1
f 1915/1070/1 1868/1071/1 1869/1069/1
f 1916/1072/1 1868/1071/1 1915/1070/1
f 1916/1072/1 1867/1073/1 1868/1071/1
f 1916/1072/1 1866/1074/1 1867/1073/1
f 1917/1075/1 1866/1074/1 1916/1072/1
f 1841/1076/1 1839/63/1 1840/1077/1
f 1841/1076/1 1842/1078/1 1839/63/1
f 1842/1078/1 1940/48/1 1839/63/1
f 1917/1075/1 1865/1079/1 1866/1074/1
f 1918/1080/1 1865/1079/1 1917/1075/1
f 1918/1080/1 1864/1081/1 1865/1079/1
f 1843/1082/1 1940/48/1 1842/1078/1
f 1919/1083/1 1864/1081/1 1918/1080/1
f 1919/1083/1 1863/1084/1 1864/1081/1
f 1919/1083/1 1862/1085/1 1863/1084/1
f 1920/1086/1 1862/1085/1 1919/1083/1
f 1920/1086/1 1861/1087/1 1862/1085/1
f 1921/1088/1 1861/1087/1 1920/1086/1
f 1921/1088/1 1860/1089/1 1861/1087/1
f 1921/1088/1 1859/1090/1 1860/1089/1
f 1922/1091/1 1859/1090/1 1921/1088/1
f 1922/1091/1 1858/1092/1 1859/1090/1
f 1844/1093/1 1940/48/1 1843/1082/1
f 1845/1094/1 1940/48/1 1844/1093/1
f 1846/1095/1 1940/48/1 1845/1094/1
f 1922/1091/1 1857/1096/1 1858/1092/1
f 1847/1097/1 1940/48/1 1846/1095/1
f 1848/1098/1 1940/48/1 1847/1097/1
f 1849/1099/1 1940/48/1 1848/1098/1
f 1922/1091/1 1856/1100/1 1857/1096/1
f 1923/1101/1 1856/1100/1 1922/1091/1
f 1850/1102/1 1940/48/1 1849/1099/1
f 1851/1103/1 1940/48/1 1850/1102/1
f 1852/1104/1 1940/48/1 1851/1103/1
f 1923/1101/1 1855/1105/1 1856/1100/1
f 1853/1106/1 1940/48/1 1852/1104/1
f 1854/1107/1 1940/48/1 1853/1106/1
f 1855/1105/1 1940/48/1 1854/1107/1
f 1923/1101/1 1940/48/1 1855/1105/1
f 1924/1108/1 1940/48/1 1923/1101/1
f 1924/1108/1 1939/1109/1 1940/48/1
f 1924/1108/1 1938/1110/1 1939/1109/1
f 1925/1111/1 1938/1110/1 1924/1108/1
f 1925/1111/1 1937/1112/1 1938/1110/1
f 1925/1111/1 1936/1113/1 1937/1112/1
f 1926/1114/1 1936/1113/1 1925/1111/1
f 1926/1114/1 1935/1115/1 1936/1113/1
f 1926/1114/1 1934/1116/1 1935/1115/1
f 1926/1114/1 1933/1117/1 1934/1116/1
f 1927/1118/1 1933/1117/1 1926/1114/1
f 1927/1118/1 1932/1119/1 1933/1117/1
f 1927/1118/1 1931/1120/1 1932/1119/1
f 1927/1118/1 1930/1121/1 1931/1120/1
f 1928/1122/1 1930/1121/1 1927/1118/1
f 1928/1122/1 1929/1123/1 1930/1121/1
